Unnamed: 0,Unnamed: 1,Unnamed: 2,04/18/2002,05/10/2002,08/16/2002,09/16/2002,10/16/2002,11/16/2002,12/16/2002,01/16/2003,02/15/2003,03/16/2003,04/16/2003,05/11/2003,07/16/2003,08/16/2003,09/16/2003,10/16/2003,11/16/2003,12/16/2003,01/07/2004,02/17/2004,03/16/2004,04/16/2004,05/16/2004,06/16/2004,07/16/2004,08/16/2004,09/16/2004,10/16/2004,11/16/2004,12/16/2004,01/16/2005,02/15/2005,03/16/2005,04/16/2005,05/16/2005,06/16/2005,07/16/2005,08/16/2005,09/16/2005,10/16/2005,11/16/2005,12/16/2005,01/16/2006,02/15/2006,03/16/2006,04/16/2006,05/16/2006,06/16/2006,07/16/2006,08/16/2006,09/16/2006,10/16/2006,11/16/2006,12/16/2006,01/16/2007,02/14/2007,03/16/2007,04/16/2007,05/16/2007,06/16/2007,07/16/2007,08/16/2007,09/16/2007,10/16/2007,11/16/2007,12/16/2007,01/16/2008,02/15/2008,03/16/2008,04/16/2008,05/16/2008,06/16/2008,07/16/2008,08/16/2008,09/16/2008,10/16/2008,11/16/2008,12/16/2008,01/16/2009,02/15/2009,03/16/2009,04/16/2009,05/16/2009,06/16/2009,07/16/2009,08/16/2009,09/16/2009,10/16/2009,11/16/2009,12/16/2009,01/16/2010,02/15/2010,03/16/2010,04/16/2010,05/16/2010,06/16/2010,07/16/2010,08/16/2010,09/16/2010,10/16/2010,11/16/2010,12/14/2010,02/18/2011,03/16/2011,04/16/2011,05/16/2011,07/18/2011,08/16/2011,09/16/2011,10/16/2011,10/31/2011,12/28/2011,01/16/2012,02/15/2012,03/16/2012,04/04/2012,06/16/2012,07/16/2012,08/16/2012,09/13/2012,11/18/2012,12/16/2012,01/16/2013,02/14/2013,04/21/2013,05/16/2013,06/16/2013,07/16/2013,10/16/2013,11/16/2013,12/16/2013,01/09/2014,03/17/2014,04/16/2014,05/16/2014,06/13/2014,08/16/2014,09/16/2014,10/16/2014,11/16/2014,01/22/2015,02/15/2015,03/16/2015,04/16/2015,04/27/2015,07/15/2015,08/16/2015,09/14/2015,12/23/2015,01/16/2016,02/14/2016,03/16/2016,05/20/2016,06/16/2016,07/15/2016,08/21/2016,11/27/2016,12/24/2016,01/21/2017,03/31/2017,04/24/2017,05/13/2017,06/10/2017,06/16/2018,07/10/2018,10/31/2018,11/16/2018,12/16/2018,01/16/2019,02/15/2019,03/16/2019,04/16/2019,05/16/2019,06/16/2019,07/16/2019,08/16/2019,09/16/2019,10/16/2019,11/16/2019,12/16/2019,01/16/2020,02/15/2020,03/16/2020,04/16/2020,05/16/2020,06/16/2020,07/16/2020,08/16/2020,09/16/2020,10/16/2020,11/16/2020,12/16/2020,01/16/2021,02/15/2021,03/16/2021,04/16/2021,05/16/2021,06/16/2021,07/16/2021,08/16/2021,09/16/2021,10/16/2021,11/16/2021,12/16/2021,01/16/2022,02/15/2022,03/16/2022,04/16/2022,05/16/2022,06/16/2022,07/16/2022,08/16/2022,09/16/2022,10/16/2022,11/16/2022,12/16/2022,01/16/2023,02/15/2023,03/16/2023,04/16/2023,05/16/2023,06/16/2023,07/16/2023,08/16/2023,09/16/2023,10/16/2023,11/16/2023,12/16/2023,01/16/2024,02/15/2024,03/16/2024,04/16/2024,05/16/2024,06/16/2024,07/16/2024,08/16/2024,09/16/2024,10/16/2024
1,52.625,21.375,8.47,5.08,-4.15,-6.35,-3.59,2.01,-0.56,3.62,5.46,7.21,4.39,2.43,-3.95,-6.43,-6.06,-4.56,-4.0,-3.21,0.74,6.18,6.53,6.42,2.01,-2.21,-1.15,-3.96,-5.5,-5.69,-2.85,-0.51,3.12,6.86,8.74,5.36,6.23,1.1,-3.65,-2.63,-5.77,-5.88,-5.92,-2.77,-0.77,1.74,5.63,5.47,-0.84,-1.15,-8.37,-6.0,-0.09,-4.54,0.26,-0.09,2.67,7.57,8.16,5.68,1.37,-3.59,-1.4,-0.7,-2.19,-4.02,-3.0,-1.04,-1.87,4.06,7.58,6.93,2.83,-3.6,-3.13,-3.34,-7.0,-4.67,-3.8,-0.33,0.97,2.73,5.82,3.82,0.08,1.1,0.04,-3.71,-6.83,-3.25,-2.23,2.21,5.49,6.25,8.0,6.75,6.67,1.54,-1.69,-0.87,2.41,0.71,4.14,10.73,9.8,12.07,7.99,3.97,5.76,9.62,3.21,-1.73,-2.76,-0.3,3.5,2.75,5.96,5.25,-1.03,-2.58,-1.92,-2.76,-1.04,1.36,3.89,5.33,14.92,6.92,2.43,-1.71,-2.07,-0.81,2.29,4.65,5.68,4.33,1.84,-0.31,-6.78,-5.64,-6.97,-9.51,-0.95,0.32,1.27,-0.62,-1.14,-11.5,-15.91,-21.24,-7.2,-14.48,-4.01,-2.08,-6.06,-9.67,-9.72,-13.52,-3.44,-1.25,0.89,3.0,2.69,-0.76,-4.94,-7.55,-6.13,-5.75,-4.91,-8.83,-3.55,-0.99,-1.57,-4.85,-2.66,-7.66,-13.91,-14.2,-17.1,-14.61,-14.26,-14.53,-10.79,-9.76,-4.8,-3.85,-5.16,-7.97,-12.37,-15.17,-12.51,-12.75,-7.96,-8.47,-3.97,0.76,1.34,-0.34,-4.27,-10.14,-14.19,-8.49,-6.48,-9.72,-12.29,-3.26,-1.43,3.73,2.48,1.28,-3.73,-5.95,-6.22,-9.28,-13.12,-11.58,-11.47,-6.94,-0.27,0.6,0.39,7.49,-2.97,-11.52,-13.44,-12.21,-20.83,-14.65,-10.76,-6.29,-1.43,2.25,3.47,1.19,-0.4,-3.88,-6.7,-8.64,-17.66,-16.48
2,52.375,21.375,8.47,5.08,-4.15,-6.35,-3.59,2.01,-0.56,3.62,5.46,7.21,4.39,2.43,-3.95,-6.43,-6.06,-4.56,-4.0,-3.21,0.74,6.18,6.53,6.42,2.01,-2.21,-1.15,-3.96,-5.5,-5.69,-2.85,-0.51,3.12,6.86,8.74,5.36,6.23,1.1,-3.65,-2.63,-5.77,-5.88,-5.92,-2.77,-0.77,1.74,5.63,5.47,-0.84,-1.15,-8.37,-6.0,-0.09,-4.54,0.26,-0.09,2.67,7.57,8.16,5.68,1.37,-3.59,-1.4,-0.7,-2.19,-4.02,-3.0,-1.04,-1.87,4.06,7.58,6.93,2.83,-3.6,-3.13,-3.34,-7.0,-4.67,-3.8,-0.33,0.97,2.73,5.82,3.82,0.08,1.1,0.04,-3.71,-6.83,-3.25,-2.23,2.21,5.49,6.25,8.0,6.75,6.67,1.54,-1.69,-0.87,2.41,0.71,4.14,10.73,9.8,12.07,7.99,3.97,5.76,9.62,3.21,-1.73,-2.76,-0.3,3.5,2.75,5.96,5.25,-1.03,-2.58,-1.92,-2.76,-1.04,1.36,3.89,5.33,14.92,6.92,2.43,-1.71,-2.07,-0.81,2.29,4.65,5.68,4.33,1.84,-0.31,-6.78,-5.64,-6.97,-9.51,-0.95,0.32,1.27,-0.62,-1.14,-11.5,-15.91,-21.24,-7.2,-14.48,-4.01,-2.08,-6.06,-9.67,-9.72,-13.52,-3.44,-1.25,0.89,3.0,2.69,-0.76,-4.94,-7.55,-6.13,-5.75,-4.91,-8.83,-3.55,-0.99,-1.57,-4.85,-2.66,-7.66,-13.91,-14.2,-17.1,-14.61,-14.26,-14.53,-10.79,-9.76,-4.8,-3.85,-5.16,-7.97,-12.37,-15.17,-12.51,-12.75,-7.96,-8.47,-3.97,0.76,1.34,-0.34,-4.27,-10.14,-14.19,-8.49,-6.48,-9.72,-12.29,-3.26,-1.43,3.73,2.48,1.28,-3.73,-5.95,-6.22,-9.28,-13.12,-11.58,-11.47,-6.94,-0.27,0.6,0.39,7.49,-2.97,-11.52,-13.44,-12.21,-20.83,-14.65,-10.76,-6.29,-1.43,2.25,3.47,1.19,-0.4,-3.88,-6.7,-8.64,-17.66,-16.48
3,52.875,21.625,7.71,4.54,-4.11,-6.59,-4.44,0.56,0.14,3.53,5.23,6.2,3.74,1.11,-3.31,-6.03,-4.49,-4.46,-3.7,-1.67,2.63,6.38,6.64,6.03,0.82,-2.05,-0.04,-3.76,-5.07,-5.25,-2.64,0.36,3.46,7.58,8.06,4.58,5.14,1.11,-3.22,-2.38,-4.69,-6.01,-6.2,-1.97,0.43,1.42,3.99,3.93,-2.3,-1.44,-8.04,-6.51,-1.43,-5.06,0.17,0.23,2.75,8.39,7.61,5.13,0.95,-3.07,-0.69,-0.63,-2.4,-3.45,-3.28,0.18,-0.57,4.61,7.79,6.87,2.51,-4.31,-2.87,-3.58,-5.97,-5.78,-3.82,0.4,1.8,2.56,4.66,2.99,-0.78,1.22,-0.54,-3.77,-5.92,-2.96,-2.83,1.92,5.68,5.51,7.35,6.15,6.03,1.19,-2.01,-2.21,0.06,-0.51,4.23,8.82,10.75,10.5,7.89,3.5,4.2,5.42,2.32,-1.56,-2.37,0.38,4.02,3.45,6.14,5.25,-0.79,-1.89,-1.69,-2.79,0.41,1.22,4.14,5.28,11.34,5.36,0.52,-1.08,-2.95,-1.62,1.28,4.8,4.94,4.01,1.83,-0.96,-7.9,-6.17,-7.56,-10.92,-0.22,1.08,1.69,-0.43,-1.13,-9.22,-12.84,-16.93,-2.84,-9.35,-2.08,-0.94,-5.87,-8.38,-7.89,-10.03,-3.38,-0.71,1.79,2.72,2.63,0.45,-4.25,-5.2,-4.33,-4.37,-3.08,-7.18,-1.03,0.97,1.72,1.19,-1.75,-5.8,-9.53,-11.3,-11.79,-8.62,-9.13,-8.89,-5.02,-0.94,5.23,2.01,-0.3,-3.52,-10.65,-12.21,-9.42,-13.25,-6.42,-7.77,-3.7,1.72,1.85,0.33,-0.97,-6.57,-13.0,-7.75,-5.35,-9.95,-8.37,-1.85,-0.65,3.64,4.5,2.36,-1.64,-4.75,-4.5,-7.67,-10.32,-9.6,-7.71,-6.2,0.27,0.56,0.99,1.83,-3.41,-13.17,-14.32,-10.73,-16.11,-10.57,-10.22,-6.35,-1.52,2.14,3.62,0.94,0.92,-4.15,-6.0,-7.77,-10.67,-12.95
4,52.625,21.625,8.47,5.08,-4.15,-6.35,-3.59,2.01,-0.56,3.62,5.46,7.21,4.39,2.43,-3.95,-6.43,-6.06,-4.56,-4.0,-3.21,0.74,6.18,6.53,6.42,2.01,-2.21,-1.15,-3.96,-5.5,-5.69,-2.85,-0.51,3.12,6.86,8.74,5.36,6.23,1.1,-3.65,-2.63,-5.77,-5.88,-5.92,-2.77,-0.77,1.74,5.63,5.47,-0.84,-1.15,-8.37,-6.0,-0.09,-4.54,0.26,-0.09,2.67,7.57,8.16,5.68,1.37,-3.59,-1.4,-0.7,-2.19,-4.02,-3.0,-1.04,-1.87,4.06,7.58,6.93,2.83,-3.6,-3.13,-3.34,-7.0,-4.67,-3.8,-0.33,0.97,2.73,5.82,3.82,0.08,1.1,0.04,-3.71,-6.83,-3.25,-2.23,2.21,5.49,6.25,8.0,6.75,6.67,1.54,-1.69,-0.87,2.41,0.71,4.14,10.73,9.8,12.07,7.99,3.97,5.76,9.62,3.21,-1.73,-2.76,-0.3,3.5,2.75,5.96,5.25,-1.03,-2.58,-1.92,-2.76,-1.04,1.36,3.89,5.33,14.92,6.92,2.43,-1.71,-2.07,-0.81,2.29,4.65,5.68,4.33,1.84,-0.31,-6.78,-5.64,-6.97,-9.51,-0.95,0.32,1.27,-0.62,-1.14,-11.5,-15.91,-21.24,-7.2,-14.48,-4.01,-2.08,-6.06,-9.67,-9.72,-13.52,-3.44,-1.25,0.89,3.0,2.69,-0.76,-4.94,-7.55,-6.13,-5.75,-4.91,-8.83,-3.55,-0.99,-1.57,-4.85,-2.66,-7.66,-13.91,-14.2,-17.1,-14.61,-14.26,-14.53,-10.79,-9.76,-4.8,-3.85,-5.16,-7.97,-12.37,-15.17,-12.51,-12.75,-7.96,-8.47,-3.97,0.76,1.34,-0.34,-4.27,-10.14,-14.19,-8.49,-6.48,-9.72,-12.29,-3.26,-1.43,3.73,2.48,1.28,-3.73,-5.95,-6.22,-9.28,-13.12,-11.58,-11.47,-6.94,-0.27,0.6,0.39,7.49,-2.97,-11.52,-13.44,-12.21,-20.83,-14.65,-10.76,-6.29,-1.43,2.25,3.47,1.19,-0.4,-3.88,-6.7,-8.64,-17.66,-16.48
5,52.375,21.625,8.47,5.08,-4.15,-6.35,-3.59,2.01,-0.56,3.62,5.46,7.21,4.39,2.43,-3.95,-6.43,-6.06,-4.56,-4.0,-3.21,0.74,6.18,6.53,6.42,2.01,-2.21,-1.15,-3.96,-5.5,-5.69,-2.85,-0.51,3.12,6.86,8.74,5.36,6.23,1.1,-3.65,-2.63,-5.77,-5.88,-5.92,-2.77,-0.77,1.74,5.63,5.47,-0.84,-1.15,-8.37,-6.0,-0.09,-4.54,0.26,-0.09,2.67,7.57,8.16,5.68,1.37,-3.59,-1.4,-0.7,-2.19,-4.02,-3.0,-1.04,-1.87,4.06,7.58,6.93,2.83,-3.6,-3.13,-3.34,-7.0,-4.67,-3.8,-0.33,0.97,2.73,5.82,3.82,0.08,1.1,0.04,-3.71,-6.83,-3.25,-2.23,2.21,5.49,6.25,8.0,6.75,6.67,1.54,-1.69,-0.87,2.41,0.71,4.14,10.73,9.8,12.07,7.99,3.97,5.76,9.62,3.21,-1.73,-2.76,-0.3,3.5,2.75,5.96,5.25,-1.03,-2.58,-1.92,-2.76,-1.04,1.36,3.89,5.33,14.92,6.92,2.43,-1.71,-2.07,-0.81,2.29,4.65,5.68,4.33,1.84,-0.31,-6.78,-5.64,-6.97,-9.51,-0.95,0.32,1.27,-0.62,-1.14,-11.5,-15.91,-21.24,-7.2,-14.48,-4.01,-2.08,-6.06,-9.67,-9.72,-13.52,-3.44,-1.25,0.89,3.0,2.69,-0.76,-4.94,-7.55,-6.13,-5.75,-4.91,-8.83,-3.55,-0.99,-1.57,-4.85,-2.66,-7.66,-13.91,-14.2,-17.1,-14.61,-14.26,-14.53,-10.79,-9.76,-4.8,-3.85,-5.16,-7.97,-12.37,-15.17,-12.51,-12.75,-7.96,-8.47,-3.97,0.76,1.34,-0.34,-4.27,-10.14,-14.19,-8.49,-6.48,-9.72,-12.29,-3.26,-1.43,3.73,2.48,1.28,-3.73,-5.95,-6.22,-9.28,-13.12,-11.58,-11.47,-6.94,-0.27,0.6,0.39,7.49,-2.97,-11.52,-13.44,-12.21,-20.83,-14.65,-10.76,-6.29,-1.43,2.25,3.47,1.19,-0.4,-3.88,-6.7,-8.64,-17.66,-16.48
6,52.875,21.875,8.47,5.08,-4.15,-6.35,-3.59,2.01,-0.56,3.62,5.46,7.21,4.39,2.43,-3.95,-6.43,-6.06,-4.56,-4.0,-3.21,0.74,6.18,6.53,6.42,2.01,-2.21,-1.15,-3.96,-5.5,-5.69,-2.85,-0.51,3.12,6.86,8.74,5.36,6.23,1.1,-3.65,-2.63,-5.77,-5.88,-5.92,-2.77,-0.77,1.74,5.63,5.47,-0.84,-1.15,-8.37,-6.0,-0.09,-4.54,0.26,-0.09,2.67,7.57,8.16,5.68,1.37,-3.59,-1.4,-0.7,-2.19,-4.02,-3.0,-1.04,-1.87,4.06,7.58,6.93,2.83,-3.6,-3.13,-3.34,-7.0,-4.67,-3.8,-0.33,0.97,2.73,5.82,3.82,0.08,1.1,0.04,-3.71,-6.83,-3.25,-2.23,2.21,5.49,6.25,8.0,6.75,6.67,1.54,-1.69,-0.87,2.41,0.71,4.14,10.73,9.8,12.07,7.99,3.97,5.76,9.62,3.21,-1.73,-2.76,-0.3,3.5,2.75,5.96,5.25,-1.03,-2.58,-1.92,-2.76,-1.04,1.36,3.89,5.33,14.92,6.92,2.43,-1.71,-2.07,-0.81,2.29,4.65,5.68,4.33,1.84,-0.31,-6.78,-5.64,-6.97,-9.51,-0.95,0.32,1.27,-0.62,-1.14,-11.5,-15.91,-21.24,-7.2,-14.48,-4.01,-2.08,-6.06,-9.67,-9.72,-13.52,-3.44,-1.25,0.89,3.0,2.69,-0.76,-4.94,-7.55,-6.13,-5.75,-4.91,-8.83,-3.55,-0.99,-1.57,-4.85,-2.66,-7.66,-13.91,-14.2,-17.1,-14.61,-14.26,-14.53,-10.79,-9.76,-4.8,-3.85,-5.16,-7.97,-12.37,-15.17,-12.51,-12.75,-7.96,-8.47,-3.97,0.76,1.34,-0.34,-4.27,-10.14,-14.19,-8.49,-6.48,-9.72,-12.29,-3.26,-1.43,3.73,2.48,1.28,-3.73,-5.95,-6.22,-9.28,-13.12,-11.58,-11.47,-6.94,-0.27,0.6,0.39,7.49,-2.97,-11.52,-13.44,-12.21,-20.83,-14.65,-10.76,-6.29,-1.43,2.25,3.47,1.19,-0.4,-3.88,-6.7,-8.64,-17.66,-16.48
7,52.625,21.875,8.47,5.08,-4.15,-6.35,-3.59,2.01,-0.56,3.62,5.46,7.21,4.39,2.43,-3.95,-6.43,-6.06,-4.56,-4.0,-3.21,0.74,6.18,6.53,6.42,2.01,-2.21,-1.15,-3.96,-5.5,-5.69,-2.85,-0.51,3.12,6.86,8.74,5.36,6.23,1.1,-3.65,-2.63,-5.77,-5.88,-5.92,-2.77,-0.77,1.74,5.63,5.47,-0.84,-1.15,-8.37,-6.0,-0.09,-4.54,0.26,-0.09,2.67,7.57,8.16,5.68,1.37,-3.59,-1.4,-0.7,-2.19,-4.02,-3.0,-1.04,-1.87,4.06,7.58,6.93,2.83,-3.6,-3.13,-3.34,-7.0,-4.67,-3.8,-0.33,0.97,2.73,5.82,3.82,0.08,1.1,0.04,-3.71,-6.83,-3.25,-2.23,2.21,5.49,6.25,8.0,6.75,6.67,1.54,-1.69,-0.87,2.41,0.71,4.14,10.73,9.8,12.07,7.99,3.97,5.76,9.62,3.21,-1.73,-2.76,-0.3,3.5,2.75,5.96,5.25,-1.03,-2.58,-1.92,-2.76,-1.04,1.36,3.89,5.33,14.92,6.92,2.43,-1.71,-2.07,-0.81,2.29,4.65,5.68,4.33,1.84,-0.31,-6.78,-5.64,-6.97,-9.51,-0.95,0.32,1.27,-0.62,-1.14,-11.5,-15.91,-21.24,-7.2,-14.48,-4.01,-2.08,-6.06,-9.67,-9.72,-13.52,-3.44,-1.25,0.89,3.0,2.69,-0.76,-4.94,-7.55,-6.13,-5.75,-4.91,-8.83,-3.55,-0.99,-1.57,-4.85,-2.66,-7.66,-13.91,-14.2,-17.1,-14.61,-14.26,-14.53,-10.79,-9.76,-4.8,-3.85,-5.16,-7.97,-12.37,-15.17,-12.51,-12.75,-7.96,-8.47,-3.97,0.76,1.34,-0.34,-4.27,-10.14,-14.19,-8.49,-6.48,-9.72,-12.29,-3.26,-1.43,3.73,2.48,1.28,-3.73,-5.95,-6.22,-9.28,-13.12,-11.58,-11.47,-6.94,-0.27,0.6,0.39,7.49,-2.97,-11.52,-13.44,-12.21,-20.83,-14.65,-10.76,-6.29,-1.43,2.25,3.47,1.19,-0.4,-3.88,-6.7,-8.64,-17.66,-16.48
8,52.375,21.875,8.47,5.08,-4.15,-6.35,-3.59,2.01,-0.56,3.62,5.46,7.21,4.39,2.43,-3.95,-6.43,-6.06,-4.56,-4.0,-3.21,0.74,6.18,6.53,6.42,2.01,-2.21,-1.15,-3.96,-5.5,-5.69,-2.85,-0.51,3.12,6.86,8.74,5.36,6.23,1.1,-3.65,-2.63,-5.77,-5.88,-5.92,-2.77,-0.77,1.74,5.63,5.47,-0.84,-1.15,-8.37,-6.0,-0.09,-4.54,0.26,-0.09,2.67,7.57,8.16,5.68,1.37,-3.59,-1.4,-0.7,-2.19,-4.02,-3.0,-1.04,-1.87,4.06,7.58,6.93,2.83,-3.6,-3.13,-3.34,-7.0,-4.67,-3.8,-0.33,0.97,2.73,5.82,3.82,0.08,1.1,0.04,-3.71,-6.83,-3.25,-2.23,2.21,5.49,6.25,8.0,6.75,6.67,1.54,-1.69,-0.87,2.41,0.71,4.14,10.73,9.8,12.07,7.99,3.97,5.76,9.62,3.21,-1.73,-2.76,-0.3,3.5,2.75,5.96,5.25,-1.03,-2.58,-1.92,-2.76,-1.04,1.36,3.89,5.33,14.92,6.92,2.43,-1.71,-2.07,-0.81,2.29,4.65,5.68,4.33,1.84,-0.31,-6.78,-5.64,-6.97,-9.51,-0.95,0.32,1.27,-0.62,-1.14,-11.5,-15.91,-21.24,-7.2,-14.48,-4.01,-2.08,-6.06,-9.67,-9.72,-13.52,-3.44,-1.25,0.89,3.0,2.69,-0.76,-4.94,-7.55,-6.13,-5.75,-4.91,-8.83,-3.55,-0.99,-1.57,-4.85,-2.66,-7.66,-13.91,-14.2,-17.1,-14.61,-14.26,-14.53,-10.79,-9.76,-4.8,-3.85,-5.16,-7.97,-12.37,-15.17,-12.51,-12.75,-7.96,-8.47,-3.97,0.76,1.34,-0.34,-4.27,-10.14,-14.19,-8.49,-6.48,-9.72,-12.29,-3.26,-1.43,3.73,2.48,1.28,-3.73,-5.95,-6.22,-9.28,-13.12,-11.58,-11.47,-6.94,-0.27,0.6,0.39,7.49,-2.97,-11.52,-13.44,-12.21,-20.83,-14.65,-10.76,-6.29,-1.43,2.25,3.47,1.19,-0.4,-3.88,-6.7,-8.64,-17.66,-16.48
9,52.125,21.875,8.47,5.08,-4.15,-6.35,-3.59,2.01,-0.56,3.62,5.46,7.21,4.39,2.43,-3.95,-6.43,-6.06,-4.56,-4.0,-3.21,0.74,6.18,6.53,6.42,2.01,-2.21,-1.15,-3.96,-5.5,-5.69,-2.85,-0.51,3.12,6.86,8.74,5.36,6.23,1.1,-3.65,-2.63,-5.77,-5.88,-5.92,-2.77,-0.77,1.74,5.63,5.47,-0.84,-1.15,-8.37,-6.0,-0.09,-4.54,0.26,-0.09,2.67,7.57,8.16,5.68,1.37,-3.59,-1.4,-0.7,-2.19,-4.02,-3.0,-1.04,-1.87,4.06,7.58,6.93,2.83,-3.6,-3.13,-3.34,-7.0,-4.67,-3.8,-0.33,0.97,2.73,5.82,3.82,0.08,1.1,0.04,-3.71,-6.83,-3.25,-2.23,2.21,5.49,6.25,8.0,6.75,6.67,1.54,-1.69,-0.87,2.41,0.71,4.14,10.73,9.8,12.07,7.99,3.97,5.76,9.62,3.21,-1.73,-2.76,-0.3,3.5,2.75,5.96,5.25,-1.03,-2.58,-1.92,-2.76,-1.04,1.36,3.89,5.33,14.92,6.92,2.43,-1.71,-2.07,-0.81,2.29,4.65,5.68,4.33,1.84,-0.31,-6.78,-5.64,-6.97,-9.51,-0.95,0.32,1.27,-0.62,-1.14,-11.5,-15.91,-21.24,-7.2,-14.48,-4.01,-2.08,-6.06,-9.67,-9.72,-13.52,-3.44,-1.25,0.89,3.0,2.69,-0.76,-4.94,-7.55,-6.13,-5.75,-4.91,-8.83,-3.55,-0.99,-1.57,-4.85,-2.66,-7.66,-13.91,-14.2,-17.1,-14.61,-14.26,-14.53,-10.79,-9.76,-4.8,-3.85,-5.16,-7.97,-12.37,-15.17,-12.51,-12.75,-7.96,-8.47,-3.97,0.76,1.34,-0.34,-4.27,-10.14,-14.19,-8.49,-6.48,-9.72,-12.29,-3.26,-1.43,3.73,2.48,1.28,-3.73,-5.95,-6.22,-9.28,-13.12,-11.58,-11.47,-6.94,-0.27,0.6,0.39,7.49,-2.97,-11.52,-13.44,-12.21,-20.83,-14.65,-10.76,-6.29,-1.43,2.25,3.47,1.19,-0.4,-3.88,-6.7,-8.64,-17.66,-16.48
10,52.875,22.125,8.47,5.08,-4.15,-6.35,-3.59,2.01,-0.56,3.62,5.46,7.21,4.39,2.43,-3.95,-6.43,-6.06,-4.56,-4.0,-3.21,0.74,6.18,6.53,6.42,2.01,-2.21,-1.15,-3.96,-5.5,-5.69,-2.85,-0.51,3.12,6.86,8.74,5.36,6.23,1.1,-3.65,-2.63,-5.77,-5.88,-5.92,-2.77,-0.77,1.74,5.63,5.47,-0.84,-1.15,-8.37,-6.0,-0.09,-4.54,0.26,-0.09,2.67,7.57,8.16,5.68,1.37,-3.59,-1.4,-0.7,-2.19,-4.02,-3.0,-1.04,-1.87,4.06,7.58,6.93,2.83,-3.6,-3.13,-3.34,-7.0,-4.67,-3.8,-0.33,0.97,2.73,5.82,3.82,0.08,1.1,0.04,-3.71,-6.83,-3.25,-2.23,2.21,5.49,6.25,8.0,6.75,6.67,1.54,-1.69,-0.87,2.41,0.71,4.14,10.73,9.8,12.07,7.99,3.97,5.76,9.62,3.21,-1.73,-2.76,-0.3,3.5,2.75,5.96,5.25,-1.03,-2.58,-1.92,-2.76,-1.04,1.36,3.89,5.33,14.92,6.92,2.43,-1.71,-2.07,-0.81,2.29,4.65,5.68,4.33,1.84,-0.31,-6.78,-5.64,-6.97,-9.51,-0.95,0.32,1.27,-0.62,-1.14,-11.5,-15.91,-21.24,-7.2,-14.48,-4.01,-2.08,-6.06,-9.67,-9.72,-13.52,-3.44,-1.25,0.89,3.0,2.69,-0.76,-4.94,-7.55,-6.13,-5.75,-4.91,-8.83,-3.55,-0.99,-1.57,-4.85,-2.66,-7.66,-13.91,-14.2,-17.1,-14.61,-14.26,-14.53,-10.79,-9.76,-4.8,-3.85,-5.16,-7.97,-12.37,-15.17,-12.51,-12.75,-7.96,-8.47,-3.97,0.76,1.34,-0.34,-4.27,-10.14,-14.19,-8.49,-6.48,-9.72,-12.29,-3.26,-1.43,3.73,2.48,1.28,-3.73,-5.95,-6.22,-9.28,-13.12,-11.58,-11.47,-6.94,-0.27,0.6,0.39,7.49,-2.97,-11.52,-13.44,-12.21,-20.83,-14.65,-10.76,-6.29,-1.43,2.25,3.47,1.19,-0.4,-3.88,-6.7,-8.64,-17.66,-16.48
11,52.625,22.125,8.47,5.08,-4.15,-6.35,-3.59,2.01,-0.56,3.62,5.46,7.21,4.39,2.43,-3.95,-6.43,-6.06,-4.56,-4.0,-3.21,0.74,6.18,6.53,6.42,2.01,-2.21,-1.15,-3.96,-5.5,-5.69,-2.85,-0.51,3.12,6.86,8.74,5.36,6.23,1.1,-3.65,-2.63,-5.77,-5.88,-5.92,-2.77,-0.77,1.74,5.63,5.47,-0.84,-1.15,-8.37,-6.0,-0.09,-4.54,0.26,-0.09,2.67,7.57,8.16,5.68,1.37,-3.59,-1.4,-0.7,-2.19,-4.02,-3.0,-1.04,-1.87,4.06,7.58,6.93,2.83,-3.6,-3.13,-3.34,-7.0,-4.67,-3.8,-0.33,0.97,2.73,5.82,3.82,0.08,1.1,0.04,-3.71,-6.83,-3.25,-2.23,2.21,5.49,6.25,8.0,6.75,6.67,1.54,-1.69,-0.87,2.41,0.71,4.14,10.73,9.8,12.07,7.99,3.97,5.76,9.62,3.21,-1.73,-2.76,-0.3,3.5,2.75,5.96,5.25,-1.03,-2.58,-1.92,-2.76,-1.04,1.36,3.89,5.33,14.92,6.92,2.43,-1.71,-2.07,-0.81,2.29,4.65,5.68,4.33,1.84,-0.31,-6.78,-5.64,-6.97,-9.51,-0.95,0.32,1.27,-0.62,-1.14,-11.5,-15.91,-21.24,-7.2,-14.48,-4.01,-2.08,-6.06,-9.67,-9.72,-13.52,-3.44,-1.25,0.89,3.0,2.69,-0.76,-4.94,-7.55,-6.13,-5.75,-4.91,-8.83,-3.55,-0.99,-1.57,-4.85,-2.66,-7.66,-13.91,-14.2,-17.1,-14.61,-14.26,-14.53,-10.79,-9.76,-4.8,-3.85,-5.16,-7.97,-12.37,-15.17,-12.51,-12.75,-7.96,-8.47,-3.97,0.76,1.34,-0.34,-4.27,-10.14,-14.19,-8.49,-6.48,-9.72,-12.29,-3.26,-1.43,3.73,2.48,1.28,-3.73,-5.95,-6.22,-9.28,-13.12,-11.58,-11.47,-6.94,-0.27,0.6,0.39,7.49,-2.97,-11.52,-13.44,-12.21,-20.83,-14.65,-10.76,-6.29,-1.43,2.25,3.47,1.19,-0.4,-3.88,-6.7,-8.64,-17.66,-16.48
12,52.375,22.125,8.47,5.08,-4.15,-6.35,-3.59,2.01,-0.56,3.62,5.46,7.21,4.39,2.43,-3.95,-6.43,-6.06,-4.56,-4.0,-3.21,0.74,6.18,6.53,6.42,2.01,-2.21,-1.15,-3.96,-5.5,-5.69,-2.85,-0.51,3.12,6.86,8.74,5.36,6.23,1.1,-3.65,-2.63,-5.77,-5.88,-5.92,-2.77,-0.77,1.74,5.63,5.47,-0.84,-1.15,-8.37,-6.0,-0.09,-4.54,0.26,-0.09,2.67,7.57,8.16,5.68,1.37,-3.59,-1.4,-0.7,-2.19,-4.02,-3.0,-1.04,-1.87,4.06,7.58,6.93,2.83,-3.6,-3.13,-3.34,-7.0,-4.67,-3.8,-0.33,0.97,2.73,5.82,3.82,0.08,1.1,0.04,-3.71,-6.83,-3.25,-2.23,2.21,5.49,6.25,8.0,6.75,6.67,1.54,-1.69,-0.87,2.41,0.71,4.14,10.73,9.8,12.07,7.99,3.97,5.76,9.62,3.21,-1.73,-2.76,-0.3,3.5,2.75,5.96,5.25,-1.03,-2.58,-1.92,-2.76,-1.04,1.36,3.89,5.33,14.92,6.92,2.43,-1.71,-2.07,-0.81,2.29,4.65,5.68,4.33,1.84,-0.31,-6.78,-5.64,-6.97,-9.51,-0.95,0.32,1.27,-0.62,-1.14,-11.5,-15.91,-21.24,-7.2,-14.48,-4.01,-2.08,-6.06,-9.67,-9.72,-13.52,-3.44,-1.25,0.89,3.0,2.69,-0.76,-4.94,-7.55,-6.13,-5.75,-4.91,-8.83,-3.55,-0.99,-1.57,-4.85,-2.66,-7.66,-13.91,-14.2,-17.1,-14.61,-14.26,-14.53,-10.79,-9.76,-4.8,-3.85,-5.16,-7.97,-12.37,-15.17,-12.51,-12.75,-7.96,-8.47,-3.97,0.76,1.34,-0.34,-4.27,-10.14,-14.19,-8.49,-6.48,-9.72,-12.29,-3.26,-1.43,3.73,2.48,1.28,-3.73,-5.95,-6.22,-9.28,-13.12,-11.58,-11.47,-6.94,-0.27,0.6,0.39,7.49,-2.97,-11.52,-13.44,-12.21,-20.83,-14.65,-10.76,-6.29,-1.43,2.25,3.47,1.19,-0.4,-3.88,-6.7,-8.64,-17.66,-16.48
13,52.125,22.125,8.47,5.08,-4.15,-6.35,-3.59,2.01,-0.56,3.62,5.46,7.21,4.39,2.43,-3.95,-6.43,-6.06,-4.56,-4.0,-3.21,0.74,6.18,6.53,6.42,2.01,-2.21,-1.15,-3.96,-5.5,-5.69,-2.85,-0.51,3.12,6.86,8.74,5.36,6.23,1.1,-3.65,-2.63,-5.77,-5.88,-5.92,-2.77,-0.77,1.74,5.63,5.47,-0.84,-1.15,-8.37,-6.0,-0.09,-4.54,0.26,-0.09,2.67,7.57,8.16,5.68,1.37,-3.59,-1.4,-0.7,-2.19,-4.02,-3.0,-1.04,-1.87,4.06,7.58,6.93,2.83,-3.6,-3.13,-3.34,-7.0,-4.67,-3.8,-0.33,0.97,2.73,5.82,3.82,0.08,1.1,0.04,-3.71,-6.83,-3.25,-2.23,2.21,5.49,6.25,8.0,6.75,6.67,1.54,-1.69,-0.87,2.41,0.71,4.14,10.73,9.8,12.07,7.99,3.97,5.76,9.62,3.21,-1.73,-2.76,-0.3,3.5,2.75,5.96,5.25,-1.03,-2.58,-1.92,-2.76,-1.04,1.36,3.89,5.33,14.92,6.92,2.43,-1.71,-2.07,-0.81,2.29,4.65,5.68,4.33,1.84,-0.31,-6.78,-5.64,-6.97,-9.51,-0.95,0.32,1.27,-0.62,-1.14,-11.5,-15.91,-21.24,-7.2,-14.48,-4.01,-2.08,-6.06,-9.67,-9.72,-13.52,-3.44,-1.25,0.89,3.0,2.69,-0.76,-4.94,-7.55,-6.13,-5.75,-4.91,-8.83,-3.55,-0.99,-1.57,-4.85,-2.66,-7.66,-13.91,-14.2,-17.1,-14.61,-14.26,-14.53,-10.79,-9.76,-4.8,-3.85,-5.16,-7.97,-12.37,-15.17,-12.51,-12.75,-7.96,-8.47,-3.97,0.76,1.34,-0.34,-4.27,-10.14,-14.19,-8.49,-6.48,-9.72,-12.29,-3.26,-1.43,3.73,2.48,1.28,-3.73,-5.95,-6.22,-9.28,-13.12,-11.58,-11.47,-6.94,-0.27,0.6,0.39,7.49,-2.97,-11.52,-13.44,-12.21,-20.83,-14.65,-10.76,-6.29,-1.43,2.25,3.47,1.19,-0.4,-3.88,-6.7,-8.64,-17.66,-16.48
14,51.875,22.125,8.47,5.08,-4.15,-6.35,-3.59,2.01,-0.56,3.62,5.46,7.21,4.39,2.43,-3.95,-6.43,-6.06,-4.56,-4.0,-3.21,0.74,6.18,6.53,6.42,2.01,-2.21,-1.15,-3.96,-5.5,-5.69,-2.85,-0.51,3.12,6.86,8.74,5.36,6.23,1.1,-3.65,-2.63,-5.77,-5.88,-5.92,-2.77,-0.77,1.74,5.63,5.47,-0.84,-1.15,-8.37,-6.0,-0.09,-4.54,0.26,-0.09,2.67,7.57,8.16,5.68,1.37,-3.59,-1.4,-0.7,-2.19,-4.02,-3.0,-1.04,-1.87,4.06,7.58,6.93,2.83,-3.6,-3.13,-3.34,-7.0,-4.67,-3.8,-0.33,0.97,2.73,5.82,3.82,0.08,1.1,0.04,-3.71,-6.83,-3.25,-2.23,2.21,5.49,6.25,8.0,6.75,6.67,1.54,-1.69,-0.87,2.41,0.71,4.14,10.73,9.8,12.07,7.99,3.97,5.76,9.62,3.21,-1.73,-2.76,-0.3,3.5,2.75,5.96,5.25,-1.03,-2.58,-1.92,-2.76,-1.04,1.36,3.89,5.33,14.92,6.92,2.43,-1.71,-2.07,-0.81,2.29,4.65,5.68,4.33,1.84,-0.31,-6.78,-5.64,-6.97,-9.51,-0.95,0.32,1.27,-0.62,-1.14,-11.5,-15.91,-21.24,-7.2,-14.48,-4.01,-2.08,-6.06,-9.67,-9.72,-13.52,-3.44,-1.25,0.89,3.0,2.69,-0.76,-4.94,-7.55,-6.13,-5.75,-4.91,-8.83,-3.55,-0.99,-1.57,-4.85,-2.66,-7.66,-13.91,-14.2,-17.1,-14.61,-14.26,-14.53,-10.79,-9.76,-4.8,-3.85,-5.16,-7.97,-12.37,-15.17,-12.51,-12.75,-7.96,-8.47,-3.97,0.76,1.34,-0.34,-4.27,-10.14,-14.19,-8.49,-6.48,-9.72,-12.29,-3.26,-1.43,3.73,2.48,1.28,-3.73,-5.95,-6.22,-9.28,-13.12,-11.58,-11.47,-6.94,-0.27,0.6,0.39,7.49,-2.97,-11.52,-13.44,-12.21,-20.83,-14.65,-10.76,-6.29,-1.43,2.25,3.47,1.19,-0.4,-3.88,-6.7,-8.64,-17.66,-16.48
15,52.875,22.375,8.47,5.08,-4.15,-6.35,-3.59,2.01,-0.56,3.62,5.46,7.21,4.39,2.43,-3.95,-6.43,-6.06,-4.56,-4.0,-3.21,0.74,6.18,6.53,6.42,2.01,-2.21,-1.15,-3.96,-5.5,-5.69,-2.85,-0.51,3.12,6.86,8.74,5.36,6.23,1.1,-3.65,-2.63,-5.77,-5.88,-5.92,-2.77,-0.77,1.74,5.63,5.47,-0.84,-1.15,-8.37,-6.0,-0.09,-4.54,0.26,-0.09,2.67,7.57,8.16,5.68,1.37,-3.59,-1.4,-0.7,-2.19,-4.02,-3.0,-1.04,-1.87,4.06,7.58,6.93,2.83,-3.6,-3.13,-3.34,-7.0,-4.67,-3.8,-0.33,0.97,2.73,5.82,3.82,0.08,1.1,0.04,-3.71,-6.83,-3.25,-2.23,2.21,5.49,6.25,8.0,6.75,6.67,1.54,-1.69,-0.87,2.41,0.71,4.14,10.73,9.8,12.07,7.99,3.97,5.76,9.62,3.21,-1.73,-2.76,-0.3,3.5,2.75,5.96,5.25,-1.03,-2.58,-1.92,-2.76,-1.04,1.36,3.89,5.33,14.92,6.92,2.43,-1.71,-2.07,-0.81,2.29,4.65,5.68,4.33,1.84,-0.31,-6.78,-5.64,-6.97,-9.51,-0.95,0.32,1.27,-0.62,-1.14,-11.5,-15.91,-21.24,-7.2,-14.48,-4.01,-2.08,-6.06,-9.67,-9.72,-13.52,-3.44,-1.25,0.89,3.0,2.69,-0.76,-4.94,-7.55,-6.13,-5.75,-4.91,-8.83,-3.55,-0.99,-1.57,-4.85,-2.66,-7.66,-13.91,-14.2,-17.1,-14.61,-14.26,-14.53,-10.79,-9.76,-4.8,-3.85,-5.16,-7.97,-12.37,-15.17,-12.51,-12.75,-7.96,-8.47,-3.97,0.76,1.34,-0.34,-4.27,-10.14,-14.19,-8.49,-6.48,-9.72,-12.29,-3.26,-1.43,3.73,2.48,1.28,-3.73,-5.95,-6.22,-9.28,-13.12,-11.58,-11.47,-6.94,-0.27,0.6,0.39,7.49,-2.97,-11.52,-13.44,-12.21,-20.83,-14.65,-10.76,-6.29,-1.43,2.25,3.47,1.19,-0.4,-3.88,-6.7,-8.64,-17.66,-16.48
16,52.625,22.375,8.47,5.08,-4.15,-6.35,-3.59,2.01,-0.56,3.62,5.46,7.21,4.39,2.43,-3.95,-6.43,-6.06,-4.56,-4.0,-3.21,0.74,6.18,6.53,6.42,2.01,-2.21,-1.15,-3.96,-5.5,-5.69,-2.85,-0.51,3.12,6.86,8.74,5.36,6.23,1.1,-3.65,-2.63,-5.77,-5.88,-5.92,-2.77,-0.77,1.74,5.63,5.47,-0.84,-1.15,-8.37,-6.0,-0.09,-4.54,0.26,-0.09,2.67,7.57,8.16,5.68,1.37,-3.59,-1.4,-0.7,-2.19,-4.02,-3.0,-1.04,-1.87,4.06,7.58,6.93,2.83,-3.6,-3.13,-3.34,-7.0,-4.67,-3.8,-0.33,0.97,2.73,5.82,3.82,0.08,1.1,0.04,-3.71,-6.83,-3.25,-2.23,2.21,5.49,6.25,8.0,6.75,6.67,1.54,-1.69,-0.87,2.41,0.71,4.14,10.73,9.8,12.07,7.99,3.97,5.76,9.62,3.21,-1.73,-2.76,-0.3,3.5,2.75,5.96,5.25,-1.03,-2.58,-1.92,-2.76,-1.04,1.36,3.89,5.33,14.92,6.92,2.43,-1.71,-2.07,-0.81,2.29,4.65,5.68,4.33,1.84,-0.31,-6.78,-5.64,-6.97,-9.51,-0.95,0.32,1.27,-0.62,-1.14,-11.5,-15.91,-21.24,-7.2,-14.48,-4.01,-2.08,-6.06,-9.67,-9.72,-13.52,-3.44,-1.25,0.89,3.0,2.69,-0.76,-4.94,-7.55,-6.13,-5.75,-4.91,-8.83,-3.55,-0.99,-1.57,-4.85,-2.66,-7.66,-13.91,-14.2,-17.1,-14.61,-14.26,-14.53,-10.79,-9.76,-4.8,-3.85,-5.16,-7.97,-12.37,-15.17,-12.51,-12.75,-7.96,-8.47,-3.97,0.76,1.34,-0.34,-4.27,-10.14,-14.19,-8.49,-6.48,-9.72,-12.29,-3.26,-1.43,3.73,2.48,1.28,-3.73,-5.95,-6.22,-9.28,-13.12,-11.58,-11.47,-6.94,-0.27,0.6,0.39,7.49,-2.97,-11.52,-13.44,-12.21,-20.83,-14.65,-10.76,-6.29,-1.43,2.25,3.47,1.19,-0.4,-3.88,-6.7,-8.64,-17.66,-16.48
17,52.375,22.375,8.47,5.08,-4.15,-6.35,-3.59,2.01,-0.56,3.62,5.46,7.21,4.39,2.43,-3.95,-6.43,-6.06,-4.56,-4.0,-3.21,0.74,6.18,6.53,6.42,2.01,-2.21,-1.15,-3.96,-5.5,-5.69,-2.85,-0.51,3.12,6.86,8.74,5.36,6.23,1.1,-3.65,-2.63,-5.77,-5.88,-5.92,-2.77,-0.77,1.74,5.63,5.47,-0.84,-1.15,-8.37,-6.0,-0.09,-4.54,0.26,-0.09,2.67,7.57,8.16,5.68,1.37,-3.59,-1.4,-0.7,-2.19,-4.02,-3.0,-1.04,-1.87,4.06,7.58,6.93,2.83,-3.6,-3.13,-3.34,-7.0,-4.67,-3.8,-0.33,0.97,2.73,5.82,3.82,0.08,1.1,0.04,-3.71,-6.83,-3.25,-2.23,2.21,5.49,6.25,8.0,6.75,6.67,1.54,-1.69,-0.87,2.41,0.71,4.14,10.73,9.8,12.07,7.99,3.97,5.76,9.62,3.21,-1.73,-2.76,-0.3,3.5,2.75,5.96,5.25,-1.03,-2.58,-1.92,-2.76,-1.04,1.36,3.89,5.33,14.92,6.92,2.43,-1.71,-2.07,-0.81,2.29,4.65,5.68,4.33,1.84,-0.31,-6.78,-5.64,-6.97,-9.51,-0.95,0.32,1.27,-0.62,-1.14,-11.5,-15.91,-21.24,-7.2,-14.48,-4.01,-2.08,-6.06,-9.67,-9.72,-13.52,-3.44,-1.25,0.89,3.0,2.69,-0.76,-4.94,-7.55,-6.13,-5.75,-4.91,-8.83,-3.55,-0.99,-1.57,-4.85,-2.66,-7.66,-13.91,-14.2,-17.1,-14.61,-14.26,-14.53,-10.79,-9.76,-4.8,-3.85,-5.16,-7.97,-12.37,-15.17,-12.51,-12.75,-7.96,-8.47,-3.97,0.76,1.34,-0.34,-4.27,-10.14,-14.19,-8.49,-6.48,-9.72,-12.29,-3.26,-1.43,3.73,2.48,1.28,-3.73,-5.95,-6.22,-9.28,-13.12,-11.58,-11.47,-6.94,-0.27,0.6,0.39,7.49,-2.97,-11.52,-13.44,-12.21,-20.83,-14.65,-10.76,-6.29,-1.43,2.25,3.47,1.19,-0.4,-3.88,-6.7,-8.64,-17.66,-16.48
18,52.125,22.375,8.47,5.08,-4.15,-6.35,-3.59,2.01,-0.56,3.62,5.46,7.21,4.39,2.43,-3.95,-6.43,-6.06,-4.56,-4.0,-3.21,0.74,6.18,6.53,6.42,2.01,-2.21,-1.15,-3.96,-5.5,-5.69,-2.85,-0.51,3.12,6.86,8.74,5.36,6.23,1.1,-3.65,-2.63,-5.77,-5.88,-5.92,-2.77,-0.77,1.74,5.63,5.47,-0.84,-1.15,-8.37,-6.0,-0.09,-4.54,0.26,-0.09,2.67,7.57,8.16,5.68,1.37,-3.59,-1.4,-0.7,-2.19,-4.02,-3.0,-1.04,-1.87,4.06,7.58,6.93,2.83,-3.6,-3.13,-3.34,-7.0,-4.67,-3.8,-0.33,0.97,2.73,5.82,3.82,0.08,1.1,0.04,-3.71,-6.83,-3.25,-2.23,2.21,5.49,6.25,8.0,6.75,6.67,1.54,-1.69,-0.87,2.41,0.71,4.14,10.73,9.8,12.07,7.99,3.97,5.76,9.62,3.21,-1.73,-2.76,-0.3,3.5,2.75,5.96,5.25,-1.03,-2.58,-1.92,-2.76,-1.04,1.36,3.89,5.33,14.92,6.92,2.43,-1.71,-2.07,-0.81,2.29,4.65,5.68,4.33,1.84,-0.31,-6.78,-5.64,-6.97,-9.51,-0.95,0.32,1.27,-0.62,-1.14,-11.5,-15.91,-21.24,-7.2,-14.48,-4.01,-2.08,-6.06,-9.67,-9.72,-13.52,-3.44,-1.25,0.89,3.0,2.69,-0.76,-4.94,-7.55,-6.13,-5.75,-4.91,-8.83,-3.55,-0.99,-1.57,-4.85,-2.66,-7.66,-13.91,-14.2,-17.1,-14.61,-14.26,-14.53,-10.79,-9.76,-4.8,-3.85,-5.16,-7.97,-12.37,-15.17,-12.51,-12.75,-7.96,-8.47,-3.97,0.76,1.34,-0.34,-4.27,-10.14,-14.19,-8.49,-6.48,-9.72,-12.29,-3.26,-1.43,3.73,2.48,1.28,-3.73,-5.95,-6.22,-9.28,-13.12,-11.58,-11.47,-6.94,-0.27,0.6,0.39,7.49,-2.97,-11.52,-13.44,-12.21,-20.83,-14.65,-10.76,-6.29,-1.43,2.25,3.47,1.19,-0.4,-3.88,-6.7,-8.64,-17.66,-16.48
19,51.875,22.375,9.15,5.67,-3.22,-4.97,-2.76,4.17,0.36,3.73,6.33,8.46,5.21,3.39,-4.35,-6.52,-7.25,-5.8,-4.72,-5.53,-1.12,5.79,6.47,6.89,2.95,-2.66,-2.29,-3.56,-5.77,-6.53,-3.84,-2.11,1.39,6.73,9.58,6.31,7.12,1.18,-3.5,-2.71,-5.79,-5.77,-5.77,-3.22,-0.7,2.94,7.75,6.84,0.94,-0.36,-6.97,-4.03,0.71,-4.68,-0.5,-1.17,1.15,7.46,8.42,6.0,1.79,-3.62,-2.71,-1.51,-2.66,-4.91,-3.49,-2.47,-3.06,3.36,6.68,6.81,3.41,-2.96,-2.88,-3.01,-6.8,-4.31,-4.47,-0.75,0.64,3.57,7.23,5.09,1.0,1.25,0.68,-3.71,-7.79,-4.53,-1.88,2.44,6.7,7.15,8.34,7.11,7.1,2.41,-0.82,0.55,3.19,1.59,3.56,11.2,9.23,12.05,8.07,4.38,4.67,11.43,1.98,-2.25,-3.36,-3.08,2.09,2.02,5.39,4.59,-1.53,-3.56,-3.23,-5.26,-2.05,1.14,3.79,5.15,15.02,6.21,4.13,-1.89,-1.46,-0.89,2.1,4.25,5.87,4.53,1.78,0.46,-4.88,-5.07,-6.39,-7.96,-1.86,0.01,1.79,-0.54,-0.73,-13.13,-16.55,-21.5,-12.52,-16.07,-5.74,-2.34,-5.2,-10.86,-11.49,-17.96,-4.03,-2.5,0.12,2.8,2.59,-1.47,-5.37,-9.84,-7.89,-8.51,-7.85,-10.22,-6.92,-2.64,-6.11,-9.57,-4.34,-9.0,-18.74,-15.74,-21.14,-20.82,-18.94,-19.48,-13.17,-15.78,-13.24,-9.21,-9.51,-10.68,-11.15,-15.38,-14.4,-11.77,-8.93,-7.31,-3.24,1.21,1.31,-1.8,-6.06,-12.9,-15.6,-9.41,-8.21,-10.37,-16.74,-5.78,-4.0,2.37,-2.24,-1.24,-5.7,-9.48,-9.87,-13.22,-16.88,-14.1,-15.54,-7.59,-0.83,0.16,-0.56,8.53,-2.08,-10.16,-11.99,-12.22,-20.14,-16.47,-10.21,-6.27,-1.2,1.82,3.91,1.31,-2.45,-4.16,-7.63,-9.72,-17.64,-16.89
20,52.875,22.625,8.47,5.08,-4.15,-6.35,-3.59,2.01,-0.56,3.62,5.46,7.21,4.39,2.43,-3.95,-6.43,-6.06,-4.56,-4.0,-3.21,0.74,6.18,6.53,6.42,2.01,-2.21,-1.15,-3.96,-5.5,-5.69,-2.85,-0.51,3.12,6.86,8.74,5.36,6.23,1.1,-3.65,-2.63,-5.77,-5.88,-5.92,-2.77,-0.77,1.74,5.63,5.47,-0.84,-1.15,-8.37,-6.0,-0.09,-4.54,0.26,-0.09,2.67,7.57,8.16,5.68,1.37,-3.59,-1.4,-0.7,-2.19,-4.02,-3.0,-1.04,-1.87,4.06,7.58,6.93,2.83,-3.6,-3.13,-3.34,-7.0,-4.67,-3.8,-0.33,0.97,2.73,5.82,3.82,0.08,1.1,0.04,-3.71,-6.83,-3.25,-2.23,2.21,5.49,6.25,8.0,6.75,6.67,1.54,-1.69,-0.87,2.41,0.71,4.14,10.73,9.8,12.07,7.99,3.97,5.76,9.62,3.21,-1.73,-2.76,-0.3,3.5,2.75,5.96,5.25,-1.03,-2.58,-1.92,-2.76,-1.04,1.36,3.89,5.33,14.92,6.92,2.43,-1.71,-2.07,-0.81,2.29,4.65,5.68,4.33,1.84,-0.31,-6.78,-5.64,-6.97,-9.51,-0.95,0.32,1.27,-0.62,-1.14,-11.5,-15.91,-21.24,-7.2,-14.48,-4.01,-2.08,-6.06,-9.67,-9.72,-13.52,-3.44,-1.25,0.89,3.0,2.69,-0.76,-4.94,-7.55,-6.13,-5.75,-4.91,-8.83,-3.55,-0.99,-1.57,-4.85,-2.66,-7.66,-13.91,-14.2,-17.1,-14.61,-14.26,-14.53,-10.79,-9.76,-4.8,-3.85,-5.16,-7.97,-12.37,-15.17,-12.51,-12.75,-7.96,-8.47,-3.97,0.76,1.34,-0.34,-4.27,-10.14,-14.19,-8.49,-6.48,-9.72,-12.29,-3.26,-1.43,3.73,2.48,1.28,-3.73,-5.95,-6.22,-9.28,-13.12,-11.58,-11.47,-6.94,-0.27,0.6,0.39,7.49,-2.97,-11.52,-13.44,-12.21,-20.83,-14.65,-10.76,-6.29,-1.43,2.25,3.47,1.19,-0.4,-3.88,-6.7,-8.64,-17.66,-16.48
21,52.625,22.625,8.47,5.08,-4.15,-6.35,-3.59,2.01,-0.56,3.62,5.46,7.21,4.39,2.43,-3.95,-6.43,-6.06,-4.56,-4.0,-3.21,0.74,6.18,6.53,6.42,2.01,-2.21,-1.15,-3.96,-5.5,-5.69,-2.85,-0.51,3.12,6.86,8.74,5.36,6.23,1.1,-3.65,-2.63,-5.77,-5.88,-5.92,-2.77,-0.77,1.74,5.63,5.47,-0.84,-1.15,-8.37,-6.0,-0.09,-4.54,0.26,-0.09,2.67,7.57,8.16,5.68,1.37,-3.59,-1.4,-0.7,-2.19,-4.02,-3.0,-1.04,-1.87,4.06,7.58,6.93,2.83,-3.6,-3.13,-3.34,-7.0,-4.67,-3.8,-0.33,0.97,2.73,5.82,3.82,0.08,1.1,0.04,-3.71,-6.83,-3.25,-2.23,2.21,5.49,6.25,8.0,6.75,6.67,1.54,-1.69,-0.87,2.41,0.71,4.14,10.73,9.8,12.07,7.99,3.97,5.76,9.62,3.21,-1.73,-2.76,-0.3,3.5,2.75,5.96,5.25,-1.03,-2.58,-1.92,-2.76,-1.04,1.36,3.89,5.33,14.92,6.92,2.43,-1.71,-2.07,-0.81,2.29,4.65,5.68,4.33,1.84,-0.31,-6.78,-5.64,-6.97,-9.51,-0.95,0.32,1.27,-0.62,-1.14,-11.5,-15.91,-21.24,-7.2,-14.48,-4.01,-2.08,-6.06,-9.67,-9.72,-13.52,-3.44,-1.25,0.89,3.0,2.69,-0.76,-4.94,-7.55,-6.13,-5.75,-4.91,-8.83,-3.55,-0.99,-1.57,-4.85,-2.66,-7.66,-13.91,-14.2,-17.1,-14.61,-14.26,-14.53,-10.79,-9.76,-4.8,-3.85,-5.16,-7.97,-12.37,-15.17,-12.51,-12.75,-7.96,-8.47,-3.97,0.76,1.34,-0.34,-4.27,-10.14,-14.19,-8.49,-6.48,-9.72,-12.29,-3.26,-1.43,3.73,2.48,1.28,-3.73,-5.95,-6.22,-9.28,-13.12,-11.58,-11.47,-6.94,-0.27,0.6,0.39,7.49,-2.97,-11.52,-13.44,-12.21,-20.83,-14.65,-10.76,-6.29,-1.43,2.25,3.47,1.19,-0.4,-3.88,-6.7,-8.64,-17.66,-16.48
22,52.375,22.625,8.47,5.08,-4.15,-6.35,-3.59,2.01,-0.56,3.62,5.46,7.21,4.39,2.43,-3.95,-6.43,-6.06,-4.56,-4.0,-3.21,0.74,6.18,6.53,6.42,2.01,-2.21,-1.15,-3.96,-5.5,-5.69,-2.85,-0.51,3.12,6.86,8.74,5.36,6.23,1.1,-3.65,-2.63,-5.77,-5.88,-5.92,-2.77,-0.77,1.74,5.63,5.47,-0.84,-1.15,-8.37,-6.0,-0.09,-4.54,0.26,-0.09,2.67,7.57,8.16,5.68,1.37,-3.59,-1.4,-0.7,-2.19,-4.02,-3.0,-1.04,-1.87,4.06,7.58,6.93,2.83,-3.6,-3.13,-3.34,-7.0,-4.67,-3.8,-0.33,0.97,2.73,5.82,3.82,0.08,1.1,0.04,-3.71,-6.83,-3.25,-2.23,2.21,5.49,6.25,8.0,6.75,6.67,1.54,-1.69,-0.87,2.41,0.71,4.14,10.73,9.8,12.07,7.99,3.97,5.76,9.62,3.21,-1.73,-2.76,-0.3,3.5,2.75,5.96,5.25,-1.03,-2.58,-1.92,-2.76,-1.04,1.36,3.89,5.33,14.92,6.92,2.43,-1.71,-2.07,-0.81,2.29,4.65,5.68,4.33,1.84,-0.31,-6.78,-5.64,-6.97,-9.51,-0.95,0.32,1.27,-0.62,-1.14,-11.5,-15.91,-21.24,-7.2,-14.48,-4.01,-2.08,-6.06,-9.67,-9.72,-13.52,-3.44,-1.25,0.89,3.0,2.69,-0.76,-4.94,-7.55,-6.13,-5.75,-4.91,-8.83,-3.55,-0.99,-1.57,-4.85,-2.66,-7.66,-13.91,-14.2,-17.1,-14.61,-14.26,-14.53,-10.79,-9.76,-4.8,-3.85,-5.16,-7.97,-12.37,-15.17,-12.51,-12.75,-7.96,-8.47,-3.97,0.76,1.34,-0.34,-4.27,-10.14,-14.19,-8.49,-6.48,-9.72,-12.29,-3.26,-1.43,3.73,2.48,1.28,-3.73,-5.95,-6.22,-9.28,-13.12,-11.58,-11.47,-6.94,-0.27,0.6,0.39,7.49,-2.97,-11.52,-13.44,-12.21,-20.83,-14.65,-10.76,-6.29,-1.43,2.25,3.47,1.19,-0.4,-3.88,-6.7,-8.64,-17.66,-16.48
23,52.125,22.625,8.47,5.08,-4.15,-6.35,-3.59,2.01,-0.56,3.62,5.46,7.21,4.39,2.43,-3.95,-6.43,-6.06,-4.56,-4.0,-3.21,0.74,6.18,6.53,6.42,2.01,-2.21,-1.15,-3.96,-5.5,-5.69,-2.85,-0.51,3.12,6.86,8.74,5.36,6.23,1.1,-3.65,-2.63,-5.77,-5.88,-5.92,-2.77,-0.77,1.74,5.63,5.47,-0.84,-1.15,-8.37,-6.0,-0.09,-4.54,0.26,-0.09,2.67,7.57,8.16,5.68,1.37,-3.59,-1.4,-0.7,-2.19,-4.02,-3.0,-1.04,-1.87,4.06,7.58,6.93,2.83,-3.6,-3.13,-3.34,-7.0,-4.67,-3.8,-0.33,0.97,2.73,5.82,3.82,0.08,1.1,0.04,-3.71,-6.83,-3.25,-2.23,2.21,5.49,6.25,8.0,6.75,6.67,1.54,-1.69,-0.87,2.41,0.71,4.14,10.73,9.8,12.07,7.99,3.97,5.76,9.62,3.21,-1.73,-2.76,-0.3,3.5,2.75,5.96,5.25,-1.03,-2.58,-1.92,-2.76,-1.04,1.36,3.89,5.33,14.92,6.92,2.43,-1.71,-2.07,-0.81,2.29,4.65,5.68,4.33,1.84,-0.31,-6.78,-5.64,-6.97,-9.51,-0.95,0.32,1.27,-0.62,-1.14,-11.5,-15.91,-21.24,-7.2,-14.48,-4.01,-2.08,-6.06,-9.67,-9.72,-13.52,-3.44,-1.25,0.89,3.0,2.69,-0.76,-4.94,-7.55,-6.13,-5.75,-4.91,-8.83,-3.55,-0.99,-1.57,-4.85,-2.66,-7.66,-13.91,-14.2,-17.1,-14.61,-14.26,-14.53,-10.79,-9.76,-4.8,-3.85,-5.16,-7.97,-12.37,-15.17,-12.51,-12.75,-7.96,-8.47,-3.97,0.76,1.34,-0.34,-4.27,-10.14,-14.19,-8.49,-6.48,-9.72,-12.29,-3.26,-1.43,3.73,2.48,1.28,-3.73,-5.95,-6.22,-9.28,-13.12,-11.58,-11.47,-6.94,-0.27,0.6,0.39,7.49,-2.97,-11.52,-13.44,-12.21,-20.83,-14.65,-10.76,-6.29,-1.43,2.25,3.47,1.19,-0.4,-3.88,-6.7,-8.64,-17.66,-16.48
24,51.875,22.625,9.15,5.67,-3.22,-4.97,-2.76,4.17,0.36,3.73,6.33,8.46,5.21,3.39,-4.35,-6.52,-7.25,-5.8,-4.72,-5.53,-1.12,5.79,6.47,6.89,2.95,-2.66,-2.29,-3.56,-5.77,-6.53,-3.84,-2.11,1.39,6.73,9.58,6.31,7.12,1.18,-3.5,-2.71,-5.79,-5.77,-5.77,-3.22,-0.7,2.94,7.75,6.84,0.94,-0.36,-6.97,-4.03,0.71,-4.68,-0.5,-1.17,1.15,7.46,8.42,6.0,1.79,-3.62,-2.71,-1.51,-2.66,-4.91,-3.49,-2.47,-3.06,3.36,6.68,6.81,3.41,-2.96,-2.88,-3.01,-6.8,-4.31,-4.47,-0.75,0.64,3.57,7.23,5.09,1.0,1.25,0.68,-3.71,-7.79,-4.53,-1.88,2.44,6.7,7.15,8.34,7.11,7.1,2.41,-0.82,0.55,3.19,1.59,3.56,11.2,9.23,12.05,8.07,4.38,4.67,11.43,1.98,-2.25,-3.36,-3.08,2.09,2.02,5.39,4.59,-1.53,-3.56,-3.23,-5.26,-2.05,1.14,3.79,5.15,15.02,6.21,4.13,-1.89,-1.46,-0.89,2.1,4.25,5.87,4.53,1.78,0.46,-4.88,-5.07,-6.39,-7.96,-1.86,0.01,1.79,-0.54,-0.73,-13.13,-16.55,-21.5,-12.52,-16.07,-5.74,-2.34,-5.2,-10.86,-11.49,-17.96,-4.03,-2.5,0.12,2.8,2.59,-1.47,-5.37,-9.84,-7.89,-8.51,-7.85,-10.22,-6.92,-2.64,-6.11,-9.57,-4.34,-9.0,-18.74,-15.74,-21.14,-20.82,-18.94,-19.48,-13.17,-15.78,-13.24,-9.21,-9.51,-10.68,-11.15,-15.38,-14.4,-11.77,-8.93,-7.31,-3.24,1.21,1.31,-1.8,-6.06,-12.9,-15.6,-9.41,-8.21,-10.37,-16.74,-5.78,-4.0,2.37,-2.24,-1.24,-5.7,-9.48,-9.87,-13.22,-16.88,-14.1,-15.54,-7.59,-0.83,0.16,-0.56,8.53,-2.08,-10.16,-11.99,-12.22,-20.14,-16.47,-10.21,-6.27,-1.2,1.82,3.91,1.31,-2.45,-4.16,-7.63,-9.72,-17.64,-16.89
25,52.875,22.875,6.89,4.01,-5.55,-7.09,-4.62,0.47,-1.29,2.77,4.06,5.39,3.09,0.81,-3.95,-5.95,-4.19,-3.95,-3.6,-1.47,2.24,6.42,6.78,5.75,0.74,-2.09,-0.69,-3.8,-4.93,-5.09,-2.41,0.64,3.74,6.81,7.85,4.42,5.5,1.41,-2.97,-2.21,-5.06,-5.76,-5.19,-1.83,-0.23,0.92,3.72,4.08,-2.02,-1.55,-8.69,-6.49,-0.51,-4.23,0.6,1.0,4.04,8.26,8.37,5.4,1.16,-2.86,-1.32,-0.52,-1.95,-3.72,-3.22,-0.78,-1.13,4.3,7.52,6.31,2.09,-4.54,-3.22,-3.94,-6.38,-5.07,-3.49,0.25,1.66,2.25,4.62,2.81,-0.61,0.61,-1.16,-3.44,-5.52,-2.53,-2.58,1.47,4.78,5.34,7.83,6.07,6.46,0.74,-2.87,-2.79,0.52,-1.08,3.6,8.88,9.45,10.0,6.36,3.09,1.9,7.93,1.36,-1.75,-2.65,0.62,3.14,2.59,5.51,5.07,-0.77,-2.88,-2.54,-2.48,0.3,0.7,4.02,5.37,13.08,6.45,1.32,-3.47,-2.73,-0.68,1.65,4.45,5.46,3.7,1.6,-1.24,-8.27,-6.43,-7.33,-9.29,-0.23,0.36,1.83,0.17,-0.88,-10.37,-13.98,-20.58,-5.13,-8.16,-2.36,-0.8,-6.59,-9.4,-8.51,-9.88,-3.28,-0.71,1.11,2.9,2.2,0.06,-4.57,-5.68,-5.38,-4.47,-3.69,-7.54,-2.16,0.34,-0.19,-0.88,-2.76,-6.86,-11.25,-10.45,-13.17,-9.35,-8.84,-8.71,-3.78,-1.83,-1.22,0.55,-0.42,-4.54,-10.07,-11.51,-9.71,-11.2,-5.75,-7.13,-3.75,1.17,1.95,0.02,-2.55,-8.67,-13.71,-8.53,-11.32,-9.38,-7.27,-2.31,-0.7,4.04,3.87,2.44,-0.7,-4.94,-5.1,-7.73,-11.07,-8.66,-7.47,-5.6,0.32,0.63,1.71,7.56,-3.09,-9.81,-11.59,-9.64,-16.13,-10.57,-7.95,-5.43,-1.74,2.82,2.76,0.93,-0.47,-4.09,-6.37,-7.92,-14.72,-14.05
26,52.625,22.875,8.47,5.08,-4.15,-6.35,-3.59,2.01,-0.56,3.62,5.46,7.21,4.39,2.43,-3.95,-6.43,-6.06,-4.56,-4.0,-3.21,0.74,6.18,6.53,6.42,2.01,-2.21,-1.15,-3.96,-5.5,-5.69,-2.85,-0.51,3.12,6.86,8.74,5.36,6.23,1.1,-3.65,-2.63,-5.77,-5.88,-5.92,-2.77,-0.77,1.74,5.63,5.47,-0.84,-1.15,-8.37,-6.0,-0.09,-4.54,0.26,-0.09,2.67,7.57,8.16,5.68,1.37,-3.59,-1.4,-0.7,-2.19,-4.02,-3.0,-1.04,-1.87,4.06,7.58,6.93,2.83,-3.6,-3.13,-3.34,-7.0,-4.67,-3.8,-0.33,0.97,2.73,5.82,3.82,0.08,1.1,0.04,-3.71,-6.83,-3.25,-2.23,2.21,5.49,6.25,8.0,6.75,6.67,1.54,-1.69,-0.87,2.41,0.71,4.14,10.73,9.8,12.07,7.99,3.97,5.76,9.62,3.21,-1.73,-2.76,-0.3,3.5,2.75,5.96,5.25,-1.03,-2.58,-1.92,-2.76,-1.04,1.36,3.89,5.33,14.92,6.92,2.43,-1.71,-2.07,-0.81,2.29,4.65,5.68,4.33,1.84,-0.31,-6.78,-5.64,-6.97,-9.51,-0.95,0.32,1.27,-0.62,-1.14,-11.5,-15.91,-21.24,-7.2,-14.48,-4.01,-2.08,-6.06,-9.67,-9.72,-13.52,-3.44,-1.25,0.89,3.0,2.69,-0.76,-4.94,-7.55,-6.13,-5.75,-4.91,-8.83,-3.55,-0.99,-1.57,-4.85,-2.66,-7.66,-13.91,-14.2,-17.1,-14.61,-14.26,-14.53,-10.79,-9.76,-4.8,-3.85,-5.16,-7.97,-12.37,-15.17,-12.51,-12.75,-7.96,-8.47,-3.97,0.76,1.34,-0.34,-4.27,-10.14,-14.19,-8.49,-6.48,-9.72,-12.29,-3.26,-1.43,3.73,2.48,1.28,-3.73,-5.95,-6.22,-9.28,-13.12,-11.58,-11.47,-6.94,-0.27,0.6,0.39,7.49,-2.97,-11.52,-13.44,-12.21,-20.83,-14.65,-10.76,-6.29,-1.43,2.25,3.47,1.19,-0.4,-3.88,-6.7,-8.64,-17.66,-16.48
27,52.375,22.875,8.47,5.08,-4.15,-6.35,-3.59,2.01,-0.56,3.62,5.46,7.21,4.39,2.43,-3.95,-6.43,-6.06,-4.56,-4.0,-3.21,0.74,6.18,6.53,6.42,2.01,-2.21,-1.15,-3.96,-5.5,-5.69,-2.85,-0.51,3.12,6.86,8.74,5.36,6.23,1.1,-3.65,-2.63,-5.77,-5.88,-5.92,-2.77,-0.77,1.74,5.63,5.47,-0.84,-1.15,-8.37,-6.0,-0.09,-4.54,0.26,-0.09,2.67,7.57,8.16,5.68,1.37,-3.59,-1.4,-0.7,-2.19,-4.02,-3.0,-1.04,-1.87,4.06,7.58,6.93,2.83,-3.6,-3.13,-3.34,-7.0,-4.67,-3.8,-0.33,0.97,2.73,5.82,3.82,0.08,1.1,0.04,-3.71,-6.83,-3.25,-2.23,2.21,5.49,6.25,8.0,6.75,6.67,1.54,-1.69,-0.87,2.41,0.71,4.14,10.73,9.8,12.07,7.99,3.97,5.76,9.62,3.21,-1.73,-2.76,-0.3,3.5,2.75,5.96,5.25,-1.03,-2.58,-1.92,-2.76,-1.04,1.36,3.89,5.33,14.92,6.92,2.43,-1.71,-2.07,-0.81,2.29,4.65,5.68,4.33,1.84,-0.31,-6.78,-5.64,-6.97,-9.51,-0.95,0.32,1.27,-0.62,-1.14,-11.5,-15.91,-21.24,-7.2,-14.48,-4.01,-2.08,-6.06,-9.67,-9.72,-13.52,-3.44,-1.25,0.89,3.0,2.69,-0.76,-4.94,-7.55,-6.13,-5.75,-4.91,-8.83,-3.55,-0.99,-1.57,-4.85,-2.66,-7.66,-13.91,-14.2,-17.1,-14.61,-14.26,-14.53,-10.79,-9.76,-4.8,-3.85,-5.16,-7.97,-12.37,-15.17,-12.51,-12.75,-7.96,-8.47,-3.97,0.76,1.34,-0.34,-4.27,-10.14,-14.19,-8.49,-6.48,-9.72,-12.29,-3.26,-1.43,3.73,2.48,1.28,-3.73,-5.95,-6.22,-9.28,-13.12,-11.58,-11.47,-6.94,-0.27,0.6,0.39,7.49,-2.97,-11.52,-13.44,-12.21,-20.83,-14.65,-10.76,-6.29,-1.43,2.25,3.47,1.19,-0.4,-3.88,-6.7,-8.64,-17.66,-16.48
28,52.125,22.875,8.47,5.08,-4.15,-6.35,-3.59,2.01,-0.56,3.62,5.46,7.21,4.39,2.43,-3.95,-6.43,-6.06,-4.56,-4.0,-3.21,0.74,6.18,6.53,6.42,2.01,-2.21,-1.15,-3.96,-5.5,-5.69,-2.85,-0.51,3.12,6.86,8.74,5.36,6.23,1.1,-3.65,-2.63,-5.77,-5.88,-5.92,-2.77,-0.77,1.74,5.63,5.47,-0.84,-1.15,-8.37,-6.0,-0.09,-4.54,0.26,-0.09,2.67,7.57,8.16,5.68,1.37,-3.59,-1.4,-0.7,-2.19,-4.02,-3.0,-1.04,-1.87,4.06,7.58,6.93,2.83,-3.6,-3.13,-3.34,-7.0,-4.67,-3.8,-0.33,0.97,2.73,5.82,3.82,0.08,1.1,0.04,-3.71,-6.83,-3.25,-2.23,2.21,5.49,6.25,8.0,6.75,6.67,1.54,-1.69,-0.87,2.41,0.71,4.14,10.73,9.8,12.07,7.99,3.97,5.76,9.62,3.21,-1.73,-2.76,-0.3,3.5,2.75,5.96,5.25,-1.03,-2.58,-1.92,-2.76,-1.04,1.36,3.89,5.33,14.92,6.92,2.43,-1.71,-2.07,-0.81,2.29,4.65,5.68,4.33,1.84,-0.31,-6.78,-5.64,-6.97,-9.51,-0.95,0.32,1.27,-0.62,-1.14,-11.5,-15.91,-21.24,-7.2,-14.48,-4.01,-2.08,-6.06,-9.67,-9.72,-13.52,-3.44,-1.25,0.89,3.0,2.69,-0.76,-4.94,-7.55,-6.13,-5.75,-4.91,-8.83,-3.55,-0.99,-1.57,-4.85,-2.66,-7.66,-13.91,-14.2,-17.1,-14.61,-14.26,-14.53,-10.79,-9.76,-4.8,-3.85,-5.16,-7.97,-12.37,-15.17,-12.51,-12.75,-7.96,-8.47,-3.97,0.76,1.34,-0.34,-4.27,-10.14,-14.19,-8.49,-6.48,-9.72,-12.29,-3.26,-1.43,3.73,2.48,1.28,-3.73,-5.95,-6.22,-9.28,-13.12,-11.58,-11.47,-6.94,-0.27,0.6,0.39,7.49,-2.97,-11.52,-13.44,-12.21,-20.83,-14.65,-10.76,-6.29,-1.43,2.25,3.47,1.19,-0.4,-3.88,-6.7,-8.64,-17.66,-16.48
29,51.875,22.875,9.15,5.67,-3.22,-4.97,-2.76,4.17,0.36,3.73,6.33,8.46,5.21,3.39,-4.35,-6.52,-7.25,-5.8,-4.72,-5.53,-1.12,5.79,6.47,6.89,2.95,-2.66,-2.29,-3.56,-5.77,-6.53,-3.84,-2.11,1.39,6.73,9.58,6.31,7.12,1.18,-3.5,-2.71,-5.79,-5.77,-5.77,-3.22,-0.7,2.94,7.75,6.84,0.94,-0.36,-6.97,-4.03,0.71,-4.68,-0.5,-1.17,1.15,7.46,8.42,6.0,1.79,-3.62,-2.71,-1.51,-2.66,-4.91,-3.49,-2.47,-3.06,3.36,6.68,6.81,3.41,-2.96,-2.88,-3.01,-6.8,-4.31,-4.47,-0.75,0.64,3.57,7.23,5.09,1.0,1.25,0.68,-3.71,-7.79,-4.53,-1.88,2.44,6.7,7.15,8.34,7.11,7.1,2.41,-0.82,0.55,3.19,1.59,3.56,11.2,9.23,12.05,8.07,4.38,4.67,11.43,1.98,-2.25,-3.36,-3.08,2.09,2.02,5.39,4.59,-1.53,-3.56,-3.23,-5.26,-2.05,1.14,3.79,5.15,15.02,6.21,4.13,-1.89,-1.46,-0.89,2.1,4.25,5.87,4.53,1.78,0.46,-4.88,-5.07,-6.39,-7.96,-1.86,0.01,1.79,-0.54,-0.73,-13.13,-16.55,-21.5,-12.52,-16.07,-5.74,-2.34,-5.2,-10.86,-11.49,-17.96,-4.03,-2.5,0.12,2.8,2.59,-1.47,-5.37,-9.84,-7.89,-8.51,-7.85,-10.22,-6.92,-2.64,-6.11,-9.57,-4.34,-9.0,-18.74,-15.74,-21.14,-20.82,-18.94,-19.48,-13.17,-15.78,-13.24,-9.21,-9.51,-10.68,-11.15,-15.38,-14.4,-11.77,-8.93,-7.31,-3.24,1.21,1.31,-1.8,-6.06,-12.9,-15.6,-9.41,-8.21,-10.37,-16.74,-5.78,-4.0,2.37,-2.24,-1.24,-5.7,-9.48,-9.87,-13.22,-16.88,-14.1,-15.54,-7.59,-0.83,0.16,-0.56,8.53,-2.08,-10.16,-11.99,-12.22,-20.14,-16.47,-10.21,-6.27,-1.2,1.82,3.91,1.31,-2.45,-4.16,-7.63,-9.72,-17.64,-16.89
30,51.625,22.875,9.15,5.67,-3.22,-4.97,-2.76,4.17,0.36,3.73,6.33,8.46,5.21,3.39,-4.35,-6.52,-7.25,-5.8,-4.72,-5.53,-1.12,5.79,6.47,6.89,2.95,-2.66,-2.29,-3.56,-5.77,-6.53,-3.84,-2.11,1.39,6.73,9.58,6.31,7.12,1.18,-3.5,-2.71,-5.79,-5.77,-5.77,-3.22,-0.7,2.94,7.75,6.84,0.94,-0.36,-6.97,-4.03,0.71,-4.68,-0.5,-1.17,1.15,7.46,8.42,6.0,1.79,-3.62,-2.71,-1.51,-2.66,-4.91,-3.49,-2.47,-3.06,3.36,6.68,6.81,3.41,-2.96,-2.88,-3.01,-6.8,-4.31,-4.47,-0.75,0.64,3.57,7.23,5.09,1.0,1.25,0.68,-3.71,-7.79,-4.53,-1.88,2.44,6.7,7.15,8.34,7.11,7.1,2.41,-0.82,0.55,3.19,1.59,3.56,11.2,9.23,12.05,8.07,4.38,4.67,11.43,1.98,-2.25,-3.36,-3.08,2.09,2.02,5.39,4.59,-1.53,-3.56,-3.23,-5.26,-2.05,1.14,3.79,5.15,15.02,6.21,4.13,-1.89,-1.46,-0.89,2.1,4.25,5.87,4.53,1.78,0.46,-4.88,-5.07,-6.39,-7.96,-1.86,0.01,1.79,-0.54,-0.73,-13.13,-16.55,-21.5,-12.52,-16.07,-5.74,-2.34,-5.2,-10.86,-11.49,-17.96,-4.03,-2.5,0.12,2.8,2.59,-1.47,-5.37,-9.84,-7.89,-8.51,-7.85,-10.22,-6.92,-2.64,-6.11,-9.57,-4.34,-9.0,-18.74,-15.74,-21.14,-20.82,-18.94,-19.48,-13.17,-15.78,-13.24,-9.21,-9.51,-10.68,-11.15,-15.38,-14.4,-11.77,-8.93,-7.31,-3.24,1.21,1.31,-1.8,-6.06,-12.9,-15.6,-9.41,-8.21,-10.37,-16.74,-5.78,-4.0,2.37,-2.24,-1.24,-5.7,-9.48,-9.87,-13.22,-16.88,-14.1,-15.54,-7.59,-0.83,0.16,-0.56,8.53,-2.08,-10.16,-11.99,-12.22,-20.14,-16.47,-10.21,-6.27,-1.2,1.82,3.91,1.31,-2.45,-4.16,-7.63,-9.72,-17.64,-16.89
31,52.875,23.125,6.89,4.01,-5.55,-7.09,-4.62,0.47,-1.29,2.77,4.06,5.39,3.09,0.81,-3.95,-5.95,-4.19,-3.95,-3.6,-1.47,2.24,6.42,6.78,5.75,0.74,-2.09,-0.69,-3.8,-4.93,-5.09,-2.41,0.64,3.74,6.81,7.85,4.42,5.5,1.41,-2.97,-2.21,-5.06,-5.76,-5.19,-1.83,-0.23,0.92,3.72,4.08,-2.02,-1.55,-8.69,-6.49,-0.51,-4.23,0.6,1.0,4.04,8.26,8.37,5.4,1.16,-2.86,-1.32,-0.52,-1.95,-3.72,-3.22,-0.78,-1.13,4.3,7.52,6.31,2.09,-4.54,-3.22,-3.94,-6.38,-5.07,-3.49,0.25,1.66,2.25,4.62,2.81,-0.61,0.61,-1.16,-3.44,-5.52,-2.53,-2.58,1.47,4.78,5.34,7.83,6.07,6.46,0.74,-2.87,-2.79,0.52,-1.08,3.6,8.88,9.45,10.0,6.36,3.09,1.9,7.93,1.36,-1.75,-2.65,0.62,3.14,2.59,5.51,5.07,-0.77,-2.88,-2.54,-2.48,0.3,0.7,4.02,5.37,13.08,6.45,1.32,-3.47,-2.73,-0.68,1.65,4.45,5.46,3.7,1.6,-1.24,-8.27,-6.43,-7.33,-9.29,-0.23,0.36,1.83,0.17,-0.88,-10.37,-13.98,-20.58,-5.13,-8.16,-2.36,-0.8,-6.59,-9.4,-8.51,-9.88,-3.28,-0.71,1.11,2.9,2.2,0.06,-4.57,-5.68,-5.38,-4.47,-3.69,-7.54,-2.16,0.34,-0.19,-0.88,-2.76,-6.86,-11.25,-10.45,-13.17,-9.35,-8.84,-8.71,-3.78,-1.83,-1.22,0.55,-0.42,-4.54,-10.07,-11.51,-9.71,-11.2,-5.75,-7.13,-3.75,1.17,1.95,0.02,-2.55,-8.67,-13.71,-8.53,-11.32,-9.38,-7.27,-2.31,-0.7,4.04,3.87,2.44,-0.7,-4.94,-5.1,-7.73,-11.07,-8.66,-7.47,-5.6,0.32,0.63,1.71,7.56,-3.09,-9.81,-11.59,-9.64,-16.13,-10.57,-7.95,-5.43,-1.74,2.82,2.76,0.93,-0.47,-4.09,-6.37,-7.92,-14.72,-14.05
32,52.625,23.125,8.16,5.14,-5.18,-6.72,-3.83,1.87,-0.99,2.52,4.8,6.93,4.36,2.2,-4.17,-6.25,-5.81,-4.8,-4.2,-3.52,1.07,6.0,6.93,6.64,2.23,-2.17,-1.5,-3.44,-6.0,-5.79,-3.52,-0.8,1.98,6.64,8.99,5.83,6.89,1.78,-2.86,-2.46,-6.19,-5.79,-5.44,-2.6,-0.33,1.91,5.94,5.51,-0.05,-0.79,-7.55,-5.3,0.5,-4.25,-0.6,-0.38,2.54,8.14,9.17,6.02,1.82,-2.45,-1.98,-0.58,-2.38,-4.56,-3.8,-2.7,-2.2,3.15,6.62,6.76,3.05,-3.74,-3.22,-4.0,-6.88,-5.3,-4.36,-0.63,1.21,3.08,6.08,4.11,0.53,0.98,-0.54,-3.45,-6.98,-3.86,-2.18,1.5,5.54,6.58,8.21,6.59,6.83,1.59,-2.28,-1.96,1.82,-0.85,2.0,10.54,8.38,10.49,6.69,3.81,2.79,11.45,1.29,-2.88,-3.69,-1.65,1.59,2.08,5.02,4.56,-0.84,-3.6,-3.08,-4.1,-2.04,1.26,3.61,5.25,15.47,7.24,4.93,-3.36,-2.39,-1.32,1.22,3.56,5.74,4.26,1.99,0.04,-7.43,-6.41,-7.19,-8.43,-1.6,-0.61,1.81,-0.31,-1.07,-12.87,-15.55,-24.57,-11.26,-9.79,-5.67,-0.91,-5.82,-10.46,-10.55,-13.62,-4.25,-2.34,-0.18,2.74,2.21,-0.43,-5.33,-7.06,-6.58,-7.07,-6.32,-9.15,-5.09,-1.39,-4.75,-5.19,-4.74,-8.61,-16.64,-12.59,-19.27,-16.78,-14.0,-15.29,-9.26,-11.22,-10.27,-5.78,-5.89,-7.43,-11.93,-14.08,-14.03,-11.66,-8.39,-8.61,-4.16,0.79,1.61,-1.87,-5.64,-12.3,-15.46,-9.9,-12.69,-10.32,-10.65,-5.27,-2.42,2.99,1.68,1.36,-2.76,-5.98,-6.45,-9.53,-14.28,-11.11,-10.75,-6.43,-0.26,-0.22,1.62,8.19,-2.44,-8.56,-11.14,-11.28,-19.17,-17.22,-9.83,-6.41,-2.17,1.6,2.87,1.13,-0.61,-3.91,-7.29,-8.89,-22.65,-18.42
33,52.375,23.125,8.16,5.14,-5.18,-6.72,-3.83,1.87,-0.99,2.52,4.8,6.93,4.36,2.2,-4.17,-6.25,-5.81,-4.8,-4.2,-3.52,1.07,6.0,6.93,6.64,2.23,-2.17,-1.5,-3.44,-6.0,-5.79,-3.52,-0.8,1.98,6.64,8.99,5.83,6.89,1.78,-2.86,-2.46,-6.19,-5.79,-5.44,-2.6,-0.33,1.91,5.94,5.51,-0.05,-0.79,-7.55,-5.3,0.5,-4.25,-0.6,-0.38,2.54,8.14,9.17,6.02,1.82,-2.45,-1.98,-0.58,-2.38,-4.56,-3.8,-2.7,-2.2,3.15,6.62,6.76,3.05,-3.74,-3.22,-4.0,-6.88,-5.3,-4.36,-0.63,1.21,3.08,6.08,4.11,0.53,0.98,-0.54,-3.45,-6.98,-3.86,-2.18,1.5,5.54,6.58,8.21,6.59,6.83,1.59,-2.28,-1.96,1.82,-0.85,2.0,10.54,8.38,10.49,6.69,3.81,2.79,11.45,1.29,-2.88,-3.69,-1.65,1.59,2.08,5.02,4.56,-0.84,-3.6,-3.08,-4.1,-2.04,1.26,3.61,5.25,15.47,7.24,4.93,-3.36,-2.39,-1.32,1.22,3.56,5.74,4.26,1.99,0.04,-7.43,-6.41,-7.19,-8.43,-1.6,-0.61,1.81,-0.31,-1.07,-12.87,-15.55,-24.57,-11.26,-9.79,-5.67,-0.91,-5.82,-10.46,-10.55,-13.62,-4.25,-2.34,-0.18,2.74,2.21,-0.43,-5.33,-7.06,-6.58,-7.07,-6.32,-9.15,-5.09,-1.39,-4.75,-5.19,-4.74,-8.61,-16.64,-12.59,-19.27,-16.78,-14.0,-15.29,-9.26,-11.22,-10.27,-5.78,-5.89,-7.43,-11.93,-14.08,-14.03,-11.66,-8.39,-8.61,-4.16,0.79,1.61,-1.87,-5.64,-12.3,-15.46,-9.9,-12.69,-10.32,-10.65,-5.27,-2.42,2.99,1.68,1.36,-2.76,-5.98,-6.45,-9.53,-14.28,-11.11,-10.75,-6.43,-0.26,-0.22,1.62,8.19,-2.44,-8.56,-11.14,-11.28,-19.17,-17.22,-9.83,-6.41,-2.17,1.6,2.87,1.13,-0.61,-3.91,-7.29,-8.89,-22.65,-18.42
34,52.125,23.125,8.16,5.14,-5.18,-6.72,-3.83,1.87,-0.99,2.52,4.8,6.93,4.36,2.2,-4.17,-6.25,-5.81,-4.8,-4.2,-3.52,1.07,6.0,6.93,6.64,2.23,-2.17,-1.5,-3.44,-6.0,-5.79,-3.52,-0.8,1.98,6.64,8.99,5.83,6.89,1.78,-2.86,-2.46,-6.19,-5.79,-5.44,-2.6,-0.33,1.91,5.94,5.51,-0.05,-0.79,-7.55,-5.3,0.5,-4.25,-0.6,-0.38,2.54,8.14,9.17,6.02,1.82,-2.45,-1.98,-0.58,-2.38,-4.56,-3.8,-2.7,-2.2,3.15,6.62,6.76,3.05,-3.74,-3.22,-4.0,-6.88,-5.3,-4.36,-0.63,1.21,3.08,6.08,4.11,0.53,0.98,-0.54,-3.45,-6.98,-3.86,-2.18,1.5,5.54,6.58,8.21,6.59,6.83,1.59,-2.28,-1.96,1.82,-0.85,2.0,10.54,8.38,10.49,6.69,3.81,2.79,11.45,1.29,-2.88,-3.69,-1.65,1.59,2.08,5.02,4.56,-0.84,-3.6,-3.08,-4.1,-2.04,1.26,3.61,5.25,15.47,7.24,4.93,-3.36,-2.39,-1.32,1.22,3.56,5.74,4.26,1.99,0.04,-7.43,-6.41,-7.19,-8.43,-1.6,-0.61,1.81,-0.31,-1.07,-12.87,-15.55,-24.57,-11.26,-9.79,-5.67,-0.91,-5.82,-10.46,-10.55,-13.62,-4.25,-2.34,-0.18,2.74,2.21,-0.43,-5.33,-7.06,-6.58,-7.07,-6.32,-9.15,-5.09,-1.39,-4.75,-5.19,-4.74,-8.61,-16.64,-12.59,-19.27,-16.78,-14.0,-15.29,-9.26,-11.22,-10.27,-5.78,-5.89,-7.43,-11.93,-14.08,-14.03,-11.66,-8.39,-8.61,-4.16,0.79,1.61,-1.87,-5.64,-12.3,-15.46,-9.9,-12.69,-10.32,-10.65,-5.27,-2.42,2.99,1.68,1.36,-2.76,-5.98,-6.45,-9.53,-14.28,-11.11,-10.75,-6.43,-0.26,-0.22,1.62,8.19,-2.44,-8.56,-11.14,-11.28,-19.17,-17.22,-9.83,-6.41,-2.17,1.6,2.87,1.13,-0.61,-3.91,-7.29,-8.89,-22.65,-18.42
35,51.875,23.125,9.15,5.67,-3.22,-4.97,-2.76,4.17,0.36,3.73,6.33,8.46,5.21,3.39,-4.35,-6.52,-7.25,-5.8,-4.72,-5.53,-1.12,5.79,6.47,6.89,2.95,-2.66,-2.29,-3.56,-5.77,-6.53,-3.84,-2.11,1.39,6.73,9.58,6.31,7.12,1.18,-3.5,-2.71,-5.79,-5.77,-5.77,-3.22,-0.7,2.94,7.75,6.84,0.94,-0.36,-6.97,-4.03,0.71,-4.68,-0.5,-1.17,1.15,7.46,8.42,6.0,1.79,-3.62,-2.71,-1.51,-2.66,-4.91,-3.49,-2.47,-3.06,3.36,6.68,6.81,3.41,-2.96,-2.88,-3.01,-6.8,-4.31,-4.47,-0.75,0.64,3.57,7.23,5.09,1.0,1.25,0.68,-3.71,-7.79,-4.53,-1.88,2.44,6.7,7.15,8.34,7.11,7.1,2.41,-0.82,0.55,3.19,1.59,3.56,11.2,9.23,12.05,8.07,4.38,4.67,11.43,1.98,-2.25,-3.36,-3.08,2.09,2.02,5.39,4.59,-1.53,-3.56,-3.23,-5.26,-2.05,1.14,3.79,5.15,15.02,6.21,4.13,-1.89,-1.46,-0.89,2.1,4.25,5.87,4.53,1.78,0.46,-4.88,-5.07,-6.39,-7.96,-1.86,0.01,1.79,-0.54,-0.73,-13.13,-16.55,-21.5,-12.52,-16.07,-5.74,-2.34,-5.2,-10.86,-11.49,-17.96,-4.03,-2.5,0.12,2.8,2.59,-1.47,-5.37,-9.84,-7.89,-8.51,-7.85,-10.22,-6.92,-2.64,-6.11,-9.57,-4.34,-9.0,-18.74,-15.74,-21.14,-20.82,-18.94,-19.48,-13.17,-15.78,-13.24,-9.21,-9.51,-10.68,-11.15,-15.38,-14.4,-11.77,-8.93,-7.31,-3.24,1.21,1.31,-1.8,-6.06,-12.9,-15.6,-9.41,-8.21,-10.37,-16.74,-5.78,-4.0,2.37,-2.24,-1.24,-5.7,-9.48,-9.87,-13.22,-16.88,-14.1,-15.54,-7.59,-0.83,0.16,-0.56,8.53,-2.08,-10.16,-11.99,-12.22,-20.14,-16.47,-10.21,-6.27,-1.2,1.82,3.91,1.31,-2.45,-4.16,-7.63,-9.72,-17.64,-16.89
36,51.625,23.125,9.15,5.67,-3.22,-4.97,-2.76,4.17,0.36,3.73,6.33,8.46,5.21,3.39,-4.35,-6.52,-7.25,-5.8,-4.72,-5.53,-1.12,5.79,6.47,6.89,2.95,-2.66,-2.29,-3.56,-5.77,-6.53,-3.84,-2.11,1.39,6.73,9.58,6.31,7.12,1.18,-3.5,-2.71,-5.79,-5.77,-5.77,-3.22,-0.7,2.94,7.75,6.84,0.94,-0.36,-6.97,-4.03,0.71,-4.68,-0.5,-1.17,1.15,7.46,8.42,6.0,1.79,-3.62,-2.71,-1.51,-2.66,-4.91,-3.49,-2.47,-3.06,3.36,6.68,6.81,3.41,-2.96,-2.88,-3.01,-6.8,-4.31,-4.47,-0.75,0.64,3.57,7.23,5.09,1.0,1.25,0.68,-3.71,-7.79,-4.53,-1.88,2.44,6.7,7.15,8.34,7.11,7.1,2.41,-0.82,0.55,3.19,1.59,3.56,11.2,9.23,12.05,8.07,4.38,4.67,11.43,1.98,-2.25,-3.36,-3.08,2.09,2.02,5.39,4.59,-1.53,-3.56,-3.23,-5.26,-2.05,1.14,3.79,5.15,15.02,6.21,4.13,-1.89,-1.46,-0.89,2.1,4.25,5.87,4.53,1.78,0.46,-4.88,-5.07,-6.39,-7.96,-1.86,0.01,1.79,-0.54,-0.73,-13.13,-16.55,-21.5,-12.52,-16.07,-5.74,-2.34,-5.2,-10.86,-11.49,-17.96,-4.03,-2.5,0.12,2.8,2.59,-1.47,-5.37,-9.84,-7.89,-8.51,-7.85,-10.22,-6.92,-2.64,-6.11,-9.57,-4.34,-9.0,-18.74,-15.74,-21.14,-20.82,-18.94,-19.48,-13.17,-15.78,-13.24,-9.21,-9.51,-10.68,-11.15,-15.38,-14.4,-11.77,-8.93,-7.31,-3.24,1.21,1.31,-1.8,-6.06,-12.9,-15.6,-9.41,-8.21,-10.37,-16.74,-5.78,-4.0,2.37,-2.24,-1.24,-5.7,-9.48,-9.87,-13.22,-16.88,-14.1,-15.54,-7.59,-0.83,0.16,-0.56,8.53,-2.08,-10.16,-11.99,-12.22,-20.14,-16.47,-10.21,-6.27,-1.2,1.82,3.91,1.31,-2.45,-4.16,-7.63,-9.72,-17.64,-16.89
37,51.375,23.125,9.15,5.67,-3.22,-4.97,-2.76,4.17,0.36,3.73,6.33,8.46,5.21,3.39,-4.35,-6.52,-7.25,-5.8,-4.72,-5.53,-1.12,5.79,6.47,6.89,2.95,-2.66,-2.29,-3.56,-5.77,-6.53,-3.84,-2.11,1.39,6.73,9.58,6.31,7.12,1.18,-3.5,-2.71,-5.79,-5.77,-5.77,-3.22,-0.7,2.94,7.75,6.84,0.94,-0.36,-6.97,-4.03,0.71,-4.68,-0.5,-1.17,1.15,7.46,8.42,6.0,1.79,-3.62,-2.71,-1.51,-2.66,-4.91,-3.49,-2.47,-3.06,3.36,6.68,6.81,3.41,-2.96,-2.88,-3.01,-6.8,-4.31,-4.47,-0.75,0.64,3.57,7.23,5.09,1.0,1.25,0.68,-3.71,-7.79,-4.53,-1.88,2.44,6.7,7.15,8.34,7.11,7.1,2.41,-0.82,0.55,3.19,1.59,3.56,11.2,9.23,12.05,8.07,4.38,4.67,11.43,1.98,-2.25,-3.36,-3.08,2.09,2.02,5.39,4.59,-1.53,-3.56,-3.23,-5.26,-2.05,1.14,3.79,5.15,15.02,6.21,4.13,-1.89,-1.46,-0.89,2.1,4.25,5.87,4.53,1.78,0.46,-4.88,-5.07,-6.39,-7.96,-1.86,0.01,1.79,-0.54,-0.73,-13.13,-16.55,-21.5,-12.52,-16.07,-5.74,-2.34,-5.2,-10.86,-11.49,-17.96,-4.03,-2.5,0.12,2.8,2.59,-1.47,-5.37,-9.84,-7.89,-8.51,-7.85,-10.22,-6.92,-2.64,-6.11,-9.57,-4.34,-9.0,-18.74,-15.74,-21.14,-20.82,-18.94,-19.48,-13.17,-15.78,-13.24,-9.21,-9.51,-10.68,-11.15,-15.38,-14.4,-11.77,-8.93,-7.31,-3.24,1.21,1.31,-1.8,-6.06,-12.9,-15.6,-9.41,-8.21,-10.37,-16.74,-5.78,-4.0,2.37,-2.24,-1.24,-5.7,-9.48,-9.87,-13.22,-16.88,-14.1,-15.54,-7.59,-0.83,0.16,-0.56,8.53,-2.08,-10.16,-11.99,-12.22,-20.14,-16.47,-10.21,-6.27,-1.2,1.82,3.91,1.31,-2.45,-4.16,-7.63,-9.72,-17.64,-16.89
38,52.875,23.375,6.89,4.01,-5.55,-7.09,-4.62,0.47,-1.29,2.77,4.06,5.39,3.09,0.81,-3.95,-5.95,-4.19,-3.95,-3.6,-1.47,2.24,6.42,6.78,5.75,0.74,-2.09,-0.69,-3.8,-4.93,-5.09,-2.41,0.64,3.74,6.81,7.85,4.42,5.5,1.41,-2.97,-2.21,-5.06,-5.76,-5.19,-1.83,-0.23,0.92,3.72,4.08,-2.02,-1.55,-8.69,-6.49,-0.51,-4.23,0.6,1.0,4.04,8.26,8.37,5.4,1.16,-2.86,-1.32,-0.52,-1.95,-3.72,-3.22,-0.78,-1.13,4.3,7.52,6.31,2.09,-4.54,-3.22,-3.94,-6.38,-5.07,-3.49,0.25,1.66,2.25,4.62,2.81,-0.61,0.61,-1.16,-3.44,-5.52,-2.53,-2.58,1.47,4.78,5.34,7.83,6.07,6.46,0.74,-2.87,-2.79,0.52,-1.08,3.6,8.88,9.45,10.0,6.36,3.09,1.9,7.93,1.36,-1.75,-2.65,0.62,3.14,2.59,5.51,5.07,-0.77,-2.88,-2.54,-2.48,0.3,0.7,4.02,5.37,13.08,6.45,1.32,-3.47,-2.73,-0.68,1.65,4.45,5.46,3.7,1.6,-1.24,-8.27,-6.43,-7.33,-9.29,-0.23,0.36,1.83,0.17,-0.88,-10.37,-13.98,-20.58,-5.13,-8.16,-2.36,-0.8,-6.59,-9.4,-8.51,-9.88,-3.28,-0.71,1.11,2.9,2.2,0.06,-4.57,-5.68,-5.38,-4.47,-3.69,-7.54,-2.16,0.34,-0.19,-0.88,-2.76,-6.86,-11.25,-10.45,-13.17,-9.35,-8.84,-8.71,-3.78,-1.83,-1.22,0.55,-0.42,-4.54,-10.07,-11.51,-9.71,-11.2,-5.75,-7.13,-3.75,1.17,1.95,0.02,-2.55,-8.67,-13.71,-8.53,-11.32,-9.38,-7.27,-2.31,-0.7,4.04,3.87,2.44,-0.7,-4.94,-5.1,-7.73,-11.07,-8.66,-7.47,-5.6,0.32,0.63,1.71,7.56,-3.09,-9.81,-11.59,-9.64,-16.13,-10.57,-7.95,-5.43,-1.74,2.82,2.76,0.93,-0.47,-4.09,-6.37,-7.92,-14.72,-14.05
39,52.625,23.375,8.16,5.14,-5.18,-6.72,-3.83,1.87,-0.99,2.52,4.8,6.93,4.36,2.2,-4.17,-6.25,-5.81,-4.8,-4.2,-3.52,1.07,6.0,6.93,6.64,2.23,-2.17,-1.5,-3.44,-6.0,-5.79,-3.52,-0.8,1.98,6.64,8.99,5.83,6.89,1.78,-2.86,-2.46,-6.19,-5.79,-5.44,-2.6,-0.33,1.91,5.94,5.51,-0.05,-0.79,-7.55,-5.3,0.5,-4.25,-0.6,-0.38,2.54,8.14,9.17,6.02,1.82,-2.45,-1.98,-0.58,-2.38,-4.56,-3.8,-2.7,-2.2,3.15,6.62,6.76,3.05,-3.74,-3.22,-4.0,-6.88,-5.3,-4.36,-0.63,1.21,3.08,6.08,4.11,0.53,0.98,-0.54,-3.45,-6.98,-3.86,-2.18,1.5,5.54,6.58,8.21,6.59,6.83,1.59,-2.28,-1.96,1.82,-0.85,2.0,10.54,8.38,10.49,6.69,3.81,2.79,11.45,1.29,-2.88,-3.69,-1.65,1.59,2.08,5.02,4.56,-0.84,-3.6,-3.08,-4.1,-2.04,1.26,3.61,5.25,15.47,7.24,4.93,-3.36,-2.39,-1.32,1.22,3.56,5.74,4.26,1.99,0.04,-7.43,-6.41,-7.19,-8.43,-1.6,-0.61,1.81,-0.31,-1.07,-12.87,-15.55,-24.57,-11.26,-9.79,-5.67,-0.91,-5.82,-10.46,-10.55,-13.62,-4.25,-2.34,-0.18,2.74,2.21,-0.43,-5.33,-7.06,-6.58,-7.07,-6.32,-9.15,-5.09,-1.39,-4.75,-5.19,-4.74,-8.61,-16.64,-12.59,-19.27,-16.78,-14.0,-15.29,-9.26,-11.22,-10.27,-5.78,-5.89,-7.43,-11.93,-14.08,-14.03,-11.66,-8.39,-8.61,-4.16,0.79,1.61,-1.87,-5.64,-12.3,-15.46,-9.9,-12.69,-10.32,-10.65,-5.27,-2.42,2.99,1.68,1.36,-2.76,-5.98,-6.45,-9.53,-14.28,-11.11,-10.75,-6.43,-0.26,-0.22,1.62,8.19,-2.44,-8.56,-11.14,-11.28,-19.17,-17.22,-9.83,-6.41,-2.17,1.6,2.87,1.13,-0.61,-3.91,-7.29,-8.89,-22.65,-18.42
40,52.375,23.375,8.16,5.14,-5.18,-6.72,-3.83,1.87,-0.99,2.52,4.8,6.93,4.36,2.2,-4.17,-6.25,-5.81,-4.8,-4.2,-3.52,1.07,6.0,6.93,6.64,2.23,-2.17,-1.5,-3.44,-6.0,-5.79,-3.52,-0.8,1.98,6.64,8.99,5.83,6.89,1.78,-2.86,-2.46,-6.19,-5.79,-5.44,-2.6,-0.33,1.91,5.94,5.51,-0.05,-0.79,-7.55,-5.3,0.5,-4.25,-0.6,-0.38,2.54,8.14,9.17,6.02,1.82,-2.45,-1.98,-0.58,-2.38,-4.56,-3.8,-2.7,-2.2,3.15,6.62,6.76,3.05,-3.74,-3.22,-4.0,-6.88,-5.3,-4.36,-0.63,1.21,3.08,6.08,4.11,0.53,0.98,-0.54,-3.45,-6.98,-3.86,-2.18,1.5,5.54,6.58,8.21,6.59,6.83,1.59,-2.28,-1.96,1.82,-0.85,2.0,10.54,8.38,10.49,6.69,3.81,2.79,11.45,1.29,-2.88,-3.69,-1.65,1.59,2.08,5.02,4.56,-0.84,-3.6,-3.08,-4.1,-2.04,1.26,3.61,5.25,15.47,7.24,4.93,-3.36,-2.39,-1.32,1.22,3.56,5.74,4.26,1.99,0.04,-7.43,-6.41,-7.19,-8.43,-1.6,-0.61,1.81,-0.31,-1.07,-12.87,-15.55,-24.57,-11.26,-9.79,-5.67,-0.91,-5.82,-10.46,-10.55,-13.62,-4.25,-2.34,-0.18,2.74,2.21,-0.43,-5.33,-7.06,-6.58,-7.07,-6.32,-9.15,-5.09,-1.39,-4.75,-5.19,-4.74,-8.61,-16.64,-12.59,-19.27,-16.78,-14.0,-15.29,-9.26,-11.22,-10.27,-5.78,-5.89,-7.43,-11.93,-14.08,-14.03,-11.66,-8.39,-8.61,-4.16,0.79,1.61,-1.87,-5.64,-12.3,-15.46,-9.9,-12.69,-10.32,-10.65,-5.27,-2.42,2.99,1.68,1.36,-2.76,-5.98,-6.45,-9.53,-14.28,-11.11,-10.75,-6.43,-0.26,-0.22,1.62,8.19,-2.44,-8.56,-11.14,-11.28,-19.17,-17.22,-9.83,-6.41,-2.17,1.6,2.87,1.13,-0.61,-3.91,-7.29,-8.89,-22.65,-18.42
41,52.125,23.375,8.16,5.14,-5.18,-6.72,-3.83,1.87,-0.99,2.52,4.8,6.93,4.36,2.2,-4.17,-6.25,-5.81,-4.8,-4.2,-3.52,1.07,6.0,6.93,6.64,2.23,-2.17,-1.5,-3.44,-6.0,-5.79,-3.52,-0.8,1.98,6.64,8.99,5.83,6.89,1.78,-2.86,-2.46,-6.19,-5.79,-5.44,-2.6,-0.33,1.91,5.94,5.51,-0.05,-0.79,-7.55,-5.3,0.5,-4.25,-0.6,-0.38,2.54,8.14,9.17,6.02,1.82,-2.45,-1.98,-0.58,-2.38,-4.56,-3.8,-2.7,-2.2,3.15,6.62,6.76,3.05,-3.74,-3.22,-4.0,-6.88,-5.3,-4.36,-0.63,1.21,3.08,6.08,4.11,0.53,0.98,-0.54,-3.45,-6.98,-3.86,-2.18,1.5,5.54,6.58,8.21,6.59,6.83,1.59,-2.28,-1.96,1.82,-0.85,2.0,10.54,8.38,10.49,6.69,3.81,2.79,11.45,1.29,-2.88,-3.69,-1.65,1.59,2.08,5.02,4.56,-0.84,-3.6,-3.08,-4.1,-2.04,1.26,3.61,5.25,15.47,7.24,4.93,-3.36,-2.39,-1.32,1.22,3.56,5.74,4.26,1.99,0.04,-7.43,-6.41,-7.19,-8.43,-1.6,-0.61,1.81,-0.31,-1.07,-12.87,-15.55,-24.57,-11.26,-9.79,-5.67,-0.91,-5.82,-10.46,-10.55,-13.62,-4.25,-2.34,-0.18,2.74,2.21,-0.43,-5.33,-7.06,-6.58,-7.07,-6.32,-9.15,-5.09,-1.39,-4.75,-5.19,-4.74,-8.61,-16.64,-12.59,-19.27,-16.78,-14.0,-15.29,-9.26,-11.22,-10.27,-5.78,-5.89,-7.43,-11.93,-14.08,-14.03,-11.66,-8.39,-8.61,-4.16,0.79,1.61,-1.87,-5.64,-12.3,-15.46,-9.9,-12.69,-10.32,-10.65,-5.27,-2.42,2.99,1.68,1.36,-2.76,-5.98,-6.45,-9.53,-14.28,-11.11,-10.75,-6.43,-0.26,-0.22,1.62,8.19,-2.44,-8.56,-11.14,-11.28,-19.17,-17.22,-9.83,-6.41,-2.17,1.6,2.87,1.13,-0.61,-3.91,-7.29,-8.89,-22.65,-18.42
42,51.875,23.375,8.16,5.14,-5.18,-6.72,-3.83,1.87,-0.99,2.52,4.8,6.93,4.36,2.2,-4.17,-6.25,-5.81,-4.8,-4.2,-3.52,1.07,6.0,6.93,6.64,2.23,-2.17,-1.5,-3.44,-6.0,-5.79,-3.52,-0.8,1.98,6.64,8.99,5.83,6.89,1.78,-2.86,-2.46,-6.19,-5.79,-5.44,-2.6,-0.33,1.91,5.94,5.51,-0.05,-0.79,-7.55,-5.3,0.5,-4.25,-0.6,-0.38,2.54,8.14,9.17,6.02,1.82,-2.45,-1.98,-0.58,-2.38,-4.56,-3.8,-2.7,-2.2,3.15,6.62,6.76,3.05,-3.74,-3.22,-4.0,-6.88,-5.3,-4.36,-0.63,1.21,3.08,6.08,4.11,0.53,0.98,-0.54,-3.45,-6.98,-3.86,-2.18,1.5,5.54,6.58,8.21,6.59,6.83,1.59,-2.28,-1.96,1.82,-0.85,2.0,10.54,8.38,10.49,6.69,3.81,2.79,11.45,1.29,-2.88,-3.69,-1.65,1.59,2.08,5.02,4.56,-0.84,-3.6,-3.08,-4.1,-2.04,1.26,3.61,5.25,15.47,7.24,4.93,-3.36,-2.39,-1.32,1.22,3.56,5.74,4.26,1.99,0.04,-7.43,-6.41,-7.19,-8.43,-1.6,-0.61,1.81,-0.31,-1.07,-12.87,-15.55,-24.57,-11.26,-9.79,-5.67,-0.91,-5.82,-10.46,-10.55,-13.62,-4.25,-2.34,-0.18,2.74,2.21,-0.43,-5.33,-7.06,-6.58,-7.07,-6.32,-9.15,-5.09,-1.39,-4.75,-5.19,-4.74,-8.61,-16.64,-12.59,-19.27,-16.78,-14.0,-15.29,-9.26,-11.22,-10.27,-5.78,-5.89,-7.43,-11.93,-14.08,-14.03,-11.66,-8.39,-8.61,-4.16,0.79,1.61,-1.87,-5.64,-12.3,-15.46,-9.9,-12.69,-10.32,-10.65,-5.27,-2.42,2.99,1.68,1.36,-2.76,-5.98,-6.45,-9.53,-14.28,-11.11,-10.75,-6.43,-0.26,-0.22,1.62,8.19,-2.44,-8.56,-11.14,-11.28,-19.17,-17.22,-9.83,-6.41,-2.17,1.6,2.87,1.13,-0.61,-3.91,-7.29,-8.89,-22.65,-18.42
43,51.625,23.375,9.15,5.67,-3.22,-4.97,-2.76,4.17,0.36,3.73,6.33,8.46,5.21,3.39,-4.35,-6.52,-7.25,-5.8,-4.72,-5.53,-1.12,5.79,6.47,6.89,2.95,-2.66,-2.29,-3.56,-5.77,-6.53,-3.84,-2.11,1.39,6.73,9.58,6.31,7.12,1.18,-3.5,-2.71,-5.79,-5.77,-5.77,-3.22,-0.7,2.94,7.75,6.84,0.94,-0.36,-6.97,-4.03,0.71,-4.68,-0.5,-1.17,1.15,7.46,8.42,6.0,1.79,-3.62,-2.71,-1.51,-2.66,-4.91,-3.49,-2.47,-3.06,3.36,6.68,6.81,3.41,-2.96,-2.88,-3.01,-6.8,-4.31,-4.47,-0.75,0.64,3.57,7.23,5.09,1.0,1.25,0.68,-3.71,-7.79,-4.53,-1.88,2.44,6.7,7.15,8.34,7.11,7.1,2.41,-0.82,0.55,3.19,1.59,3.56,11.2,9.23,12.05,8.07,4.38,4.67,11.43,1.98,-2.25,-3.36,-3.08,2.09,2.02,5.39,4.59,-1.53,-3.56,-3.23,-5.26,-2.05,1.14,3.79,5.15,15.02,6.21,4.13,-1.89,-1.46,-0.89,2.1,4.25,5.87,4.53,1.78,0.46,-4.88,-5.07,-6.39,-7.96,-1.86,0.01,1.79,-0.54,-0.73,-13.13,-16.55,-21.5,-12.52,-16.07,-5.74,-2.34,-5.2,-10.86,-11.49,-17.96,-4.03,-2.5,0.12,2.8,2.59,-1.47,-5.37,-9.84,-7.89,-8.51,-7.85,-10.22,-6.92,-2.64,-6.11,-9.57,-4.34,-9.0,-18.74,-15.74,-21.14,-20.82,-18.94,-19.48,-13.17,-15.78,-13.24,-9.21,-9.51,-10.68,-11.15,-15.38,-14.4,-11.77,-8.93,-7.31,-3.24,1.21,1.31,-1.8,-6.06,-12.9,-15.6,-9.41,-8.21,-10.37,-16.74,-5.78,-4.0,2.37,-2.24,-1.24,-5.7,-9.48,-9.87,-13.22,-16.88,-14.1,-15.54,-7.59,-0.83,0.16,-0.56,8.53,-2.08,-10.16,-11.99,-12.22,-20.14,-16.47,-10.21,-6.27,-1.2,1.82,3.91,1.31,-2.45,-4.16,-7.63,-9.72,-17.64,-16.89
44,51.375,23.375,9.15,5.67,-3.22,-4.97,-2.76,4.17,0.36,3.73,6.33,8.46,5.21,3.39,-4.35,-6.52,-7.25,-5.8,-4.72,-5.53,-1.12,5.79,6.47,6.89,2.95,-2.66,-2.29,-3.56,-5.77,-6.53,-3.84,-2.11,1.39,6.73,9.58,6.31,7.12,1.18,-3.5,-2.71,-5.79,-5.77,-5.77,-3.22,-0.7,2.94,7.75,6.84,0.94,-0.36,-6.97,-4.03,0.71,-4.68,-0.5,-1.17,1.15,7.46,8.42,6.0,1.79,-3.62,-2.71,-1.51,-2.66,-4.91,-3.49,-2.47,-3.06,3.36,6.68,6.81,3.41,-2.96,-2.88,-3.01,-6.8,-4.31,-4.47,-0.75,0.64,3.57,7.23,5.09,1.0,1.25,0.68,-3.71,-7.79,-4.53,-1.88,2.44,6.7,7.15,8.34,7.11,7.1,2.41,-0.82,0.55,3.19,1.59,3.56,11.2,9.23,12.05,8.07,4.38,4.67,11.43,1.98,-2.25,-3.36,-3.08,2.09,2.02,5.39,4.59,-1.53,-3.56,-3.23,-5.26,-2.05,1.14,3.79,5.15,15.02,6.21,4.13,-1.89,-1.46,-0.89,2.1,4.25,5.87,4.53,1.78,0.46,-4.88,-5.07,-6.39,-7.96,-1.86,0.01,1.79,-0.54,-0.73,-13.13,-16.55,-21.5,-12.52,-16.07,-5.74,-2.34,-5.2,-10.86,-11.49,-17.96,-4.03,-2.5,0.12,2.8,2.59,-1.47,-5.37,-9.84,-7.89,-8.51,-7.85,-10.22,-6.92,-2.64,-6.11,-9.57,-4.34,-9.0,-18.74,-15.74,-21.14,-20.82,-18.94,-19.48,-13.17,-15.78,-13.24,-9.21,-9.51,-10.68,-11.15,-15.38,-14.4,-11.77,-8.93,-7.31,-3.24,1.21,1.31,-1.8,-6.06,-12.9,-15.6,-9.41,-8.21,-10.37,-16.74,-5.78,-4.0,2.37,-2.24,-1.24,-5.7,-9.48,-9.87,-13.22,-16.88,-14.1,-15.54,-7.59,-0.83,0.16,-0.56,8.53,-2.08,-10.16,-11.99,-12.22,-20.14,-16.47,-10.21,-6.27,-1.2,1.82,3.91,1.31,-2.45,-4.16,-7.63,-9.72,-17.64,-16.89
45,51.125,23.375,9.15,5.67,-3.22,-4.97,-2.76,4.17,0.36,3.73,6.33,8.46,5.21,3.39,-4.35,-6.52,-7.25,-5.8,-4.72,-5.53,-1.12,5.79,6.47,6.89,2.95,-2.66,-2.29,-3.56,-5.77,-6.53,-3.84,-2.11,1.39,6.73,9.58,6.31,7.12,1.18,-3.5,-2.71,-5.79,-5.77,-5.77,-3.22,-0.7,2.94,7.75,6.84,0.94,-0.36,-6.97,-4.03,0.71,-4.68,-0.5,-1.17,1.15,7.46,8.42,6.0,1.79,-3.62,-2.71,-1.51,-2.66,-4.91,-3.49,-2.47,-3.06,3.36,6.68,6.81,3.41,-2.96,-2.88,-3.01,-6.8,-4.31,-4.47,-0.75,0.64,3.57,7.23,5.09,1.0,1.25,0.68,-3.71,-7.79,-4.53,-1.88,2.44,6.7,7.15,8.34,7.11,7.1,2.41,-0.82,0.55,3.19,1.59,3.56,11.2,9.23,12.05,8.07,4.38,4.67,11.43,1.98,-2.25,-3.36,-3.08,2.09,2.02,5.39,4.59,-1.53,-3.56,-3.23,-5.26,-2.05,1.14,3.79,5.15,15.02,6.21,4.13,-1.89,-1.46,-0.89,2.1,4.25,5.87,4.53,1.78,0.46,-4.88,-5.07,-6.39,-7.96,-1.86,0.01,1.79,-0.54,-0.73,-13.13,-16.55,-21.5,-12.52,-16.07,-5.74,-2.34,-5.2,-10.86,-11.49,-17.96,-4.03,-2.5,0.12,2.8,2.59,-1.47,-5.37,-9.84,-7.89,-8.51,-7.85,-10.22,-6.92,-2.64,-6.11,-9.57,-4.34,-9.0,-18.74,-15.74,-21.14,-20.82,-18.94,-19.48,-13.17,-15.78,-13.24,-9.21,-9.51,-10.68,-11.15,-15.38,-14.4,-11.77,-8.93,-7.31,-3.24,1.21,1.31,-1.8,-6.06,-12.9,-15.6,-9.41,-8.21,-10.37,-16.74,-5.78,-4.0,2.37,-2.24,-1.24,-5.7,-9.48,-9.87,-13.22,-16.88,-14.1,-15.54,-7.59,-0.83,0.16,-0.56,8.53,-2.08,-10.16,-11.99,-12.22,-20.14,-16.47,-10.21,-6.27,-1.2,1.82,3.91,1.31,-2.45,-4.16,-7.63,-9.72,-17.64,-16.89
46,50.875,23.375,8.54,5.21,-2.45,-3.74,-2.15,5.75,0.73,4.23,6.79,8.73,5.19,3.56,-4.6,-6.09,-7.28,-7.24,-6.07,-6.48,-3.0,5.55,5.93,6.37,2.76,-2.92,-3.25,-3.03,-5.16,-7.19,-4.53,-2.22,0.94,6.62,9.67,6.51,7.38,1.27,-2.77,-2.12,-4.79,-5.56,-5.56,-2.0,0.34,4.12,8.91,7.64,2.21,0.57,-5.1,-1.41,0.37,-4.89,-0.7,-1.4,1.01,7.05,8.17,5.64,1.78,-3.46,-4.08,-2.99,-3.21,-6.07,-3.83,-2.7,-2.89,3.24,6.05,6.01,3.12,-2.44,-2.16,-2.63,-6.31,-3.56,-5.17,-0.3,0.77,4.07,7.99,5.36,1.22,0.87,0.68,-4.45,-8.43,-6.6,-2.56,1.22,6.75,7.21,8.15,6.73,6.92,2.97,0.14,1.23,2.33,1.34,2.49,10.55,8.38,10.5,7.61,4.11,2.85,9.66,-0.77,-3.88,-5.14,-5.18,0.43,1.14,4.33,3.41,-2.59,-4.97,-6.07,-8.3,-3.65,-1.28,2.24,4.42,11.34,4.49,3.39,-2.53,-2.38,-1.31,0.8,3.03,5.28,3.64,0.88,0.17,-3.74,-6.02,-6.46,-8.19,-1.95,-0.07,1.78,-0.1,-0.72,-13.89,-19.14,-18.89,-15.37,-15.85,-6.76,-2.93,-6.08,-11.78,-13.1,-20.4,-4.55,-3.35,-0.86,2.07,1.81,-3.24,-5.35,-11.3,-10.4,-10.96,-12.02,-11.57,-9.57,-3.76,-9.59,-12.49,-6.33,-9.19,-21.02,-16.27,-23.02,-24.06,-22.03,-21.48,-12.03,-15.62,-14.35,-11.6,-9.97,-11.23,-9.34,-14.99,-15.24,-11.76,-9.31,-6.65,-2.97,1.14,1.1,-2.96,-6.97,-14.54,-14.26,-10.75,-11.19,-12.08,-19.24,-9.18,-7.12,0.2,-7.63,-3.55,-8.1,-14.66,-15.17,-19.94,-20.61,-17.14,-15.51,-8.77,-0.91,0.09,-1.54,7.71,-2.4,-10.95,-11.62,-12.21,-18.65,-16.9,-10.21,-5.96,-1.27,1.34,4.03,0.24,-6.89,-5.93,-8.77,-10.9,-16.39,-16.57
47,50.625,23.375,8.54,5.21,-2.45,-3.74,-2.15,5.75,0.73,4.23,6.79,8.73,5.19,3.56,-4.6,-6.09,-7.28,-7.24,-6.07,-6.48,-3.0,5.55,5.93,6.37,2.76,-2.92,-3.25,-3.03,-5.16,-7.19,-4.53,-2.22,0.94,6.62,9.67,6.51,7.38,1.27,-2.77,-2.12,-4.79,-5.56,-5.56,-2.0,0.34,4.12,8.91,7.64,2.21,0.57,-5.1,-1.41,0.37,-4.89,-0.7,-1.4,1.01,7.05,8.17,5.64,1.78,-3.46,-4.08,-2.99,-3.21,-6.07,-3.83,-2.7,-2.89,3.24,6.05,6.01,3.12,-2.44,-2.16,-2.63,-6.31,-3.56,-5.17,-0.3,0.77,4.07,7.99,5.36,1.22,0.87,0.68,-4.45,-8.43,-6.6,-2.56,1.22,6.75,7.21,8.15,6.73,6.92,2.97,0.14,1.23,2.33,1.34,2.49,10.55,8.38,10.5,7.61,4.11,2.85,9.66,-0.77,-3.88,-5.14,-5.18,0.43,1.14,4.33,3.41,-2.59,-4.97,-6.07,-8.3,-3.65,-1.28,2.24,4.42,11.34,4.49,3.39,-2.53,-2.38,-1.31,0.8,3.03,5.28,3.64,0.88,0.17,-3.74,-6.02,-6.46,-8.19,-1.95,-0.07,1.78,-0.1,-0.72,-13.89,-19.14,-18.89,-15.37,-15.85,-6.76,-2.93,-6.08,-11.78,-13.1,-20.4,-4.55,-3.35,-0.86,2.07,1.81,-3.24,-5.35,-11.3,-10.4,-10.96,-12.02,-11.57,-9.57,-3.76,-9.59,-12.49,-6.33,-9.19,-21.02,-16.27,-23.02,-24.06,-22.03,-21.48,-12.03,-15.62,-14.35,-11.6,-9.97,-11.23,-9.34,-14.99,-15.24,-11.76,-9.31,-6.65,-2.97,1.14,1.1,-2.96,-6.97,-14.54,-14.26,-10.75,-11.19,-12.08,-19.24,-9.18,-7.12,0.2,-7.63,-3.55,-8.1,-14.66,-15.17,-19.94,-20.61,-17.14,-15.51,-8.77,-0.91,0.09,-1.54,7.71,-2.4,-10.95,-11.62,-12.21,-18.65,-16.9,-10.21,-5.96,-1.27,1.34,4.03,0.24,-6.89,-5.93,-8.77,-10.9,-16.39,-16.57
48,50.375,23.375,8.54,5.21,-2.45,-3.74,-2.15,5.75,0.73,4.23,6.79,8.73,5.19,3.56,-4.6,-6.09,-7.28,-7.24,-6.07,-6.48,-3.0,5.55,5.93,6.37,2.76,-2.92,-3.25,-3.03,-5.16,-7.19,-4.53,-2.22,0.94,6.62,9.67,6.51,7.38,1.27,-2.77,-2.12,-4.79,-5.56,-5.56,-2.0,0.34,4.12,8.91,7.64,2.21,0.57,-5.1,-1.41,0.37,-4.89,-0.7,-1.4,1.01,7.05,8.17,5.64,1.78,-3.46,-4.08,-2.99,-3.21,-6.07,-3.83,-2.7,-2.89,3.24,6.05,6.01,3.12,-2.44,-2.16,-2.63,-6.31,-3.56,-5.17,-0.3,0.77,4.07,7.99,5.36,1.22,0.87,0.68,-4.45,-8.43,-6.6,-2.56,1.22,6.75,7.21,8.15,6.73,6.92,2.97,0.14,1.23,2.33,1.34,2.49,10.55,8.38,10.5,7.61,4.11,2.85,9.66,-0.77,-3.88,-5.14,-5.18,0.43,1.14,4.33,3.41,-2.59,-4.97,-6.07,-8.3,-3.65,-1.28,2.24,4.42,11.34,4.49,3.39,-2.53,-2.38,-1.31,0.8,3.03,5.28,3.64,0.88,0.17,-3.74,-6.02,-6.46,-8.19,-1.95,-0.07,1.78,-0.1,-0.72,-13.89,-19.14,-18.89,-15.37,-15.85,-6.76,-2.93,-6.08,-11.78,-13.1,-20.4,-4.55,-3.35,-0.86,2.07,1.81,-3.24,-5.35,-11.3,-10.4,-10.96,-12.02,-11.57,-9.57,-3.76,-9.59,-12.49,-6.33,-9.19,-21.02,-16.27,-23.02,-24.06,-22.03,-21.48,-12.03,-15.62,-14.35,-11.6,-9.97,-11.23,-9.34,-14.99,-15.24,-11.76,-9.31,-6.65,-2.97,1.14,1.1,-2.96,-6.97,-14.54,-14.26,-10.75,-11.19,-12.08,-19.24,-9.18,-7.12,0.2,-7.63,-3.55,-8.1,-14.66,-15.17,-19.94,-20.61,-17.14,-15.51,-8.77,-0.91,0.09,-1.54,7.71,-2.4,-10.95,-11.62,-12.21,-18.65,-16.9,-10.21,-5.96,-1.27,1.34,4.03,0.24,-6.89,-5.93,-8.77,-10.9,-16.39,-16.57
49,50.125,23.375,8.54,5.21,-2.45,-3.74,-2.15,5.75,0.73,4.23,6.79,8.73,5.19,3.56,-4.6,-6.09,-7.28,-7.24,-6.07,-6.48,-3.0,5.55,5.93,6.37,2.76,-2.92,-3.25,-3.03,-5.16,-7.19,-4.53,-2.22,0.94,6.62,9.67,6.51,7.38,1.27,-2.77,-2.12,-4.79,-5.56,-5.56,-2.0,0.34,4.12,8.91,7.64,2.21,0.57,-5.1,-1.41,0.37,-4.89,-0.7,-1.4,1.01,7.05,8.17,5.64,1.78,-3.46,-4.08,-2.99,-3.21,-6.07,-3.83,-2.7,-2.89,3.24,6.05,6.01,3.12,-2.44,-2.16,-2.63,-6.31,-3.56,-5.17,-0.3,0.77,4.07,7.99,5.36,1.22,0.87,0.68,-4.45,-8.43,-6.6,-2.56,1.22,6.75,7.21,8.15,6.73,6.92,2.97,0.14,1.23,2.33,1.34,2.49,10.55,8.38,10.5,7.61,4.11,2.85,9.66,-0.77,-3.88,-5.14,-5.18,0.43,1.14,4.33,3.41,-2.59,-4.97,-6.07,-8.3,-3.65,-1.28,2.24,4.42,11.34,4.49,3.39,-2.53,-2.38,-1.31,0.8,3.03,5.28,3.64,0.88,0.17,-3.74,-6.02,-6.46,-8.19,-1.95,-0.07,1.78,-0.1,-0.72,-13.89,-19.14,-18.89,-15.37,-15.85,-6.76,-2.93,-6.08,-11.78,-13.1,-20.4,-4.55,-3.35,-0.86,2.07,1.81,-3.24,-5.35,-11.3,-10.4,-10.96,-12.02,-11.57,-9.57,-3.76,-9.59,-12.49,-6.33,-9.19,-21.02,-16.27,-23.02,-24.06,-22.03,-21.48,-12.03,-15.62,-14.35,-11.6,-9.97,-11.23,-9.34,-14.99,-15.24,-11.76,-9.31,-6.65,-2.97,1.14,1.1,-2.96,-6.97,-14.54,-14.26,-10.75,-11.19,-12.08,-19.24,-9.18,-7.12,0.2,-7.63,-3.55,-8.1,-14.66,-15.17,-19.94,-20.61,-17.14,-15.51,-8.77,-0.91,0.09,-1.54,7.71,-2.4,-10.95,-11.62,-12.21,-18.65,-16.9,-10.21,-5.96,-1.27,1.34,4.03,0.24,-6.89,-5.93,-8.77,-10.9,-16.39,-16.57
50,52.875,23.625,8.16,5.14,-5.18,-6.72,-3.83,1.87,-0.99,2.52,4.8,6.93,4.36,2.2,-4.17,-6.25,-5.81,-4.8,-4.2,-3.52,1.07,6.0,6.93,6.64,2.23,-2.17,-1.5,-3.44,-6.0,-5.79,-3.52,-0.8,1.98,6.64,8.99,5.83,6.89,1.78,-2.86,-2.46,-6.19,-5.79,-5.44,-2.6,-0.33,1.91,5.94,5.51,-0.05,-0.79,-7.55,-5.3,0.5,-4.25,-0.6,-0.38,2.54,8.14,9.17,6.02,1.82,-2.45,-1.98,-0.58,-2.38,-4.56,-3.8,-2.7,-2.2,3.15,6.62,6.76,3.05,-3.74,-3.22,-4.0,-6.88,-5.3,-4.36,-0.63,1.21,3.08,6.08,4.11,0.53,0.98,-0.54,-3.45,-6.98,-3.86,-2.18,1.5,5.54,6.58,8.21,6.59,6.83,1.59,-2.28,-1.96,1.82,-0.85,2.0,10.54,8.38,10.49,6.69,3.81,2.79,11.45,1.29,-2.88,-3.69,-1.65,1.59,2.08,5.02,4.56,-0.84,-3.6,-3.08,-4.1,-2.04,1.26,3.61,5.25,15.47,7.24,4.93,-3.36,-2.39,-1.32,1.22,3.56,5.74,4.26,1.99,0.04,-7.43,-6.41,-7.19,-8.43,-1.6,-0.61,1.81,-0.31,-1.07,-12.87,-15.55,-24.57,-11.26,-9.79,-5.67,-0.91,-5.82,-10.46,-10.55,-13.62,-4.25,-2.34,-0.18,2.74,2.21,-0.43,-5.33,-7.06,-6.58,-7.07,-6.32,-9.15,-5.09,-1.39,-4.75,-5.19,-4.74,-8.61,-16.64,-12.59,-19.27,-16.78,-14.0,-15.29,-9.26,-11.22,-10.27,-5.78,-5.89,-7.43,-11.93,-14.08,-14.03,-11.66,-8.39,-8.61,-4.16,0.79,1.61,-1.87,-5.64,-12.3,-15.46,-9.9,-12.69,-10.32,-10.65,-5.27,-2.42,2.99,1.68,1.36,-2.76,-5.98,-6.45,-9.53,-14.28,-11.11,-10.75,-6.43,-0.26,-0.22,1.62,8.19,-2.44,-8.56,-11.14,-11.28,-19.17,-17.22,-9.83,-6.41,-2.17,1.6,2.87,1.13,-0.61,-3.91,-7.29,-8.89,-22.65,-18.42
51,52.625,23.625,8.16,5.14,-5.18,-6.72,-3.83,1.87,-0.99,2.52,4.8,6.93,4.36,2.2,-4.17,-6.25,-5.81,-4.8,-4.2,-3.52,1.07,6.0,6.93,6.64,2.23,-2.17,-1.5,-3.44,-6.0,-5.79,-3.52,-0.8,1.98,6.64,8.99,5.83,6.89,1.78,-2.86,-2.46,-6.19,-5.79,-5.44,-2.6,-0.33,1.91,5.94,5.51,-0.05,-0.79,-7.55,-5.3,0.5,-4.25,-0.6,-0.38,2.54,8.14,9.17,6.02,1.82,-2.45,-1.98,-0.58,-2.38,-4.56,-3.8,-2.7,-2.2,3.15,6.62,6.76,3.05,-3.74,-3.22,-4.0,-6.88,-5.3,-4.36,-0.63,1.21,3.08,6.08,4.11,0.53,0.98,-0.54,-3.45,-6.98,-3.86,-2.18,1.5,5.54,6.58,8.21,6.59,6.83,1.59,-2.28,-1.96,1.82,-0.85,2.0,10.54,8.38,10.49,6.69,3.81,2.79,11.45,1.29,-2.88,-3.69,-1.65,1.59,2.08,5.02,4.56,-0.84,-3.6,-3.08,-4.1,-2.04,1.26,3.61,5.25,15.47,7.24,4.93,-3.36,-2.39,-1.32,1.22,3.56,5.74,4.26,1.99,0.04,-7.43,-6.41,-7.19,-8.43,-1.6,-0.61,1.81,-0.31,-1.07,-12.87,-15.55,-24.57,-11.26,-9.79,-5.67,-0.91,-5.82,-10.46,-10.55,-13.62,-4.25,-2.34,-0.18,2.74,2.21,-0.43,-5.33,-7.06,-6.58,-7.07,-6.32,-9.15,-5.09,-1.39,-4.75,-5.19,-4.74,-8.61,-16.64,-12.59,-19.27,-16.78,-14.0,-15.29,-9.26,-11.22,-10.27,-5.78,-5.89,-7.43,-11.93,-14.08,-14.03,-11.66,-8.39,-8.61,-4.16,0.79,1.61,-1.87,-5.64,-12.3,-15.46,-9.9,-12.69,-10.32,-10.65,-5.27,-2.42,2.99,1.68,1.36,-2.76,-5.98,-6.45,-9.53,-14.28,-11.11,-10.75,-6.43,-0.26,-0.22,1.62,8.19,-2.44,-8.56,-11.14,-11.28,-19.17,-17.22,-9.83,-6.41,-2.17,1.6,2.87,1.13,-0.61,-3.91,-7.29,-8.89,-22.65,-18.42
52,52.375,23.625,8.16,5.14,-5.18,-6.72,-3.83,1.87,-0.99,2.52,4.8,6.93,4.36,2.2,-4.17,-6.25,-5.81,-4.8,-4.2,-3.52,1.07,6.0,6.93,6.64,2.23,-2.17,-1.5,-3.44,-6.0,-5.79,-3.52,-0.8,1.98,6.64,8.99,5.83,6.89,1.78,-2.86,-2.46,-6.19,-5.79,-5.44,-2.6,-0.33,1.91,5.94,5.51,-0.05,-0.79,-7.55,-5.3,0.5,-4.25,-0.6,-0.38,2.54,8.14,9.17,6.02,1.82,-2.45,-1.98,-0.58,-2.38,-4.56,-3.8,-2.7,-2.2,3.15,6.62,6.76,3.05,-3.74,-3.22,-4.0,-6.88,-5.3,-4.36,-0.63,1.21,3.08,6.08,4.11,0.53,0.98,-0.54,-3.45,-6.98,-3.86,-2.18,1.5,5.54,6.58,8.21,6.59,6.83,1.59,-2.28,-1.96,1.82,-0.85,2.0,10.54,8.38,10.49,6.69,3.81,2.79,11.45,1.29,-2.88,-3.69,-1.65,1.59,2.08,5.02,4.56,-0.84,-3.6,-3.08,-4.1,-2.04,1.26,3.61,5.25,15.47,7.24,4.93,-3.36,-2.39,-1.32,1.22,3.56,5.74,4.26,1.99,0.04,-7.43,-6.41,-7.19,-8.43,-1.6,-0.61,1.81,-0.31,-1.07,-12.87,-15.55,-24.57,-11.26,-9.79,-5.67,-0.91,-5.82,-10.46,-10.55,-13.62,-4.25,-2.34,-0.18,2.74,2.21,-0.43,-5.33,-7.06,-6.58,-7.07,-6.32,-9.15,-5.09,-1.39,-4.75,-5.19,-4.74,-8.61,-16.64,-12.59,-19.27,-16.78,-14.0,-15.29,-9.26,-11.22,-10.27,-5.78,-5.89,-7.43,-11.93,-14.08,-14.03,-11.66,-8.39,-8.61,-4.16,0.79,1.61,-1.87,-5.64,-12.3,-15.46,-9.9,-12.69,-10.32,-10.65,-5.27,-2.42,2.99,1.68,1.36,-2.76,-5.98,-6.45,-9.53,-14.28,-11.11,-10.75,-6.43,-0.26,-0.22,1.62,8.19,-2.44,-8.56,-11.14,-11.28,-19.17,-17.22,-9.83,-6.41,-2.17,1.6,2.87,1.13,-0.61,-3.91,-7.29,-8.89,-22.65,-18.42
53,52.125,23.625,8.16,5.14,-5.18,-6.72,-3.83,1.87,-0.99,2.52,4.8,6.93,4.36,2.2,-4.17,-6.25,-5.81,-4.8,-4.2,-3.52,1.07,6.0,6.93,6.64,2.23,-2.17,-1.5,-3.44,-6.0,-5.79,-3.52,-0.8,1.98,6.64,8.99,5.83,6.89,1.78,-2.86,-2.46,-6.19,-5.79,-5.44,-2.6,-0.33,1.91,5.94,5.51,-0.05,-0.79,-7.55,-5.3,0.5,-4.25,-0.6,-0.38,2.54,8.14,9.17,6.02,1.82,-2.45,-1.98,-0.58,-2.38,-4.56,-3.8,-2.7,-2.2,3.15,6.62,6.76,3.05,-3.74,-3.22,-4.0,-6.88,-5.3,-4.36,-0.63,1.21,3.08,6.08,4.11,0.53,0.98,-0.54,-3.45,-6.98,-3.86,-2.18,1.5,5.54,6.58,8.21,6.59,6.83,1.59,-2.28,-1.96,1.82,-0.85,2.0,10.54,8.38,10.49,6.69,3.81,2.79,11.45,1.29,-2.88,-3.69,-1.65,1.59,2.08,5.02,4.56,-0.84,-3.6,-3.08,-4.1,-2.04,1.26,3.61,5.25,15.47,7.24,4.93,-3.36,-2.39,-1.32,1.22,3.56,5.74,4.26,1.99,0.04,-7.43,-6.41,-7.19,-8.43,-1.6,-0.61,1.81,-0.31,-1.07,-12.87,-15.55,-24.57,-11.26,-9.79,-5.67,-0.91,-5.82,-10.46,-10.55,-13.62,-4.25,-2.34,-0.18,2.74,2.21,-0.43,-5.33,-7.06,-6.58,-7.07,-6.32,-9.15,-5.09,-1.39,-4.75,-5.19,-4.74,-8.61,-16.64,-12.59,-19.27,-16.78,-14.0,-15.29,-9.26,-11.22,-10.27,-5.78,-5.89,-7.43,-11.93,-14.08,-14.03,-11.66,-8.39,-8.61,-4.16,0.79,1.61,-1.87,-5.64,-12.3,-15.46,-9.9,-12.69,-10.32,-10.65,-5.27,-2.42,2.99,1.68,1.36,-2.76,-5.98,-6.45,-9.53,-14.28,-11.11,-10.75,-6.43,-0.26,-0.22,1.62,8.19,-2.44,-8.56,-11.14,-11.28,-19.17,-17.22,-9.83,-6.41,-2.17,1.6,2.87,1.13,-0.61,-3.91,-7.29,-8.89,-22.65,-18.42
54,51.875,23.625,8.16,5.14,-5.18,-6.72,-3.83,1.87,-0.99,2.52,4.8,6.93,4.36,2.2,-4.17,-6.25,-5.81,-4.8,-4.2,-3.52,1.07,6.0,6.93,6.64,2.23,-2.17,-1.5,-3.44,-6.0,-5.79,-3.52,-0.8,1.98,6.64,8.99,5.83,6.89,1.78,-2.86,-2.46,-6.19,-5.79,-5.44,-2.6,-0.33,1.91,5.94,5.51,-0.05,-0.79,-7.55,-5.3,0.5,-4.25,-0.6,-0.38,2.54,8.14,9.17,6.02,1.82,-2.45,-1.98,-0.58,-2.38,-4.56,-3.8,-2.7,-2.2,3.15,6.62,6.76,3.05,-3.74,-3.22,-4.0,-6.88,-5.3,-4.36,-0.63,1.21,3.08,6.08,4.11,0.53,0.98,-0.54,-3.45,-6.98,-3.86,-2.18,1.5,5.54,6.58,8.21,6.59,6.83,1.59,-2.28,-1.96,1.82,-0.85,2.0,10.54,8.38,10.49,6.69,3.81,2.79,11.45,1.29,-2.88,-3.69,-1.65,1.59,2.08,5.02,4.56,-0.84,-3.6,-3.08,-4.1,-2.04,1.26,3.61,5.25,15.47,7.24,4.93,-3.36,-2.39,-1.32,1.22,3.56,5.74,4.26,1.99,0.04,-7.43,-6.41,-7.19,-8.43,-1.6,-0.61,1.81,-0.31,-1.07,-12.87,-15.55,-24.57,-11.26,-9.79,-5.67,-0.91,-5.82,-10.46,-10.55,-13.62,-4.25,-2.34,-0.18,2.74,2.21,-0.43,-5.33,-7.06,-6.58,-7.07,-6.32,-9.15,-5.09,-1.39,-4.75,-5.19,-4.74,-8.61,-16.64,-12.59,-19.27,-16.78,-14.0,-15.29,-9.26,-11.22,-10.27,-5.78,-5.89,-7.43,-11.93,-14.08,-14.03,-11.66,-8.39,-8.61,-4.16,0.79,1.61,-1.87,-5.64,-12.3,-15.46,-9.9,-12.69,-10.32,-10.65,-5.27,-2.42,2.99,1.68,1.36,-2.76,-5.98,-6.45,-9.53,-14.28,-11.11,-10.75,-6.43,-0.26,-0.22,1.62,8.19,-2.44,-8.56,-11.14,-11.28,-19.17,-17.22,-9.83,-6.41,-2.17,1.6,2.87,1.13,-0.61,-3.91,-7.29,-8.89,-22.65,-18.42
55,51.625,23.625,7.96,5.04,-4.83,-5.6,-3.67,3.58,-1.45,2.74,5.37,7.52,4.52,2.97,-4.59,-5.97,-6.72,-6.18,-5.3,-4.81,-0.49,6.0,6.5,6.27,2.76,-2.73,-2.47,-3.09,-5.76,-6.83,-4.11,-0.97,2.16,6.25,9.2,6.12,7.3,1.99,-2.67,-2.43,-6.09,-6.24,-5.49,-2.75,-0.53,2.7,7.12,6.66,1.29,0.07,-6.49,-3.56,0.68,-4.38,-0.39,-0.19,3.16,7.7,9.26,6.01,2.0,-2.41,-2.76,-1.09,-2.36,-5.74,-4.07,-3.78,-2.68,3.21,6.2,6.16,2.99,-3.29,-2.87,-3.87,-7.06,-4.46,-4.51,-0.55,1.16,3.38,7.05,4.56,1.14,1.05,-0.0,-3.92,-8.01,-5.56,-2.4,0.96,5.43,6.66,8.2,6.41,6.54,2.55,-1.52,-1.09,1.41,-0.76,0.58,10.11,7.3,9.35,6.92,3.95,2.33,11.47,0.06,-3.37,-4.76,-2.85,0.94,1.22,4.38,3.53,-1.48,-4.4,-4.98,-6.78,-2.93,0.44,3.14,4.69,13.65,5.57,6.65,-3.07,-2.47,-0.71,1.96,3.43,5.79,3.92,1.44,0.72,-6.05,-7.19,-7.38,-8.6,-1.75,-1.0,1.39,-0.72,-1.4,-14.31,-16.99,-25.23,-15.04,-10.94,-7.63,-2.02,-5.95,-13.0,-13.76,-18.52,-4.49,-2.54,-0.78,2.52,1.85,-2.21,-5.87,-9.04,-8.69,-10.3,-11.33,-10.72,-7.59,-3.45,-9.47,-9.73,-7.69,-10.71,-21.83,-14.7,-23.61,-24.33,-20.25,-21.1,-11.9,-16.74,-14.05,-11.6,-12.05,-10.92,-11.84,-15.76,-17.61,-12.47,-9.56,-9.69,-4.26,-0.1,1.33,-4.7,-8.42,-15.41,-15.47,-11.62,-14.92,-11.67,-14.37,-10.29,-4.72,2.48,-3.7,-1.93,-6.62,-10.04,-9.86,-15.25,-19.07,-14.23,-15.41,-7.49,0.42,0.25,1.16,7.36,-2.14,-8.33,-10.38,-11.91,-19.53,-22.14,-11.49,-6.63,-1.7,1.48,2.88,1.31,-2.53,-3.87,-8.63,-9.72,-24.02,-20.93
56,51.375,23.625,7.96,5.04,-4.83,-5.6,-3.67,3.58,-1.45,2.74,5.37,7.52,4.52,2.97,-4.59,-5.97,-6.72,-6.18,-5.3,-4.81,-0.49,6.0,6.5,6.27,2.76,-2.73,-2.47,-3.09,-5.76,-6.83,-4.11,-0.97,2.16,6.25,9.2,6.12,7.3,1.99,-2.67,-2.43,-6.09,-6.24,-5.49,-2.75,-0.53,2.7,7.12,6.66,1.29,0.07,-6.49,-3.56,0.68,-4.38,-0.39,-0.19,3.16,7.7,9.26,6.01,2.0,-2.41,-2.76,-1.09,-2.36,-5.74,-4.07,-3.78,-2.68,3.21,6.2,6.16,2.99,-3.29,-2.87,-3.87,-7.06,-4.46,-4.51,-0.55,1.16,3.38,7.05,4.56,1.14,1.05,-0.0,-3.92,-8.01,-5.56,-2.4,0.96,5.43,6.66,8.2,6.41,6.54,2.55,-1.52,-1.09,1.41,-0.76,0.58,10.11,7.3,9.35,6.92,3.95,2.33,11.47,0.06,-3.37,-4.76,-2.85,0.94,1.22,4.38,3.53,-1.48,-4.4,-4.98,-6.78,-2.93,0.44,3.14,4.69,13.65,5.57,6.65,-3.07,-2.47,-0.71,1.96,3.43,5.79,3.92,1.44,0.72,-6.05,-7.19,-7.38,-8.6,-1.75,-1.0,1.39,-0.72,-1.4,-14.31,-16.99,-25.23,-15.04,-10.94,-7.63,-2.02,-5.95,-13.0,-13.76,-18.52,-4.49,-2.54,-0.78,2.52,1.85,-2.21,-5.87,-9.04,-8.69,-10.3,-11.33,-10.72,-7.59,-3.45,-9.47,-9.73,-7.69,-10.71,-21.83,-14.7,-23.61,-24.33,-20.25,-21.1,-11.9,-16.74,-14.05,-11.6,-12.05,-10.92,-11.84,-15.76,-17.61,-12.47,-9.56,-9.69,-4.26,-0.1,1.33,-4.7,-8.42,-15.41,-15.47,-11.62,-14.92,-11.67,-14.37,-10.29,-4.72,2.48,-3.7,-1.93,-6.62,-10.04,-9.86,-15.25,-19.07,-14.23,-15.41,-7.49,0.42,0.25,1.16,7.36,-2.14,-8.33,-10.38,-11.91,-19.53,-22.14,-11.49,-6.63,-1.7,1.48,2.88,1.31,-2.53,-3.87,-8.63,-9.72,-24.02,-20.93
57,51.125,23.625,7.96,5.04,-4.83,-5.6,-3.67,3.58,-1.45,2.74,5.37,7.52,4.52,2.97,-4.59,-5.97,-6.72,-6.18,-5.3,-4.81,-0.49,6.0,6.5,6.27,2.76,-2.73,-2.47,-3.09,-5.76,-6.83,-4.11,-0.97,2.16,6.25,9.2,6.12,7.3,1.99,-2.67,-2.43,-6.09,-6.24,-5.49,-2.75,-0.53,2.7,7.12,6.66,1.29,0.07,-6.49,-3.56,0.68,-4.38,-0.39,-0.19,3.16,7.7,9.26,6.01,2.0,-2.41,-2.76,-1.09,-2.36,-5.74,-4.07,-3.78,-2.68,3.21,6.2,6.16,2.99,-3.29,-2.87,-3.87,-7.06,-4.46,-4.51,-0.55,1.16,3.38,7.05,4.56,1.14,1.05,-0.0,-3.92,-8.01,-5.56,-2.4,0.96,5.43,6.66,8.2,6.41,6.54,2.55,-1.52,-1.09,1.41,-0.76,0.58,10.11,7.3,9.35,6.92,3.95,2.33,11.47,0.06,-3.37,-4.76,-2.85,0.94,1.22,4.38,3.53,-1.48,-4.4,-4.98,-6.78,-2.93,0.44,3.14,4.69,13.65,5.57,6.65,-3.07,-2.47,-0.71,1.96,3.43,5.79,3.92,1.44,0.72,-6.05,-7.19,-7.38,-8.6,-1.75,-1.0,1.39,-0.72,-1.4,-14.31,-16.99,-25.23,-15.04,-10.94,-7.63,-2.02,-5.95,-13.0,-13.76,-18.52,-4.49,-2.54,-0.78,2.52,1.85,-2.21,-5.87,-9.04,-8.69,-10.3,-11.33,-10.72,-7.59,-3.45,-9.47,-9.73,-7.69,-10.71,-21.83,-14.7,-23.61,-24.33,-20.25,-21.1,-11.9,-16.74,-14.05,-11.6,-12.05,-10.92,-11.84,-15.76,-17.61,-12.47,-9.56,-9.69,-4.26,-0.1,1.33,-4.7,-8.42,-15.41,-15.47,-11.62,-14.92,-11.67,-14.37,-10.29,-4.72,2.48,-3.7,-1.93,-6.62,-10.04,-9.86,-15.25,-19.07,-14.23,-15.41,-7.49,0.42,0.25,1.16,7.36,-2.14,-8.33,-10.38,-11.91,-19.53,-22.14,-11.49,-6.63,-1.7,1.48,2.88,1.31,-2.53,-3.87,-8.63,-9.72,-24.02,-20.93
58,50.875,23.625,8.54,5.21,-2.45,-3.74,-2.15,5.75,0.73,4.23,6.79,8.73,5.19,3.56,-4.6,-6.09,-7.28,-7.24,-6.07,-6.48,-3.0,5.55,5.93,6.37,2.76,-2.92,-3.25,-3.03,-5.16,-7.19,-4.53,-2.22,0.94,6.62,9.67,6.51,7.38,1.27,-2.77,-2.12,-4.79,-5.56,-5.56,-2.0,0.34,4.12,8.91,7.64,2.21,0.57,-5.1,-1.41,0.37,-4.89,-0.7,-1.4,1.01,7.05,8.17,5.64,1.78,-3.46,-4.08,-2.99,-3.21,-6.07,-3.83,-2.7,-2.89,3.24,6.05,6.01,3.12,-2.44,-2.16,-2.63,-6.31,-3.56,-5.17,-0.3,0.77,4.07,7.99,5.36,1.22,0.87,0.68,-4.45,-8.43,-6.6,-2.56,1.22,6.75,7.21,8.15,6.73,6.92,2.97,0.14,1.23,2.33,1.34,2.49,10.55,8.38,10.5,7.61,4.11,2.85,9.66,-0.77,-3.88,-5.14,-5.18,0.43,1.14,4.33,3.41,-2.59,-4.97,-6.07,-8.3,-3.65,-1.28,2.24,4.42,11.34,4.49,3.39,-2.53,-2.38,-1.31,0.8,3.03,5.28,3.64,0.88,0.17,-3.74,-6.02,-6.46,-8.19,-1.95,-0.07,1.78,-0.1,-0.72,-13.89,-19.14,-18.89,-15.37,-15.85,-6.76,-2.93,-6.08,-11.78,-13.1,-20.4,-4.55,-3.35,-0.86,2.07,1.81,-3.24,-5.35,-11.3,-10.4,-10.96,-12.02,-11.57,-9.57,-3.76,-9.59,-12.49,-6.33,-9.19,-21.02,-16.27,-23.02,-24.06,-22.03,-21.48,-12.03,-15.62,-14.35,-11.6,-9.97,-11.23,-9.34,-14.99,-15.24,-11.76,-9.31,-6.65,-2.97,1.14,1.1,-2.96,-6.97,-14.54,-14.26,-10.75,-11.19,-12.08,-19.24,-9.18,-7.12,0.2,-7.63,-3.55,-8.1,-14.66,-15.17,-19.94,-20.61,-17.14,-15.51,-8.77,-0.91,0.09,-1.54,7.71,-2.4,-10.95,-11.62,-12.21,-18.65,-16.9,-10.21,-5.96,-1.27,1.34,4.03,0.24,-6.89,-5.93,-8.77,-10.9,-16.39,-16.57
59,50.625,23.625,8.54,5.21,-2.45,-3.74,-2.15,5.75,0.73,4.23,6.79,8.73,5.19,3.56,-4.6,-6.09,-7.28,-7.24,-6.07,-6.48,-3.0,5.55,5.93,6.37,2.76,-2.92,-3.25,-3.03,-5.16,-7.19,-4.53,-2.22,0.94,6.62,9.67,6.51,7.38,1.27,-2.77,-2.12,-4.79,-5.56,-5.56,-2.0,0.34,4.12,8.91,7.64,2.21,0.57,-5.1,-1.41,0.37,-4.89,-0.7,-1.4,1.01,7.05,8.17,5.64,1.78,-3.46,-4.08,-2.99,-3.21,-6.07,-3.83,-2.7,-2.89,3.24,6.05,6.01,3.12,-2.44,-2.16,-2.63,-6.31,-3.56,-5.17,-0.3,0.77,4.07,7.99,5.36,1.22,0.87,0.68,-4.45,-8.43,-6.6,-2.56,1.22,6.75,7.21,8.15,6.73,6.92,2.97,0.14,1.23,2.33,1.34,2.49,10.55,8.38,10.5,7.61,4.11,2.85,9.66,-0.77,-3.88,-5.14,-5.18,0.43,1.14,4.33,3.41,-2.59,-4.97,-6.07,-8.3,-3.65,-1.28,2.24,4.42,11.34,4.49,3.39,-2.53,-2.38,-1.31,0.8,3.03,5.28,3.64,0.88,0.17,-3.74,-6.02,-6.46,-8.19,-1.95,-0.07,1.78,-0.1,-0.72,-13.89,-19.14,-18.89,-15.37,-15.85,-6.76,-2.93,-6.08,-11.78,-13.1,-20.4,-4.55,-3.35,-0.86,2.07,1.81,-3.24,-5.35,-11.3,-10.4,-10.96,-12.02,-11.57,-9.57,-3.76,-9.59,-12.49,-6.33,-9.19,-21.02,-16.27,-23.02,-24.06,-22.03,-21.48,-12.03,-15.62,-14.35,-11.6,-9.97,-11.23,-9.34,-14.99,-15.24,-11.76,-9.31,-6.65,-2.97,1.14,1.1,-2.96,-6.97,-14.54,-14.26,-10.75,-11.19,-12.08,-19.24,-9.18,-7.12,0.2,-7.63,-3.55,-8.1,-14.66,-15.17,-19.94,-20.61,-17.14,-15.51,-8.77,-0.91,0.09,-1.54,7.71,-2.4,-10.95,-11.62,-12.21,-18.65,-16.9,-10.21,-5.96,-1.27,1.34,4.03,0.24,-6.89,-5.93,-8.77,-10.9,-16.39,-16.57
60,50.375,23.625,8.54,5.21,-2.45,-3.74,-2.15,5.75,0.73,4.23,6.79,8.73,5.19,3.56,-4.6,-6.09,-7.28,-7.24,-6.07,-6.48,-3.0,5.55,5.93,6.37,2.76,-2.92,-3.25,-3.03,-5.16,-7.19,-4.53,-2.22,0.94,6.62,9.67,6.51,7.38,1.27,-2.77,-2.12,-4.79,-5.56,-5.56,-2.0,0.34,4.12,8.91,7.64,2.21,0.57,-5.1,-1.41,0.37,-4.89,-0.7,-1.4,1.01,7.05,8.17,5.64,1.78,-3.46,-4.08,-2.99,-3.21,-6.07,-3.83,-2.7,-2.89,3.24,6.05,6.01,3.12,-2.44,-2.16,-2.63,-6.31,-3.56,-5.17,-0.3,0.77,4.07,7.99,5.36,1.22,0.87,0.68,-4.45,-8.43,-6.6,-2.56,1.22,6.75,7.21,8.15,6.73,6.92,2.97,0.14,1.23,2.33,1.34,2.49,10.55,8.38,10.5,7.61,4.11,2.85,9.66,-0.77,-3.88,-5.14,-5.18,0.43,1.14,4.33,3.41,-2.59,-4.97,-6.07,-8.3,-3.65,-1.28,2.24,4.42,11.34,4.49,3.39,-2.53,-2.38,-1.31,0.8,3.03,5.28,3.64,0.88,0.17,-3.74,-6.02,-6.46,-8.19,-1.95,-0.07,1.78,-0.1,-0.72,-13.89,-19.14,-18.89,-15.37,-15.85,-6.76,-2.93,-6.08,-11.78,-13.1,-20.4,-4.55,-3.35,-0.86,2.07,1.81,-3.24,-5.35,-11.3,-10.4,-10.96,-12.02,-11.57,-9.57,-3.76,-9.59,-12.49,-6.33,-9.19,-21.02,-16.27,-23.02,-24.06,-22.03,-21.48,-12.03,-15.62,-14.35,-11.6,-9.97,-11.23,-9.34,-14.99,-15.24,-11.76,-9.31,-6.65,-2.97,1.14,1.1,-2.96,-6.97,-14.54,-14.26,-10.75,-11.19,-12.08,-19.24,-9.18,-7.12,0.2,-7.63,-3.55,-8.1,-14.66,-15.17,-19.94,-20.61,-17.14,-15.51,-8.77,-0.91,0.09,-1.54,7.71,-2.4,-10.95,-11.62,-12.21,-18.65,-16.9,-10.21,-5.96,-1.27,1.34,4.03,0.24,-6.89,-5.93,-8.77,-10.9,-16.39,-16.57
61,50.125,23.625,8.54,5.21,-2.45,-3.74,-2.15,5.75,0.73,4.23,6.79,8.73,5.19,3.56,-4.6,-6.09,-7.28,-7.24,-6.07,-6.48,-3.0,5.55,5.93,6.37,2.76,-2.92,-3.25,-3.03,-5.16,-7.19,-4.53,-2.22,0.94,6.62,9.67,6.51,7.38,1.27,-2.77,-2.12,-4.79,-5.56,-5.56,-2.0,0.34,4.12,8.91,7.64,2.21,0.57,-5.1,-1.41,0.37,-4.89,-0.7,-1.4,1.01,7.05,8.17,5.64,1.78,-3.46,-4.08,-2.99,-3.21,-6.07,-3.83,-2.7,-2.89,3.24,6.05,6.01,3.12,-2.44,-2.16,-2.63,-6.31,-3.56,-5.17,-0.3,0.77,4.07,7.99,5.36,1.22,0.87,0.68,-4.45,-8.43,-6.6,-2.56,1.22,6.75,7.21,8.15,6.73,6.92,2.97,0.14,1.23,2.33,1.34,2.49,10.55,8.38,10.5,7.61,4.11,2.85,9.66,-0.77,-3.88,-5.14,-5.18,0.43,1.14,4.33,3.41,-2.59,-4.97,-6.07,-8.3,-3.65,-1.28,2.24,4.42,11.34,4.49,3.39,-2.53,-2.38,-1.31,0.8,3.03,5.28,3.64,0.88,0.17,-3.74,-6.02,-6.46,-8.19,-1.95,-0.07,1.78,-0.1,-0.72,-13.89,-19.14,-18.89,-15.37,-15.85,-6.76,-2.93,-6.08,-11.78,-13.1,-20.4,-4.55,-3.35,-0.86,2.07,1.81,-3.24,-5.35,-11.3,-10.4,-10.96,-12.02,-11.57,-9.57,-3.76,-9.59,-12.49,-6.33,-9.19,-21.02,-16.27,-23.02,-24.06,-22.03,-21.48,-12.03,-15.62,-14.35,-11.6,-9.97,-11.23,-9.34,-14.99,-15.24,-11.76,-9.31,-6.65,-2.97,1.14,1.1,-2.96,-6.97,-14.54,-14.26,-10.75,-11.19,-12.08,-19.24,-9.18,-7.12,0.2,-7.63,-3.55,-8.1,-14.66,-15.17,-19.94,-20.61,-17.14,-15.51,-8.77,-0.91,0.09,-1.54,7.71,-2.4,-10.95,-11.62,-12.21,-18.65,-16.9,-10.21,-5.96,-1.27,1.34,4.03,0.24,-6.89,-5.93,-8.77,-10.9,-16.39,-16.57
62,52.625,23.875,8.16,5.14,-5.18,-6.72,-3.83,1.87,-0.99,2.52,4.8,6.93,4.36,2.2,-4.17,-6.25,-5.81,-4.8,-4.2,-3.52,1.07,6.0,6.93,6.64,2.23,-2.17,-1.5,-3.44,-6.0,-5.79,-3.52,-0.8,1.98,6.64,8.99,5.83,6.89,1.78,-2.86,-2.46,-6.19,-5.79,-5.44,-2.6,-0.33,1.91,5.94,5.51,-0.05,-0.79,-7.55,-5.3,0.5,-4.25,-0.6,-0.38,2.54,8.14,9.17,6.02,1.82,-2.45,-1.98,-0.58,-2.38,-4.56,-3.8,-2.7,-2.2,3.15,6.62,6.76,3.05,-3.74,-3.22,-4.0,-6.88,-5.3,-4.36,-0.63,1.21,3.08,6.08,4.11,0.53,0.98,-0.54,-3.45,-6.98,-3.86,-2.18,1.5,5.54,6.58,8.21,6.59,6.83,1.59,-2.28,-1.96,1.82,-0.85,2.0,10.54,8.38,10.49,6.69,3.81,2.79,11.45,1.29,-2.88,-3.69,-1.65,1.59,2.08,5.02,4.56,-0.84,-3.6,-3.08,-4.1,-2.04,1.26,3.61,5.25,15.47,7.24,4.93,-3.36,-2.39,-1.32,1.22,3.56,5.74,4.26,1.99,0.04,-7.43,-6.41,-7.19,-8.43,-1.6,-0.61,1.81,-0.31,-1.07,-12.87,-15.55,-24.57,-11.26,-9.79,-5.67,-0.91,-5.82,-10.46,-10.55,-13.62,-4.25,-2.34,-0.18,2.74,2.21,-0.43,-5.33,-7.06,-6.58,-7.07,-6.32,-9.15,-5.09,-1.39,-4.75,-5.19,-4.74,-8.61,-16.64,-12.59,-19.27,-16.78,-14.0,-15.29,-9.26,-11.22,-10.27,-5.78,-5.89,-7.43,-11.93,-14.08,-14.03,-11.66,-8.39,-8.61,-4.16,0.79,1.61,-1.87,-5.64,-12.3,-15.46,-9.9,-12.69,-10.32,-10.65,-5.27,-2.42,2.99,1.68,1.36,-2.76,-5.98,-6.45,-9.53,-14.28,-11.11,-10.75,-6.43,-0.26,-0.22,1.62,8.19,-2.44,-8.56,-11.14,-11.28,-19.17,-17.22,-9.83,-6.41,-2.17,1.6,2.87,1.13,-0.61,-3.91,-7.29,-8.89,-22.65,-18.42
63,52.375,23.875,8.16,5.14,-5.18,-6.72,-3.83,1.87,-0.99,2.52,4.8,6.93,4.36,2.2,-4.17,-6.25,-5.81,-4.8,-4.2,-3.52,1.07,6.0,6.93,6.64,2.23,-2.17,-1.5,-3.44,-6.0,-5.79,-3.52,-0.8,1.98,6.64,8.99,5.83,6.89,1.78,-2.86,-2.46,-6.19,-5.79,-5.44,-2.6,-0.33,1.91,5.94,5.51,-0.05,-0.79,-7.55,-5.3,0.5,-4.25,-0.6,-0.38,2.54,8.14,9.17,6.02,1.82,-2.45,-1.98,-0.58,-2.38,-4.56,-3.8,-2.7,-2.2,3.15,6.62,6.76,3.05,-3.74,-3.22,-4.0,-6.88,-5.3,-4.36,-0.63,1.21,3.08,6.08,4.11,0.53,0.98,-0.54,-3.45,-6.98,-3.86,-2.18,1.5,5.54,6.58,8.21,6.59,6.83,1.59,-2.28,-1.96,1.82,-0.85,2.0,10.54,8.38,10.49,6.69,3.81,2.79,11.45,1.29,-2.88,-3.69,-1.65,1.59,2.08,5.02,4.56,-0.84,-3.6,-3.08,-4.1,-2.04,1.26,3.61,5.25,15.47,7.24,4.93,-3.36,-2.39,-1.32,1.22,3.56,5.74,4.26,1.99,0.04,-7.43,-6.41,-7.19,-8.43,-1.6,-0.61,1.81,-0.31,-1.07,-12.87,-15.55,-24.57,-11.26,-9.79,-5.67,-0.91,-5.82,-10.46,-10.55,-13.62,-4.25,-2.34,-0.18,2.74,2.21,-0.43,-5.33,-7.06,-6.58,-7.07,-6.32,-9.15,-5.09,-1.39,-4.75,-5.19,-4.74,-8.61,-16.64,-12.59,-19.27,-16.78,-14.0,-15.29,-9.26,-11.22,-10.27,-5.78,-5.89,-7.43,-11.93,-14.08,-14.03,-11.66,-8.39,-8.61,-4.16,0.79,1.61,-1.87,-5.64,-12.3,-15.46,-9.9,-12.69,-10.32,-10.65,-5.27,-2.42,2.99,1.68,1.36,-2.76,-5.98,-6.45,-9.53,-14.28,-11.11,-10.75,-6.43,-0.26,-0.22,1.62,8.19,-2.44,-8.56,-11.14,-11.28,-19.17,-17.22,-9.83,-6.41,-2.17,1.6,2.87,1.13,-0.61,-3.91,-7.29,-8.89,-22.65,-18.42
64,52.125,23.875,8.16,5.14,-5.18,-6.72,-3.83,1.87,-0.99,2.52,4.8,6.93,4.36,2.2,-4.17,-6.25,-5.81,-4.8,-4.2,-3.52,1.07,6.0,6.93,6.64,2.23,-2.17,-1.5,-3.44,-6.0,-5.79,-3.52,-0.8,1.98,6.64,8.99,5.83,6.89,1.78,-2.86,-2.46,-6.19,-5.79,-5.44,-2.6,-0.33,1.91,5.94,5.51,-0.05,-0.79,-7.55,-5.3,0.5,-4.25,-0.6,-0.38,2.54,8.14,9.17,6.02,1.82,-2.45,-1.98,-0.58,-2.38,-4.56,-3.8,-2.7,-2.2,3.15,6.62,6.76,3.05,-3.74,-3.22,-4.0,-6.88,-5.3,-4.36,-0.63,1.21,3.08,6.08,4.11,0.53,0.98,-0.54,-3.45,-6.98,-3.86,-2.18,1.5,5.54,6.58,8.21,6.59,6.83,1.59,-2.28,-1.96,1.82,-0.85,2.0,10.54,8.38,10.49,6.69,3.81,2.79,11.45,1.29,-2.88,-3.69,-1.65,1.59,2.08,5.02,4.56,-0.84,-3.6,-3.08,-4.1,-2.04,1.26,3.61,5.25,15.47,7.24,4.93,-3.36,-2.39,-1.32,1.22,3.56,5.74,4.26,1.99,0.04,-7.43,-6.41,-7.19,-8.43,-1.6,-0.61,1.81,-0.31,-1.07,-12.87,-15.55,-24.57,-11.26,-9.79,-5.67,-0.91,-5.82,-10.46,-10.55,-13.62,-4.25,-2.34,-0.18,2.74,2.21,-0.43,-5.33,-7.06,-6.58,-7.07,-6.32,-9.15,-5.09,-1.39,-4.75,-5.19,-4.74,-8.61,-16.64,-12.59,-19.27,-16.78,-14.0,-15.29,-9.26,-11.22,-10.27,-5.78,-5.89,-7.43,-11.93,-14.08,-14.03,-11.66,-8.39,-8.61,-4.16,0.79,1.61,-1.87,-5.64,-12.3,-15.46,-9.9,-12.69,-10.32,-10.65,-5.27,-2.42,2.99,1.68,1.36,-2.76,-5.98,-6.45,-9.53,-14.28,-11.11,-10.75,-6.43,-0.26,-0.22,1.62,8.19,-2.44,-8.56,-11.14,-11.28,-19.17,-17.22,-9.83,-6.41,-2.17,1.6,2.87,1.13,-0.61,-3.91,-7.29,-8.89,-22.65,-18.42
65,51.875,23.875,8.16,5.14,-5.18,-6.72,-3.83,1.87,-0.99,2.52,4.8,6.93,4.36,2.2,-4.17,-6.25,-5.81,-4.8,-4.2,-3.52,1.07,6.0,6.93,6.64,2.23,-2.17,-1.5,-3.44,-6.0,-5.79,-3.52,-0.8,1.98,6.64,8.99,5.83,6.89,1.78,-2.86,-2.46,-6.19,-5.79,-5.44,-2.6,-0.33,1.91,5.94,5.51,-0.05,-0.79,-7.55,-5.3,0.5,-4.25,-0.6,-0.38,2.54,8.14,9.17,6.02,1.82,-2.45,-1.98,-0.58,-2.38,-4.56,-3.8,-2.7,-2.2,3.15,6.62,6.76,3.05,-3.74,-3.22,-4.0,-6.88,-5.3,-4.36,-0.63,1.21,3.08,6.08,4.11,0.53,0.98,-0.54,-3.45,-6.98,-3.86,-2.18,1.5,5.54,6.58,8.21,6.59,6.83,1.59,-2.28,-1.96,1.82,-0.85,2.0,10.54,8.38,10.49,6.69,3.81,2.79,11.45,1.29,-2.88,-3.69,-1.65,1.59,2.08,5.02,4.56,-0.84,-3.6,-3.08,-4.1,-2.04,1.26,3.61,5.25,15.47,7.24,4.93,-3.36,-2.39,-1.32,1.22,3.56,5.74,4.26,1.99,0.04,-7.43,-6.41,-7.19,-8.43,-1.6,-0.61,1.81,-0.31,-1.07,-12.87,-15.55,-24.57,-11.26,-9.79,-5.67,-0.91,-5.82,-10.46,-10.55,-13.62,-4.25,-2.34,-0.18,2.74,2.21,-0.43,-5.33,-7.06,-6.58,-7.07,-6.32,-9.15,-5.09,-1.39,-4.75,-5.19,-4.74,-8.61,-16.64,-12.59,-19.27,-16.78,-14.0,-15.29,-9.26,-11.22,-10.27,-5.78,-5.89,-7.43,-11.93,-14.08,-14.03,-11.66,-8.39,-8.61,-4.16,0.79,1.61,-1.87,-5.64,-12.3,-15.46,-9.9,-12.69,-10.32,-10.65,-5.27,-2.42,2.99,1.68,1.36,-2.76,-5.98,-6.45,-9.53,-14.28,-11.11,-10.75,-6.43,-0.26,-0.22,1.62,8.19,-2.44,-8.56,-11.14,-11.28,-19.17,-17.22,-9.83,-6.41,-2.17,1.6,2.87,1.13,-0.61,-3.91,-7.29,-8.89,-22.65,-18.42
66,51.625,23.875,7.96,5.04,-4.83,-5.6,-3.67,3.58,-1.45,2.74,5.37,7.52,4.52,2.97,-4.59,-5.97,-6.72,-6.18,-5.3,-4.81,-0.49,6.0,6.5,6.27,2.76,-2.73,-2.47,-3.09,-5.76,-6.83,-4.11,-0.97,2.16,6.25,9.2,6.12,7.3,1.99,-2.67,-2.43,-6.09,-6.24,-5.49,-2.75,-0.53,2.7,7.12,6.66,1.29,0.07,-6.49,-3.56,0.68,-4.38,-0.39,-0.19,3.16,7.7,9.26,6.01,2.0,-2.41,-2.76,-1.09,-2.36,-5.74,-4.07,-3.78,-2.68,3.21,6.2,6.16,2.99,-3.29,-2.87,-3.87,-7.06,-4.46,-4.51,-0.55,1.16,3.38,7.05,4.56,1.14,1.05,-0.0,-3.92,-8.01,-5.56,-2.4,0.96,5.43,6.66,8.2,6.41,6.54,2.55,-1.52,-1.09,1.41,-0.76,0.58,10.11,7.3,9.35,6.92,3.95,2.33,11.47,0.06,-3.37,-4.76,-2.85,0.94,1.22,4.38,3.53,-1.48,-4.4,-4.98,-6.78,-2.93,0.44,3.14,4.69,13.65,5.57,6.65,-3.07,-2.47,-0.71,1.96,3.43,5.79,3.92,1.44,0.72,-6.05,-7.19,-7.38,-8.6,-1.75,-1.0,1.39,-0.72,-1.4,-14.31,-16.99,-25.23,-15.04,-10.94,-7.63,-2.02,-5.95,-13.0,-13.76,-18.52,-4.49,-2.54,-0.78,2.52,1.85,-2.21,-5.87,-9.04,-8.69,-10.3,-11.33,-10.72,-7.59,-3.45,-9.47,-9.73,-7.69,-10.71,-21.83,-14.7,-23.61,-24.33,-20.25,-21.1,-11.9,-16.74,-14.05,-11.6,-12.05,-10.92,-11.84,-15.76,-17.61,-12.47,-9.56,-9.69,-4.26,-0.1,1.33,-4.7,-8.42,-15.41,-15.47,-11.62,-14.92,-11.67,-14.37,-10.29,-4.72,2.48,-3.7,-1.93,-6.62,-10.04,-9.86,-15.25,-19.07,-14.23,-15.41,-7.49,0.42,0.25,1.16,7.36,-2.14,-8.33,-10.38,-11.91,-19.53,-22.14,-11.49,-6.63,-1.7,1.48,2.88,1.31,-2.53,-3.87,-8.63,-9.72,-24.02,-20.93
67,51.375,23.875,7.96,5.04,-4.83,-5.6,-3.67,3.58,-1.45,2.74,5.37,7.52,4.52,2.97,-4.59,-5.97,-6.72,-6.18,-5.3,-4.81,-0.49,6.0,6.5,6.27,2.76,-2.73,-2.47,-3.09,-5.76,-6.83,-4.11,-0.97,2.16,6.25,9.2,6.12,7.3,1.99,-2.67,-2.43,-6.09,-6.24,-5.49,-2.75,-0.53,2.7,7.12,6.66,1.29,0.07,-6.49,-3.56,0.68,-4.38,-0.39,-0.19,3.16,7.7,9.26,6.01,2.0,-2.41,-2.76,-1.09,-2.36,-5.74,-4.07,-3.78,-2.68,3.21,6.2,6.16,2.99,-3.29,-2.87,-3.87,-7.06,-4.46,-4.51,-0.55,1.16,3.38,7.05,4.56,1.14,1.05,-0.0,-3.92,-8.01,-5.56,-2.4,0.96,5.43,6.66,8.2,6.41,6.54,2.55,-1.52,-1.09,1.41,-0.76,0.58,10.11,7.3,9.35,6.92,3.95,2.33,11.47,0.06,-3.37,-4.76,-2.85,0.94,1.22,4.38,3.53,-1.48,-4.4,-4.98,-6.78,-2.93,0.44,3.14,4.69,13.65,5.57,6.65,-3.07,-2.47,-0.71,1.96,3.43,5.79,3.92,1.44,0.72,-6.05,-7.19,-7.38,-8.6,-1.75,-1.0,1.39,-0.72,-1.4,-14.31,-16.99,-25.23,-15.04,-10.94,-7.63,-2.02,-5.95,-13.0,-13.76,-18.52,-4.49,-2.54,-0.78,2.52,1.85,-2.21,-5.87,-9.04,-8.69,-10.3,-11.33,-10.72,-7.59,-3.45,-9.47,-9.73,-7.69,-10.71,-21.83,-14.7,-23.61,-24.33,-20.25,-21.1,-11.9,-16.74,-14.05,-11.6,-12.05,-10.92,-11.84,-15.76,-17.61,-12.47,-9.56,-9.69,-4.26,-0.1,1.33,-4.7,-8.42,-15.41,-15.47,-11.62,-14.92,-11.67,-14.37,-10.29,-4.72,2.48,-3.7,-1.93,-6.62,-10.04,-9.86,-15.25,-19.07,-14.23,-15.41,-7.49,0.42,0.25,1.16,7.36,-2.14,-8.33,-10.38,-11.91,-19.53,-22.14,-11.49,-6.63,-1.7,1.48,2.88,1.31,-2.53,-3.87,-8.63,-9.72,-24.02,-20.93
68,51.125,23.875,7.96,5.04,-4.83,-5.6,-3.67,3.58,-1.45,2.74,5.37,7.52,4.52,2.97,-4.59,-5.97,-6.72,-6.18,-5.3,-4.81,-0.49,6.0,6.5,6.27,2.76,-2.73,-2.47,-3.09,-5.76,-6.83,-4.11,-0.97,2.16,6.25,9.2,6.12,7.3,1.99,-2.67,-2.43,-6.09,-6.24,-5.49,-2.75,-0.53,2.7,7.12,6.66,1.29,0.07,-6.49,-3.56,0.68,-4.38,-0.39,-0.19,3.16,7.7,9.26,6.01,2.0,-2.41,-2.76,-1.09,-2.36,-5.74,-4.07,-3.78,-2.68,3.21,6.2,6.16,2.99,-3.29,-2.87,-3.87,-7.06,-4.46,-4.51,-0.55,1.16,3.38,7.05,4.56,1.14,1.05,-0.0,-3.92,-8.01,-5.56,-2.4,0.96,5.43,6.66,8.2,6.41,6.54,2.55,-1.52,-1.09,1.41,-0.76,0.58,10.11,7.3,9.35,6.92,3.95,2.33,11.47,0.06,-3.37,-4.76,-2.85,0.94,1.22,4.38,3.53,-1.48,-4.4,-4.98,-6.78,-2.93,0.44,3.14,4.69,13.65,5.57,6.65,-3.07,-2.47,-0.71,1.96,3.43,5.79,3.92,1.44,0.72,-6.05,-7.19,-7.38,-8.6,-1.75,-1.0,1.39,-0.72,-1.4,-14.31,-16.99,-25.23,-15.04,-10.94,-7.63,-2.02,-5.95,-13.0,-13.76,-18.52,-4.49,-2.54,-0.78,2.52,1.85,-2.21,-5.87,-9.04,-8.69,-10.3,-11.33,-10.72,-7.59,-3.45,-9.47,-9.73,-7.69,-10.71,-21.83,-14.7,-23.61,-24.33,-20.25,-21.1,-11.9,-16.74,-14.05,-11.6,-12.05,-10.92,-11.84,-15.76,-17.61,-12.47,-9.56,-9.69,-4.26,-0.1,1.33,-4.7,-8.42,-15.41,-15.47,-11.62,-14.92,-11.67,-14.37,-10.29,-4.72,2.48,-3.7,-1.93,-6.62,-10.04,-9.86,-15.25,-19.07,-14.23,-15.41,-7.49,0.42,0.25,1.16,7.36,-2.14,-8.33,-10.38,-11.91,-19.53,-22.14,-11.49,-6.63,-1.7,1.48,2.88,1.31,-2.53,-3.87,-8.63,-9.72,-24.02,-20.93
69,50.875,23.875,7.96,5.04,-4.83,-5.6,-3.67,3.58,-1.45,2.74,5.37,7.52,4.52,2.97,-4.59,-5.97,-6.72,-6.18,-5.3,-4.81,-0.49,6.0,6.5,6.27,2.76,-2.73,-2.47,-3.09,-5.76,-6.83,-4.11,-0.97,2.16,6.25,9.2,6.12,7.3,1.99,-2.67,-2.43,-6.09,-6.24,-5.49,-2.75,-0.53,2.7,7.12,6.66,1.29,0.07,-6.49,-3.56,0.68,-4.38,-0.39,-0.19,3.16,7.7,9.26,6.01,2.0,-2.41,-2.76,-1.09,-2.36,-5.74,-4.07,-3.78,-2.68,3.21,6.2,6.16,2.99,-3.29,-2.87,-3.87,-7.06,-4.46,-4.51,-0.55,1.16,3.38,7.05,4.56,1.14,1.05,-0.0,-3.92,-8.01,-5.56,-2.4,0.96,5.43,6.66,8.2,6.41,6.54,2.55,-1.52,-1.09,1.41,-0.76,0.58,10.11,7.3,9.35,6.92,3.95,2.33,11.47,0.06,-3.37,-4.76,-2.85,0.94,1.22,4.38,3.53,-1.48,-4.4,-4.98,-6.78,-2.93,0.44,3.14,4.69,13.65,5.57,6.65,-3.07,-2.47,-0.71,1.96,3.43,5.79,3.92,1.44,0.72,-6.05,-7.19,-7.38,-8.6,-1.75,-1.0,1.39,-0.72,-1.4,-14.31,-16.99,-25.23,-15.04,-10.94,-7.63,-2.02,-5.95,-13.0,-13.76,-18.52,-4.49,-2.54,-0.78,2.52,1.85,-2.21,-5.87,-9.04,-8.69,-10.3,-11.33,-10.72,-7.59,-3.45,-9.47,-9.73,-7.69,-10.71,-21.83,-14.7,-23.61,-24.33,-20.25,-21.1,-11.9,-16.74,-14.05,-11.6,-12.05,-10.92,-11.84,-15.76,-17.61,-12.47,-9.56,-9.69,-4.26,-0.1,1.33,-4.7,-8.42,-15.41,-15.47,-11.62,-14.92,-11.67,-14.37,-10.29,-4.72,2.48,-3.7,-1.93,-6.62,-10.04,-9.86,-15.25,-19.07,-14.23,-15.41,-7.49,0.42,0.25,1.16,7.36,-2.14,-8.33,-10.38,-11.91,-19.53,-22.14,-11.49,-6.63,-1.7,1.48,2.88,1.31,-2.53,-3.87,-8.63,-9.72,-24.02,-20.93
70,50.625,23.875,8.54,5.21,-2.45,-3.74,-2.15,5.75,0.73,4.23,6.79,8.73,5.19,3.56,-4.6,-6.09,-7.28,-7.24,-6.07,-6.48,-3.0,5.55,5.93,6.37,2.76,-2.92,-3.25,-3.03,-5.16,-7.19,-4.53,-2.22,0.94,6.62,9.67,6.51,7.38,1.27,-2.77,-2.12,-4.79,-5.56,-5.56,-2.0,0.34,4.12,8.91,7.64,2.21,0.57,-5.1,-1.41,0.37,-4.89,-0.7,-1.4,1.01,7.05,8.17,5.64,1.78,-3.46,-4.08,-2.99,-3.21,-6.07,-3.83,-2.7,-2.89,3.24,6.05,6.01,3.12,-2.44,-2.16,-2.63,-6.31,-3.56,-5.17,-0.3,0.77,4.07,7.99,5.36,1.22,0.87,0.68,-4.45,-8.43,-6.6,-2.56,1.22,6.75,7.21,8.15,6.73,6.92,2.97,0.14,1.23,2.33,1.34,2.49,10.55,8.38,10.5,7.61,4.11,2.85,9.66,-0.77,-3.88,-5.14,-5.18,0.43,1.14,4.33,3.41,-2.59,-4.97,-6.07,-8.3,-3.65,-1.28,2.24,4.42,11.34,4.49,3.39,-2.53,-2.38,-1.31,0.8,3.03,5.28,3.64,0.88,0.17,-3.74,-6.02,-6.46,-8.19,-1.95,-0.07,1.78,-0.1,-0.72,-13.89,-19.14,-18.89,-15.37,-15.85,-6.76,-2.93,-6.08,-11.78,-13.1,-20.4,-4.55,-3.35,-0.86,2.07,1.81,-3.24,-5.35,-11.3,-10.4,-10.96,-12.02,-11.57,-9.57,-3.76,-9.59,-12.49,-6.33,-9.19,-21.02,-16.27,-23.02,-24.06,-22.03,-21.48,-12.03,-15.62,-14.35,-11.6,-9.97,-11.23,-9.34,-14.99,-15.24,-11.76,-9.31,-6.65,-2.97,1.14,1.1,-2.96,-6.97,-14.54,-14.26,-10.75,-11.19,-12.08,-19.24,-9.18,-7.12,0.2,-7.63,-3.55,-8.1,-14.66,-15.17,-19.94,-20.61,-17.14,-15.51,-8.77,-0.91,0.09,-1.54,7.71,-2.4,-10.95,-11.62,-12.21,-18.65,-16.9,-10.21,-5.96,-1.27,1.34,4.03,0.24,-6.89,-5.93,-8.77,-10.9,-16.39,-16.57
71,50.375,23.875,8.54,5.21,-2.45,-3.74,-2.15,5.75,0.73,4.23,6.79,8.73,5.19,3.56,-4.6,-6.09,-7.28,-7.24,-6.07,-6.48,-3.0,5.55,5.93,6.37,2.76,-2.92,-3.25,-3.03,-5.16,-7.19,-4.53,-2.22,0.94,6.62,9.67,6.51,7.38,1.27,-2.77,-2.12,-4.79,-5.56,-5.56,-2.0,0.34,4.12,8.91,7.64,2.21,0.57,-5.1,-1.41,0.37,-4.89,-0.7,-1.4,1.01,7.05,8.17,5.64,1.78,-3.46,-4.08,-2.99,-3.21,-6.07,-3.83,-2.7,-2.89,3.24,6.05,6.01,3.12,-2.44,-2.16,-2.63,-6.31,-3.56,-5.17,-0.3,0.77,4.07,7.99,5.36,1.22,0.87,0.68,-4.45,-8.43,-6.6,-2.56,1.22,6.75,7.21,8.15,6.73,6.92,2.97,0.14,1.23,2.33,1.34,2.49,10.55,8.38,10.5,7.61,4.11,2.85,9.66,-0.77,-3.88,-5.14,-5.18,0.43,1.14,4.33,3.41,-2.59,-4.97,-6.07,-8.3,-3.65,-1.28,2.24,4.42,11.34,4.49,3.39,-2.53,-2.38,-1.31,0.8,3.03,5.28,3.64,0.88,0.17,-3.74,-6.02,-6.46,-8.19,-1.95,-0.07,1.78,-0.1,-0.72,-13.89,-19.14,-18.89,-15.37,-15.85,-6.76,-2.93,-6.08,-11.78,-13.1,-20.4,-4.55,-3.35,-0.86,2.07,1.81,-3.24,-5.35,-11.3,-10.4,-10.96,-12.02,-11.57,-9.57,-3.76,-9.59,-12.49,-6.33,-9.19,-21.02,-16.27,-23.02,-24.06,-22.03,-21.48,-12.03,-15.62,-14.35,-11.6,-9.97,-11.23,-9.34,-14.99,-15.24,-11.76,-9.31,-6.65,-2.97,1.14,1.1,-2.96,-6.97,-14.54,-14.26,-10.75,-11.19,-12.08,-19.24,-9.18,-7.12,0.2,-7.63,-3.55,-8.1,-14.66,-15.17,-19.94,-20.61,-17.14,-15.51,-8.77,-0.91,0.09,-1.54,7.71,-2.4,-10.95,-11.62,-12.21,-18.65,-16.9,-10.21,-5.96,-1.27,1.34,4.03,0.24,-6.89,-5.93,-8.77,-10.9,-16.39,-16.57
72,50.125,23.875,8.54,5.21,-2.45,-3.74,-2.15,5.75,0.73,4.23,6.79,8.73,5.19,3.56,-4.6,-6.09,-7.28,-7.24,-6.07,-6.48,-3.0,5.55,5.93,6.37,2.76,-2.92,-3.25,-3.03,-5.16,-7.19,-4.53,-2.22,0.94,6.62,9.67,6.51,7.38,1.27,-2.77,-2.12,-4.79,-5.56,-5.56,-2.0,0.34,4.12,8.91,7.64,2.21,0.57,-5.1,-1.41,0.37,-4.89,-0.7,-1.4,1.01,7.05,8.17,5.64,1.78,-3.46,-4.08,-2.99,-3.21,-6.07,-3.83,-2.7,-2.89,3.24,6.05,6.01,3.12,-2.44,-2.16,-2.63,-6.31,-3.56,-5.17,-0.3,0.77,4.07,7.99,5.36,1.22,0.87,0.68,-4.45,-8.43,-6.6,-2.56,1.22,6.75,7.21,8.15,6.73,6.92,2.97,0.14,1.23,2.33,1.34,2.49,10.55,8.38,10.5,7.61,4.11,2.85,9.66,-0.77,-3.88,-5.14,-5.18,0.43,1.14,4.33,3.41,-2.59,-4.97,-6.07,-8.3,-3.65,-1.28,2.24,4.42,11.34,4.49,3.39,-2.53,-2.38,-1.31,0.8,3.03,5.28,3.64,0.88,0.17,-3.74,-6.02,-6.46,-8.19,-1.95,-0.07,1.78,-0.1,-0.72,-13.89,-19.14,-18.89,-15.37,-15.85,-6.76,-2.93,-6.08,-11.78,-13.1,-20.4,-4.55,-3.35,-0.86,2.07,1.81,-3.24,-5.35,-11.3,-10.4,-10.96,-12.02,-11.57,-9.57,-3.76,-9.59,-12.49,-6.33,-9.19,-21.02,-16.27,-23.02,-24.06,-22.03,-21.48,-12.03,-15.62,-14.35,-11.6,-9.97,-11.23,-9.34,-14.99,-15.24,-11.76,-9.31,-6.65,-2.97,1.14,1.1,-2.96,-6.97,-14.54,-14.26,-10.75,-11.19,-12.08,-19.24,-9.18,-7.12,0.2,-7.63,-3.55,-8.1,-14.66,-15.17,-19.94,-20.61,-17.14,-15.51,-8.77,-0.91,0.09,-1.54,7.71,-2.4,-10.95,-11.62,-12.21,-18.65,-16.9,-10.21,-5.96,-1.27,1.34,4.03,0.24,-6.89,-5.93,-8.77,-10.9,-16.39,-16.57
73,49.875,23.875,7.54,4.46,-2.06,-3.49,-1.99,5.52,1.03,4.07,7.28,8.58,4.84,3.23,-4.37,-5.88,-7.06,-8.15,-6.99,-6.4,-3.77,4.82,4.99,5.65,1.97,-2.12,-3.33,-2.65,-4.7,-6.93,-4.69,-1.5,0.57,6.27,9.31,6.38,7.74,1.91,-1.31,-1.1,-3.65,-4.59,-4.79,0.0,2.17,4.95,9.81,7.73,3.26,2.28,-2.25,0.57,0.04,-5.08,-1.04,-1.34,0.69,6.23,7.34,5.11,1.56,-2.42,-4.83,-4.41,-4.1,-6.75,-4.33,-1.87,-1.61,3.09,4.91,5.24,2.76,-1.69,-1.21,-2.53,-6.16,-3.63,-6.31,0.14,0.97,3.85,7.83,5.14,1.09,0.25,-0.17,-5.67,-9.15,-9.0,-4.66,-1.29,5.53,6.4,7.39,5.88,6.46,2.87,1.17,1.18,0.56,-0.13,0.43,9.63,7.47,8.92,6.56,3.7,1.27,5.25,-3.81,-6.53,-7.4,-6.95,-2.0,-0.07,2.6,1.63,-3.62,-6.6,-8.62,-10.65,-6.58,-4.92,-0.58,2.8,7.28,2.94,1.85,-3.34,-4.52,-3.33,-2.01,0.4,3.87,2.21,-0.37,-0.96,-4.49,-7.73,-7.27,-8.65,-2.19,-0.23,1.22,0.4,-0.88,-13.13,-22.47,-16.85,-16.68,-14.57,-7.98,-3.21,-9.07,-10.68,-13.22,-19.6,-5.37,-4.28,-1.97,0.82,0.75,-6.27,-4.48,-10.87,-11.93,-12.77,-15.43,-12.82,-11.85,-4.86,-11.55,-12.94,-7.71,-7.81,-19.71,-16.18,-23.46,-24.93,-22.78,-21.95,-11.24,-14.07,-11.53,-11.74,-8.48,-10.07,-8.86,-15.12,-16.11,-12.85,-10.26,-7.55,-4.34,0.5,0.2,-4.14,-8.15,-14.91,-15.4,-13.35,-15.43,-15.67,-20.4,-13.56,-10.81,-0.38,-11.41,-5.29,-10.94,-18.93,-20.62,-26.62,-23.73,-21.1,-17.91,-11.62,-2.43,-1.68,-3.26,5.95,-4.66,-13.22,-12.81,-13.62,-19.4,-18.22,-11.79,-7.08,-3.01,0.0,1.65,-5.02,-12.83,-9.64,-12.07,-13.21,-19.12,-17.65
74,52.625,24.125,8.16,5.14,-5.18,-6.72,-3.83,1.87,-0.99,2.52,4.8,6.93,4.36,2.2,-4.17,-6.25,-5.81,-4.8,-4.2,-3.52,1.07,6.0,6.93,6.64,2.23,-2.17,-1.5,-3.44,-6.0,-5.79,-3.52,-0.8,1.98,6.64,8.99,5.83,6.89,1.78,-2.86,-2.46,-6.19,-5.79,-5.44,-2.6,-0.33,1.91,5.94,5.51,-0.05,-0.79,-7.55,-5.3,0.5,-4.25,-0.6,-0.38,2.54,8.14,9.17,6.02,1.82,-2.45,-1.98,-0.58,-2.38,-4.56,-3.8,-2.7,-2.2,3.15,6.62,6.76,3.05,-3.74,-3.22,-4.0,-6.88,-5.3,-4.36,-0.63,1.21,3.08,6.08,4.11,0.53,0.98,-0.54,-3.45,-6.98,-3.86,-2.18,1.5,5.54,6.58,8.21,6.59,6.83,1.59,-2.28,-1.96,1.82,-0.85,2.0,10.54,8.38,10.49,6.69,3.81,2.79,11.45,1.29,-2.88,-3.69,-1.65,1.59,2.08,5.02,4.56,-0.84,-3.6,-3.08,-4.1,-2.04,1.26,3.61,5.25,15.47,7.24,4.93,-3.36,-2.39,-1.32,1.22,3.56,5.74,4.26,1.99,0.04,-7.43,-6.41,-7.19,-8.43,-1.6,-0.61,1.81,-0.31,-1.07,-12.87,-15.55,-24.57,-11.26,-9.79,-5.67,-0.91,-5.82,-10.46,-10.55,-13.62,-4.25,-2.34,-0.18,2.74,2.21,-0.43,-5.33,-7.06,-6.58,-7.07,-6.32,-9.15,-5.09,-1.39,-4.75,-5.19,-4.74,-8.61,-16.64,-12.59,-19.27,-16.78,-14.0,-15.29,-9.26,-11.22,-10.27,-5.78,-5.89,-7.43,-11.93,-14.08,-14.03,-11.66,-8.39,-8.61,-4.16,0.79,1.61,-1.87,-5.64,-12.3,-15.46,-9.9,-12.69,-10.32,-10.65,-5.27,-2.42,2.99,1.68,1.36,-2.76,-5.98,-6.45,-9.53,-14.28,-11.11,-10.75,-6.43,-0.26,-0.22,1.62,8.19,-2.44,-8.56,-11.14,-11.28,-19.17,-17.22,-9.83,-6.41,-2.17,1.6,2.87,1.13,-0.61,-3.91,-7.29,-8.89,-22.65,-18.42
75,52.375,24.125,8.16,5.14,-5.18,-6.72,-3.83,1.87,-0.99,2.52,4.8,6.93,4.36,2.2,-4.17,-6.25,-5.81,-4.8,-4.2,-3.52,1.07,6.0,6.93,6.64,2.23,-2.17,-1.5,-3.44,-6.0,-5.79,-3.52,-0.8,1.98,6.64,8.99,5.83,6.89,1.78,-2.86,-2.46,-6.19,-5.79,-5.44,-2.6,-0.33,1.91,5.94,5.51,-0.05,-0.79,-7.55,-5.3,0.5,-4.25,-0.6,-0.38,2.54,8.14,9.17,6.02,1.82,-2.45,-1.98,-0.58,-2.38,-4.56,-3.8,-2.7,-2.2,3.15,6.62,6.76,3.05,-3.74,-3.22,-4.0,-6.88,-5.3,-4.36,-0.63,1.21,3.08,6.08,4.11,0.53,0.98,-0.54,-3.45,-6.98,-3.86,-2.18,1.5,5.54,6.58,8.21,6.59,6.83,1.59,-2.28,-1.96,1.82,-0.85,2.0,10.54,8.38,10.49,6.69,3.81,2.79,11.45,1.29,-2.88,-3.69,-1.65,1.59,2.08,5.02,4.56,-0.84,-3.6,-3.08,-4.1,-2.04,1.26,3.61,5.25,15.47,7.24,4.93,-3.36,-2.39,-1.32,1.22,3.56,5.74,4.26,1.99,0.04,-7.43,-6.41,-7.19,-8.43,-1.6,-0.61,1.81,-0.31,-1.07,-12.87,-15.55,-24.57,-11.26,-9.79,-5.67,-0.91,-5.82,-10.46,-10.55,-13.62,-4.25,-2.34,-0.18,2.74,2.21,-0.43,-5.33,-7.06,-6.58,-7.07,-6.32,-9.15,-5.09,-1.39,-4.75,-5.19,-4.74,-8.61,-16.64,-12.59,-19.27,-16.78,-14.0,-15.29,-9.26,-11.22,-10.27,-5.78,-5.89,-7.43,-11.93,-14.08,-14.03,-11.66,-8.39,-8.61,-4.16,0.79,1.61,-1.87,-5.64,-12.3,-15.46,-9.9,-12.69,-10.32,-10.65,-5.27,-2.42,2.99,1.68,1.36,-2.76,-5.98,-6.45,-9.53,-14.28,-11.11,-10.75,-6.43,-0.26,-0.22,1.62,8.19,-2.44,-8.56,-11.14,-11.28,-19.17,-17.22,-9.83,-6.41,-2.17,1.6,2.87,1.13,-0.61,-3.91,-7.29,-8.89,-22.65,-18.42
76,52.125,24.125,8.16,5.14,-5.18,-6.72,-3.83,1.87,-0.99,2.52,4.8,6.93,4.36,2.2,-4.17,-6.25,-5.81,-4.8,-4.2,-3.52,1.07,6.0,6.93,6.64,2.23,-2.17,-1.5,-3.44,-6.0,-5.79,-3.52,-0.8,1.98,6.64,8.99,5.83,6.89,1.78,-2.86,-2.46,-6.19,-5.79,-5.44,-2.6,-0.33,1.91,5.94,5.51,-0.05,-0.79,-7.55,-5.3,0.5,-4.25,-0.6,-0.38,2.54,8.14,9.17,6.02,1.82,-2.45,-1.98,-0.58,-2.38,-4.56,-3.8,-2.7,-2.2,3.15,6.62,6.76,3.05,-3.74,-3.22,-4.0,-6.88,-5.3,-4.36,-0.63,1.21,3.08,6.08,4.11,0.53,0.98,-0.54,-3.45,-6.98,-3.86,-2.18,1.5,5.54,6.58,8.21,6.59,6.83,1.59,-2.28,-1.96,1.82,-0.85,2.0,10.54,8.38,10.49,6.69,3.81,2.79,11.45,1.29,-2.88,-3.69,-1.65,1.59,2.08,5.02,4.56,-0.84,-3.6,-3.08,-4.1,-2.04,1.26,3.61,5.25,15.47,7.24,4.93,-3.36,-2.39,-1.32,1.22,3.56,5.74,4.26,1.99,0.04,-7.43,-6.41,-7.19,-8.43,-1.6,-0.61,1.81,-0.31,-1.07,-12.87,-15.55,-24.57,-11.26,-9.79,-5.67,-0.91,-5.82,-10.46,-10.55,-13.62,-4.25,-2.34,-0.18,2.74,2.21,-0.43,-5.33,-7.06,-6.58,-7.07,-6.32,-9.15,-5.09,-1.39,-4.75,-5.19,-4.74,-8.61,-16.64,-12.59,-19.27,-16.78,-14.0,-15.29,-9.26,-11.22,-10.27,-5.78,-5.89,-7.43,-11.93,-14.08,-14.03,-11.66,-8.39,-8.61,-4.16,0.79,1.61,-1.87,-5.64,-12.3,-15.46,-9.9,-12.69,-10.32,-10.65,-5.27,-2.42,2.99,1.68,1.36,-2.76,-5.98,-6.45,-9.53,-14.28,-11.11,-10.75,-6.43,-0.26,-0.22,1.62,8.19,-2.44,-8.56,-11.14,-11.28,-19.17,-17.22,-9.83,-6.41,-2.17,1.6,2.87,1.13,-0.61,-3.91,-7.29,-8.89,-22.65,-18.42
77,51.875,24.125,7.96,5.04,-4.83,-5.6,-3.67,3.58,-1.45,2.74,5.37,7.52,4.52,2.97,-4.59,-5.97,-6.72,-6.18,-5.3,-4.81,-0.49,6.0,6.5,6.27,2.76,-2.73,-2.47,-3.09,-5.76,-6.83,-4.11,-0.97,2.16,6.25,9.2,6.12,7.3,1.99,-2.67,-2.43,-6.09,-6.24,-5.49,-2.75,-0.53,2.7,7.12,6.66,1.29,0.07,-6.49,-3.56,0.68,-4.38,-0.39,-0.19,3.16,7.7,9.26,6.01,2.0,-2.41,-2.76,-1.09,-2.36,-5.74,-4.07,-3.78,-2.68,3.21,6.2,6.16,2.99,-3.29,-2.87,-3.87,-7.06,-4.46,-4.51,-0.55,1.16,3.38,7.05,4.56,1.14,1.05,-0.0,-3.92,-8.01,-5.56,-2.4,0.96,5.43,6.66,8.2,6.41,6.54,2.55,-1.52,-1.09,1.41,-0.76,0.58,10.11,7.3,9.35,6.92,3.95,2.33,11.47,0.06,-3.37,-4.76,-2.85,0.94,1.22,4.38,3.53,-1.48,-4.4,-4.98,-6.78,-2.93,0.44,3.14,4.69,13.65,5.57,6.65,-3.07,-2.47,-0.71,1.96,3.43,5.79,3.92,1.44,0.72,-6.05,-7.19,-7.38,-8.6,-1.75,-1.0,1.39,-0.72,-1.4,-14.31,-16.99,-25.23,-15.04,-10.94,-7.63,-2.02,-5.95,-13.0,-13.76,-18.52,-4.49,-2.54,-0.78,2.52,1.85,-2.21,-5.87,-9.04,-8.69,-10.3,-11.33,-10.72,-7.59,-3.45,-9.47,-9.73,-7.69,-10.71,-21.83,-14.7,-23.61,-24.33,-20.25,-21.1,-11.9,-16.74,-14.05,-11.6,-12.05,-10.92,-11.84,-15.76,-17.61,-12.47,-9.56,-9.69,-4.26,-0.1,1.33,-4.7,-8.42,-15.41,-15.47,-11.62,-14.92,-11.67,-14.37,-10.29,-4.72,2.48,-3.7,-1.93,-6.62,-10.04,-9.86,-15.25,-19.07,-14.23,-15.41,-7.49,0.42,0.25,1.16,7.36,-2.14,-8.33,-10.38,-11.91,-19.53,-22.14,-11.49,-6.63,-1.7,1.48,2.88,1.31,-2.53,-3.87,-8.63,-9.72,-24.02,-20.93
78,51.625,24.125,7.96,5.04,-4.83,-5.6,-3.67,3.58,-1.45,2.74,5.37,7.52,4.52,2.97,-4.59,-5.97,-6.72,-6.18,-5.3,-4.81,-0.49,6.0,6.5,6.27,2.76,-2.73,-2.47,-3.09,-5.76,-6.83,-4.11,-0.97,2.16,6.25,9.2,6.12,7.3,1.99,-2.67,-2.43,-6.09,-6.24,-5.49,-2.75,-0.53,2.7,7.12,6.66,1.29,0.07,-6.49,-3.56,0.68,-4.38,-0.39,-0.19,3.16,7.7,9.26,6.01,2.0,-2.41,-2.76,-1.09,-2.36,-5.74,-4.07,-3.78,-2.68,3.21,6.2,6.16,2.99,-3.29,-2.87,-3.87,-7.06,-4.46,-4.51,-0.55,1.16,3.38,7.05,4.56,1.14,1.05,-0.0,-3.92,-8.01,-5.56,-2.4,0.96,5.43,6.66,8.2,6.41,6.54,2.55,-1.52,-1.09,1.41,-0.76,0.58,10.11,7.3,9.35,6.92,3.95,2.33,11.47,0.06,-3.37,-4.76,-2.85,0.94,1.22,4.38,3.53,-1.48,-4.4,-4.98,-6.78,-2.93,0.44,3.14,4.69,13.65,5.57,6.65,-3.07,-2.47,-0.71,1.96,3.43,5.79,3.92,1.44,0.72,-6.05,-7.19,-7.38,-8.6,-1.75,-1.0,1.39,-0.72,-1.4,-14.31,-16.99,-25.23,-15.04,-10.94,-7.63,-2.02,-5.95,-13.0,-13.76,-18.52,-4.49,-2.54,-0.78,2.52,1.85,-2.21,-5.87,-9.04,-8.69,-10.3,-11.33,-10.72,-7.59,-3.45,-9.47,-9.73,-7.69,-10.71,-21.83,-14.7,-23.61,-24.33,-20.25,-21.1,-11.9,-16.74,-14.05,-11.6,-12.05,-10.92,-11.84,-15.76,-17.61,-12.47,-9.56,-9.69,-4.26,-0.1,1.33,-4.7,-8.42,-15.41,-15.47,-11.62,-14.92,-11.67,-14.37,-10.29,-4.72,2.48,-3.7,-1.93,-6.62,-10.04,-9.86,-15.25,-19.07,-14.23,-15.41,-7.49,0.42,0.25,1.16,7.36,-2.14,-8.33,-10.38,-11.91,-19.53,-22.14,-11.49,-6.63,-1.7,1.48,2.88,1.31,-2.53,-3.87,-8.63,-9.72,-24.02,-20.93
79,51.375,24.125,7.96,5.04,-4.83,-5.6,-3.67,3.58,-1.45,2.74,5.37,7.52,4.52,2.97,-4.59,-5.97,-6.72,-6.18,-5.3,-4.81,-0.49,6.0,6.5,6.27,2.76,-2.73,-2.47,-3.09,-5.76,-6.83,-4.11,-0.97,2.16,6.25,9.2,6.12,7.3,1.99,-2.67,-2.43,-6.09,-6.24,-5.49,-2.75,-0.53,2.7,7.12,6.66,1.29,0.07,-6.49,-3.56,0.68,-4.38,-0.39,-0.19,3.16,7.7,9.26,6.01,2.0,-2.41,-2.76,-1.09,-2.36,-5.74,-4.07,-3.78,-2.68,3.21,6.2,6.16,2.99,-3.29,-2.87,-3.87,-7.06,-4.46,-4.51,-0.55,1.16,3.38,7.05,4.56,1.14,1.05,-0.0,-3.92,-8.01,-5.56,-2.4,0.96,5.43,6.66,8.2,6.41,6.54,2.55,-1.52,-1.09,1.41,-0.76,0.58,10.11,7.3,9.35,6.92,3.95,2.33,11.47,0.06,-3.37,-4.76,-2.85,0.94,1.22,4.38,3.53,-1.48,-4.4,-4.98,-6.78,-2.93,0.44,3.14,4.69,13.65,5.57,6.65,-3.07,-2.47,-0.71,1.96,3.43,5.79,3.92,1.44,0.72,-6.05,-7.19,-7.38,-8.6,-1.75,-1.0,1.39,-0.72,-1.4,-14.31,-16.99,-25.23,-15.04,-10.94,-7.63,-2.02,-5.95,-13.0,-13.76,-18.52,-4.49,-2.54,-0.78,2.52,1.85,-2.21,-5.87,-9.04,-8.69,-10.3,-11.33,-10.72,-7.59,-3.45,-9.47,-9.73,-7.69,-10.71,-21.83,-14.7,-23.61,-24.33,-20.25,-21.1,-11.9,-16.74,-14.05,-11.6,-12.05,-10.92,-11.84,-15.76,-17.61,-12.47,-9.56,-9.69,-4.26,-0.1,1.33,-4.7,-8.42,-15.41,-15.47,-11.62,-14.92,-11.67,-14.37,-10.29,-4.72,2.48,-3.7,-1.93,-6.62,-10.04,-9.86,-15.25,-19.07,-14.23,-15.41,-7.49,0.42,0.25,1.16,7.36,-2.14,-8.33,-10.38,-11.91,-19.53,-22.14,-11.49,-6.63,-1.7,1.48,2.88,1.31,-2.53,-3.87,-8.63,-9.72,-24.02,-20.93
80,51.125,24.125,7.96,5.04,-4.83,-5.6,-3.67,3.58,-1.45,2.74,5.37,7.52,4.52,2.97,-4.59,-5.97,-6.72,-6.18,-5.3,-4.81,-0.49,6.0,6.5,6.27,2.76,-2.73,-2.47,-3.09,-5.76,-6.83,-4.11,-0.97,2.16,6.25,9.2,6.12,7.3,1.99,-2.67,-2.43,-6.09,-6.24,-5.49,-2.75,-0.53,2.7,7.12,6.66,1.29,0.07,-6.49,-3.56,0.68,-4.38,-0.39,-0.19,3.16,7.7,9.26,6.01,2.0,-2.41,-2.76,-1.09,-2.36,-5.74,-4.07,-3.78,-2.68,3.21,6.2,6.16,2.99,-3.29,-2.87,-3.87,-7.06,-4.46,-4.51,-0.55,1.16,3.38,7.05,4.56,1.14,1.05,-0.0,-3.92,-8.01,-5.56,-2.4,0.96,5.43,6.66,8.2,6.41,6.54,2.55,-1.52,-1.09,1.41,-0.76,0.58,10.11,7.3,9.35,6.92,3.95,2.33,11.47,0.06,-3.37,-4.76,-2.85,0.94,1.22,4.38,3.53,-1.48,-4.4,-4.98,-6.78,-2.93,0.44,3.14,4.69,13.65,5.57,6.65,-3.07,-2.47,-0.71,1.96,3.43,5.79,3.92,1.44,0.72,-6.05,-7.19,-7.38,-8.6,-1.75,-1.0,1.39,-0.72,-1.4,-14.31,-16.99,-25.23,-15.04,-10.94,-7.63,-2.02,-5.95,-13.0,-13.76,-18.52,-4.49,-2.54,-0.78,2.52,1.85,-2.21,-5.87,-9.04,-8.69,-10.3,-11.33,-10.72,-7.59,-3.45,-9.47,-9.73,-7.69,-10.71,-21.83,-14.7,-23.61,-24.33,-20.25,-21.1,-11.9,-16.74,-14.05,-11.6,-12.05,-10.92,-11.84,-15.76,-17.61,-12.47,-9.56,-9.69,-4.26,-0.1,1.33,-4.7,-8.42,-15.41,-15.47,-11.62,-14.92,-11.67,-14.37,-10.29,-4.72,2.48,-3.7,-1.93,-6.62,-10.04,-9.86,-15.25,-19.07,-14.23,-15.41,-7.49,0.42,0.25,1.16,7.36,-2.14,-8.33,-10.38,-11.91,-19.53,-22.14,-11.49,-6.63,-1.7,1.48,2.88,1.31,-2.53,-3.87,-8.63,-9.72,-24.02,-20.93
81,50.875,24.125,7.96,5.04,-4.83,-5.6,-3.67,3.58,-1.45,2.74,5.37,7.52,4.52,2.97,-4.59,-5.97,-6.72,-6.18,-5.3,-4.81,-0.49,6.0,6.5,6.27,2.76,-2.73,-2.47,-3.09,-5.76,-6.83,-4.11,-0.97,2.16,6.25,9.2,6.12,7.3,1.99,-2.67,-2.43,-6.09,-6.24,-5.49,-2.75,-0.53,2.7,7.12,6.66,1.29,0.07,-6.49,-3.56,0.68,-4.38,-0.39,-0.19,3.16,7.7,9.26,6.01,2.0,-2.41,-2.76,-1.09,-2.36,-5.74,-4.07,-3.78,-2.68,3.21,6.2,6.16,2.99,-3.29,-2.87,-3.87,-7.06,-4.46,-4.51,-0.55,1.16,3.38,7.05,4.56,1.14,1.05,-0.0,-3.92,-8.01,-5.56,-2.4,0.96,5.43,6.66,8.2,6.41,6.54,2.55,-1.52,-1.09,1.41,-0.76,0.58,10.11,7.3,9.35,6.92,3.95,2.33,11.47,0.06,-3.37,-4.76,-2.85,0.94,1.22,4.38,3.53,-1.48,-4.4,-4.98,-6.78,-2.93,0.44,3.14,4.69,13.65,5.57,6.65,-3.07,-2.47,-0.71,1.96,3.43,5.79,3.92,1.44,0.72,-6.05,-7.19,-7.38,-8.6,-1.75,-1.0,1.39,-0.72,-1.4,-14.31,-16.99,-25.23,-15.04,-10.94,-7.63,-2.02,-5.95,-13.0,-13.76,-18.52,-4.49,-2.54,-0.78,2.52,1.85,-2.21,-5.87,-9.04,-8.69,-10.3,-11.33,-10.72,-7.59,-3.45,-9.47,-9.73,-7.69,-10.71,-21.83,-14.7,-23.61,-24.33,-20.25,-21.1,-11.9,-16.74,-14.05,-11.6,-12.05,-10.92,-11.84,-15.76,-17.61,-12.47,-9.56,-9.69,-4.26,-0.1,1.33,-4.7,-8.42,-15.41,-15.47,-11.62,-14.92,-11.67,-14.37,-10.29,-4.72,2.48,-3.7,-1.93,-6.62,-10.04,-9.86,-15.25,-19.07,-14.23,-15.41,-7.49,0.42,0.25,1.16,7.36,-2.14,-8.33,-10.38,-11.91,-19.53,-22.14,-11.49,-6.63,-1.7,1.48,2.88,1.31,-2.53,-3.87,-8.63,-9.72,-24.02,-20.93
82,50.625,24.125,7.68,4.99,-3.35,-4.15,-2.54,5.85,0.05,2.66,6.11,8.18,4.94,3.34,-4.56,-5.19,-6.65,-7.76,-6.63,-5.71,-2.09,5.37,5.91,5.9,2.66,-2.53,-3.23,-2.13,-5.35,-7.11,-4.93,-1.26,0.86,6.35,9.65,6.53,7.82,2.7,-1.29,-1.69,-4.95,-5.85,-5.74,-1.56,0.78,3.92,8.36,7.02,2.75,1.66,-3.99,-0.96,0.45,-4.61,-1.16,-1.2,1.87,7.4,8.39,5.7,1.93,-1.73,-3.83,-2.12,-3.13,-6.61,-4.75,-4.1,-2.65,2.61,4.82,5.61,3.13,-2.5,-1.76,-3.4,-6.27,-4.28,-5.47,-0.24,1.43,3.81,7.48,5.04,1.41,0.96,0.28,-4.69,-8.91,-8.13,-3.57,-0.8,5.64,6.63,7.61,5.83,6.44,3.31,0.23,-0.17,0.09,-0.89,-0.67,9.65,6.95,8.15,6.38,3.92,2.1,7.82,-2.9,-5.44,-6.61,-5.96,-1.34,0.37,3.13,2.13,-2.73,-5.76,-7.27,-9.87,-5.25,-1.75,1.72,3.57,9.19,4.07,5.0,-2.66,-3.26,-1.72,-0.36,1.86,4.72,3.1,0.84,0.58,-5.09,-8.29,-7.76,-8.9,-2.85,-1.44,0.57,-0.94,-1.93,-14.4,-19.11,-21.97,-17.28,-10.44,-9.91,-3.22,-8.19,-13.39,-16.95,-21.85,-5.46,-3.82,-2.28,1.32,0.96,-4.47,-5.73,-10.53,-11.42,-13.44,-16.27,-12.77,-10.44,-5.45,-13.08,-11.63,-10.04,-10.8,-23.35,-15.85,-25.6,-28.69,-23.55,-24.99,-14.05,-19.61,-15.63,-14.77,-14.87,-11.66,-11.9,-17.08,-20.1,-13.55,-11.38,-10.88,-5.1,-0.61,0.13,-7.28,-10.55,-16.73,-17.82,-14.27,-18.41,-15.35,-18.02,-15.97,-9.8,-2.47,-8.86,-5.16,-11.63,-16.9,-16.71,-24.02,-22.89,-19.11,-20.18,-10.29,-1.28,-0.72,-1.59,1.56,-3.16,-9.44,-11.42,-13.7,-20.54,-26.57,-14.66,-8.53,-2.99,0.05,2.78,-0.99,-7.37,-5.78,-12.46,-12.47,-24.9,-23.89
83,50.375,24.125,7.68,4.99,-3.35,-4.15,-2.54,5.85,0.05,2.66,6.11,8.18,4.94,3.34,-4.56,-5.19,-6.65,-7.76,-6.63,-5.71,-2.09,5.37,5.91,5.9,2.66,-2.53,-3.23,-2.13,-5.35,-7.11,-4.93,-1.26,0.86,6.35,9.65,6.53,7.82,2.7,-1.29,-1.69,-4.95,-5.85,-5.74,-1.56,0.78,3.92,8.36,7.02,2.75,1.66,-3.99,-0.96,0.45,-4.61,-1.16,-1.2,1.87,7.4,8.39,5.7,1.93,-1.73,-3.83,-2.12,-3.13,-6.61,-4.75,-4.1,-2.65,2.61,4.82,5.61,3.13,-2.5,-1.76,-3.4,-6.27,-4.28,-5.47,-0.24,1.43,3.81,7.48,5.04,1.41,0.96,0.28,-4.69,-8.91,-8.13,-3.57,-0.8,5.64,6.63,7.61,5.83,6.44,3.31,0.23,-0.17,0.09,-0.89,-0.67,9.65,6.95,8.15,6.38,3.92,2.1,7.82,-2.9,-5.44,-6.61,-5.96,-1.34,0.37,3.13,2.13,-2.73,-5.76,-7.27,-9.87,-5.25,-1.75,1.72,3.57,9.19,4.07,5.0,-2.66,-3.26,-1.72,-0.36,1.86,4.72,3.1,0.84,0.58,-5.09,-8.29,-7.76,-8.9,-2.85,-1.44,0.57,-0.94,-1.93,-14.4,-19.11,-21.97,-17.28,-10.44,-9.91,-3.22,-8.19,-13.39,-16.95,-21.85,-5.46,-3.82,-2.28,1.32,0.96,-4.47,-5.73,-10.53,-11.42,-13.44,-16.27,-12.77,-10.44,-5.45,-13.08,-11.63,-10.04,-10.8,-23.35,-15.85,-25.6,-28.69,-23.55,-24.99,-14.05,-19.61,-15.63,-14.77,-14.87,-11.66,-11.9,-17.08,-20.1,-13.55,-11.38,-10.88,-5.1,-0.61,0.13,-7.28,-10.55,-16.73,-17.82,-14.27,-18.41,-15.35,-18.02,-15.97,-9.8,-2.47,-8.86,-5.16,-11.63,-16.9,-16.71,-24.02,-22.89,-19.11,-20.18,-10.29,-1.28,-0.72,-1.59,1.56,-3.16,-9.44,-11.42,-13.7,-20.54,-26.57,-14.66,-8.53,-2.99,0.05,2.78,-0.99,-7.37,-5.78,-12.46,-12.47,-24.9,-23.89
84,50.125,24.125,7.68,4.99,-3.35,-4.15,-2.54,5.85,0.05,2.66,6.11,8.18,4.94,3.34,-4.56,-5.19,-6.65,-7.76,-6.63,-5.71,-2.09,5.37,5.91,5.9,2.66,-2.53,-3.23,-2.13,-5.35,-7.11,-4.93,-1.26,0.86,6.35,9.65,6.53,7.82,2.7,-1.29,-1.69,-4.95,-5.85,-5.74,-1.56,0.78,3.92,8.36,7.02,2.75,1.66,-3.99,-0.96,0.45,-4.61,-1.16,-1.2,1.87,7.4,8.39,5.7,1.93,-1.73,-3.83,-2.12,-3.13,-6.61,-4.75,-4.1,-2.65,2.61,4.82,5.61,3.13,-2.5,-1.76,-3.4,-6.27,-4.28,-5.47,-0.24,1.43,3.81,7.48,5.04,1.41,0.96,0.28,-4.69,-8.91,-8.13,-3.57,-0.8,5.64,6.63,7.61,5.83,6.44,3.31,0.23,-0.17,0.09,-0.89,-0.67,9.65,6.95,8.15,6.38,3.92,2.1,7.82,-2.9,-5.44,-6.61,-5.96,-1.34,0.37,3.13,2.13,-2.73,-5.76,-7.27,-9.87,-5.25,-1.75,1.72,3.57,9.19,4.07,5.0,-2.66,-3.26,-1.72,-0.36,1.86,4.72,3.1,0.84,0.58,-5.09,-8.29,-7.76,-8.9,-2.85,-1.44,0.57,-0.94,-1.93,-14.4,-19.11,-21.97,-17.28,-10.44,-9.91,-3.22,-8.19,-13.39,-16.95,-21.85,-5.46,-3.82,-2.28,1.32,0.96,-4.47,-5.73,-10.53,-11.42,-13.44,-16.27,-12.77,-10.44,-5.45,-13.08,-11.63,-10.04,-10.8,-23.35,-15.85,-25.6,-28.69,-23.55,-24.99,-14.05,-19.61,-15.63,-14.77,-14.87,-11.66,-11.9,-17.08,-20.1,-13.55,-11.38,-10.88,-5.1,-0.61,0.13,-7.28,-10.55,-16.73,-17.82,-14.27,-18.41,-15.35,-18.02,-15.97,-9.8,-2.47,-8.86,-5.16,-11.63,-16.9,-16.71,-24.02,-22.89,-19.11,-20.18,-10.29,-1.28,-0.72,-1.59,1.56,-3.16,-9.44,-11.42,-13.7,-20.54,-26.57,-14.66,-8.53,-2.99,0.05,2.78,-0.99,-7.37,-5.78,-12.46,-12.47,-24.9,-23.89
85,49.875,24.125,7.54,4.46,-2.06,-3.49,-1.99,5.52,1.03,4.07,7.28,8.58,4.84,3.23,-4.37,-5.88,-7.06,-8.15,-6.99,-6.4,-3.77,4.82,4.99,5.65,1.97,-2.12,-3.33,-2.65,-4.7,-6.93,-4.69,-1.5,0.57,6.27,9.31,6.38,7.74,1.91,-1.31,-1.1,-3.65,-4.59,-4.79,0.0,2.17,4.95,9.81,7.73,3.26,2.28,-2.25,0.57,0.04,-5.08,-1.04,-1.34,0.69,6.23,7.34,5.11,1.56,-2.42,-4.83,-4.41,-4.1,-6.75,-4.33,-1.87,-1.61,3.09,4.91,5.24,2.76,-1.69,-1.21,-2.53,-6.16,-3.63,-6.31,0.14,0.97,3.85,7.83,5.14,1.09,0.25,-0.17,-5.67,-9.15,-9.0,-4.66,-1.29,5.53,6.4,7.39,5.88,6.46,2.87,1.17,1.18,0.56,-0.13,0.43,9.63,7.47,8.92,6.56,3.7,1.27,5.25,-3.81,-6.53,-7.4,-6.95,-2.0,-0.07,2.6,1.63,-3.62,-6.6,-8.62,-10.65,-6.58,-4.92,-0.58,2.8,7.28,2.94,1.85,-3.34,-4.52,-3.33,-2.01,0.4,3.87,2.21,-0.37,-0.96,-4.49,-7.73,-7.27,-8.65,-2.19,-0.23,1.22,0.4,-0.88,-13.13,-22.47,-16.85,-16.68,-14.57,-7.98,-3.21,-9.07,-10.68,-13.22,-19.6,-5.37,-4.28,-1.97,0.82,0.75,-6.27,-4.48,-10.87,-11.93,-12.77,-15.43,-12.82,-11.85,-4.86,-11.55,-12.94,-7.71,-7.81,-19.71,-16.18,-23.46,-24.93,-22.78,-21.95,-11.24,-14.07,-11.53,-11.74,-8.48,-10.07,-8.86,-15.12,-16.11,-12.85,-10.26,-7.55,-4.34,0.5,0.2,-4.14,-8.15,-14.91,-15.4,-13.35,-15.43,-15.67,-20.4,-13.56,-10.81,-0.38,-11.41,-5.29,-10.94,-18.93,-20.62,-26.62,-23.73,-21.1,-17.91,-11.62,-2.43,-1.68,-3.26,5.95,-4.66,-13.22,-12.81,-13.62,-19.4,-18.22,-11.79,-7.08,-3.01,0.0,1.65,-5.02,-12.83,-9.64,-12.07,-13.21,-19.12,-17.65
86,49.625,24.125,7.54,4.46,-2.06,-3.49,-1.99,5.52,1.03,4.07,7.28,8.58,4.84,3.23,-4.37,-5.88,-7.06,-8.15,-6.99,-6.4,-3.77,4.82,4.99,5.65,1.97,-2.12,-3.33,-2.65,-4.7,-6.93,-4.69,-1.5,0.57,6.27,9.31,6.38,7.74,1.91,-1.31,-1.1,-3.65,-4.59,-4.79,0.0,2.17,4.95,9.81,7.73,3.26,2.28,-2.25,0.57,0.04,-5.08,-1.04,-1.34,0.69,6.23,7.34,5.11,1.56,-2.42,-4.83,-4.41,-4.1,-6.75,-4.33,-1.87,-1.61,3.09,4.91,5.24,2.76,-1.69,-1.21,-2.53,-6.16,-3.63,-6.31,0.14,0.97,3.85,7.83,5.14,1.09,0.25,-0.17,-5.67,-9.15,-9.0,-4.66,-1.29,5.53,6.4,7.39,5.88,6.46,2.87,1.17,1.18,0.56,-0.13,0.43,9.63,7.47,8.92,6.56,3.7,1.27,5.25,-3.81,-6.53,-7.4,-6.95,-2.0,-0.07,2.6,1.63,-3.62,-6.6,-8.62,-10.65,-6.58,-4.92,-0.58,2.8,7.28,2.94,1.85,-3.34,-4.52,-3.33,-2.01,0.4,3.87,2.21,-0.37,-0.96,-4.49,-7.73,-7.27,-8.65,-2.19,-0.23,1.22,0.4,-0.88,-13.13,-22.47,-16.85,-16.68,-14.57,-7.98,-3.21,-9.07,-10.68,-13.22,-19.6,-5.37,-4.28,-1.97,0.82,0.75,-6.27,-4.48,-10.87,-11.93,-12.77,-15.43,-12.82,-11.85,-4.86,-11.55,-12.94,-7.71,-7.81,-19.71,-16.18,-23.46,-24.93,-22.78,-21.95,-11.24,-14.07,-11.53,-11.74,-8.48,-10.07,-8.86,-15.12,-16.11,-12.85,-10.26,-7.55,-4.34,0.5,0.2,-4.14,-8.15,-14.91,-15.4,-13.35,-15.43,-15.67,-20.4,-13.56,-10.81,-0.38,-11.41,-5.29,-10.94,-18.93,-20.62,-26.62,-23.73,-21.1,-17.91,-11.62,-2.43,-1.68,-3.26,5.95,-4.66,-13.22,-12.81,-13.62,-19.4,-18.22,-11.79,-7.08,-3.01,0.0,1.65,-5.02,-12.83,-9.64,-12.07,-13.21,-19.12,-17.65
87,52.625,24.375,8.16,5.14,-5.18,-6.72,-3.83,1.87,-0.99,2.52,4.8,6.93,4.36,2.2,-4.17,-6.25,-5.81,-4.8,-4.2,-3.52,1.07,6.0,6.93,6.64,2.23,-2.17,-1.5,-3.44,-6.0,-5.79,-3.52,-0.8,1.98,6.64,8.99,5.83,6.89,1.78,-2.86,-2.46,-6.19,-5.79,-5.44,-2.6,-0.33,1.91,5.94,5.51,-0.05,-0.79,-7.55,-5.3,0.5,-4.25,-0.6,-0.38,2.54,8.14,9.17,6.02,1.82,-2.45,-1.98,-0.58,-2.38,-4.56,-3.8,-2.7,-2.2,3.15,6.62,6.76,3.05,-3.74,-3.22,-4.0,-6.88,-5.3,-4.36,-0.63,1.21,3.08,6.08,4.11,0.53,0.98,-0.54,-3.45,-6.98,-3.86,-2.18,1.5,5.54,6.58,8.21,6.59,6.83,1.59,-2.28,-1.96,1.82,-0.85,2.0,10.54,8.38,10.49,6.69,3.81,2.79,11.45,1.29,-2.88,-3.69,-1.65,1.59,2.08,5.02,4.56,-0.84,-3.6,-3.08,-4.1,-2.04,1.26,3.61,5.25,15.47,7.24,4.93,-3.36,-2.39,-1.32,1.22,3.56,5.74,4.26,1.99,0.04,-7.43,-6.41,-7.19,-8.43,-1.6,-0.61,1.81,-0.31,-1.07,-12.87,-15.55,-24.57,-11.26,-9.79,-5.67,-0.91,-5.82,-10.46,-10.55,-13.62,-4.25,-2.34,-0.18,2.74,2.21,-0.43,-5.33,-7.06,-6.58,-7.07,-6.32,-9.15,-5.09,-1.39,-4.75,-5.19,-4.74,-8.61,-16.64,-12.59,-19.27,-16.78,-14.0,-15.29,-9.26,-11.22,-10.27,-5.78,-5.89,-7.43,-11.93,-14.08,-14.03,-11.66,-8.39,-8.61,-4.16,0.79,1.61,-1.87,-5.64,-12.3,-15.46,-9.9,-12.69,-10.32,-10.65,-5.27,-2.42,2.99,1.68,1.36,-2.76,-5.98,-6.45,-9.53,-14.28,-11.11,-10.75,-6.43,-0.26,-0.22,1.62,8.19,-2.44,-8.56,-11.14,-11.28,-19.17,-17.22,-9.83,-6.41,-2.17,1.6,2.87,1.13,-0.61,-3.91,-7.29,-8.89,-22.65,-18.42
88,52.375,24.375,8.16,5.14,-5.18,-6.72,-3.83,1.87,-0.99,2.52,4.8,6.93,4.36,2.2,-4.17,-6.25,-5.81,-4.8,-4.2,-3.52,1.07,6.0,6.93,6.64,2.23,-2.17,-1.5,-3.44,-6.0,-5.79,-3.52,-0.8,1.98,6.64,8.99,5.83,6.89,1.78,-2.86,-2.46,-6.19,-5.79,-5.44,-2.6,-0.33,1.91,5.94,5.51,-0.05,-0.79,-7.55,-5.3,0.5,-4.25,-0.6,-0.38,2.54,8.14,9.17,6.02,1.82,-2.45,-1.98,-0.58,-2.38,-4.56,-3.8,-2.7,-2.2,3.15,6.62,6.76,3.05,-3.74,-3.22,-4.0,-6.88,-5.3,-4.36,-0.63,1.21,3.08,6.08,4.11,0.53,0.98,-0.54,-3.45,-6.98,-3.86,-2.18,1.5,5.54,6.58,8.21,6.59,6.83,1.59,-2.28,-1.96,1.82,-0.85,2.0,10.54,8.38,10.49,6.69,3.81,2.79,11.45,1.29,-2.88,-3.69,-1.65,1.59,2.08,5.02,4.56,-0.84,-3.6,-3.08,-4.1,-2.04,1.26,3.61,5.25,15.47,7.24,4.93,-3.36,-2.39,-1.32,1.22,3.56,5.74,4.26,1.99,0.04,-7.43,-6.41,-7.19,-8.43,-1.6,-0.61,1.81,-0.31,-1.07,-12.87,-15.55,-24.57,-11.26,-9.79,-5.67,-0.91,-5.82,-10.46,-10.55,-13.62,-4.25,-2.34,-0.18,2.74,2.21,-0.43,-5.33,-7.06,-6.58,-7.07,-6.32,-9.15,-5.09,-1.39,-4.75,-5.19,-4.74,-8.61,-16.64,-12.59,-19.27,-16.78,-14.0,-15.29,-9.26,-11.22,-10.27,-5.78,-5.89,-7.43,-11.93,-14.08,-14.03,-11.66,-8.39,-8.61,-4.16,0.79,1.61,-1.87,-5.64,-12.3,-15.46,-9.9,-12.69,-10.32,-10.65,-5.27,-2.42,2.99,1.68,1.36,-2.76,-5.98,-6.45,-9.53,-14.28,-11.11,-10.75,-6.43,-0.26,-0.22,1.62,8.19,-2.44,-8.56,-11.14,-11.28,-19.17,-17.22,-9.83,-6.41,-2.17,1.6,2.87,1.13,-0.61,-3.91,-7.29,-8.89,-22.65,-18.42
89,52.125,24.375,8.16,5.14,-5.18,-6.72,-3.83,1.87,-0.99,2.52,4.8,6.93,4.36,2.2,-4.17,-6.25,-5.81,-4.8,-4.2,-3.52,1.07,6.0,6.93,6.64,2.23,-2.17,-1.5,-3.44,-6.0,-5.79,-3.52,-0.8,1.98,6.64,8.99,5.83,6.89,1.78,-2.86,-2.46,-6.19,-5.79,-5.44,-2.6,-0.33,1.91,5.94,5.51,-0.05,-0.79,-7.55,-5.3,0.5,-4.25,-0.6,-0.38,2.54,8.14,9.17,6.02,1.82,-2.45,-1.98,-0.58,-2.38,-4.56,-3.8,-2.7,-2.2,3.15,6.62,6.76,3.05,-3.74,-3.22,-4.0,-6.88,-5.3,-4.36,-0.63,1.21,3.08,6.08,4.11,0.53,0.98,-0.54,-3.45,-6.98,-3.86,-2.18,1.5,5.54,6.58,8.21,6.59,6.83,1.59,-2.28,-1.96,1.82,-0.85,2.0,10.54,8.38,10.49,6.69,3.81,2.79,11.45,1.29,-2.88,-3.69,-1.65,1.59,2.08,5.02,4.56,-0.84,-3.6,-3.08,-4.1,-2.04,1.26,3.61,5.25,15.47,7.24,4.93,-3.36,-2.39,-1.32,1.22,3.56,5.74,4.26,1.99,0.04,-7.43,-6.41,-7.19,-8.43,-1.6,-0.61,1.81,-0.31,-1.07,-12.87,-15.55,-24.57,-11.26,-9.79,-5.67,-0.91,-5.82,-10.46,-10.55,-13.62,-4.25,-2.34,-0.18,2.74,2.21,-0.43,-5.33,-7.06,-6.58,-7.07,-6.32,-9.15,-5.09,-1.39,-4.75,-5.19,-4.74,-8.61,-16.64,-12.59,-19.27,-16.78,-14.0,-15.29,-9.26,-11.22,-10.27,-5.78,-5.89,-7.43,-11.93,-14.08,-14.03,-11.66,-8.39,-8.61,-4.16,0.79,1.61,-1.87,-5.64,-12.3,-15.46,-9.9,-12.69,-10.32,-10.65,-5.27,-2.42,2.99,1.68,1.36,-2.76,-5.98,-6.45,-9.53,-14.28,-11.11,-10.75,-6.43,-0.26,-0.22,1.62,8.19,-2.44,-8.56,-11.14,-11.28,-19.17,-17.22,-9.83,-6.41,-2.17,1.6,2.87,1.13,-0.61,-3.91,-7.29,-8.89,-22.65,-18.42
90,51.875,24.375,7.96,5.04,-4.83,-5.6,-3.67,3.58,-1.45,2.74,5.37,7.52,4.52,2.97,-4.59,-5.97,-6.72,-6.18,-5.3,-4.81,-0.49,6.0,6.5,6.27,2.76,-2.73,-2.47,-3.09,-5.76,-6.83,-4.11,-0.97,2.16,6.25,9.2,6.12,7.3,1.99,-2.67,-2.43,-6.09,-6.24,-5.49,-2.75,-0.53,2.7,7.12,6.66,1.29,0.07,-6.49,-3.56,0.68,-4.38,-0.39,-0.19,3.16,7.7,9.26,6.01,2.0,-2.41,-2.76,-1.09,-2.36,-5.74,-4.07,-3.78,-2.68,3.21,6.2,6.16,2.99,-3.29,-2.87,-3.87,-7.06,-4.46,-4.51,-0.55,1.16,3.38,7.05,4.56,1.14,1.05,-0.0,-3.92,-8.01,-5.56,-2.4,0.96,5.43,6.66,8.2,6.41,6.54,2.55,-1.52,-1.09,1.41,-0.76,0.58,10.11,7.3,9.35,6.92,3.95,2.33,11.47,0.06,-3.37,-4.76,-2.85,0.94,1.22,4.38,3.53,-1.48,-4.4,-4.98,-6.78,-2.93,0.44,3.14,4.69,13.65,5.57,6.65,-3.07,-2.47,-0.71,1.96,3.43,5.79,3.92,1.44,0.72,-6.05,-7.19,-7.38,-8.6,-1.75,-1.0,1.39,-0.72,-1.4,-14.31,-16.99,-25.23,-15.04,-10.94,-7.63,-2.02,-5.95,-13.0,-13.76,-18.52,-4.49,-2.54,-0.78,2.52,1.85,-2.21,-5.87,-9.04,-8.69,-10.3,-11.33,-10.72,-7.59,-3.45,-9.47,-9.73,-7.69,-10.71,-21.83,-14.7,-23.61,-24.33,-20.25,-21.1,-11.9,-16.74,-14.05,-11.6,-12.05,-10.92,-11.84,-15.76,-17.61,-12.47,-9.56,-9.69,-4.26,-0.1,1.33,-4.7,-8.42,-15.41,-15.47,-11.62,-14.92,-11.67,-14.37,-10.29,-4.72,2.48,-3.7,-1.93,-6.62,-10.04,-9.86,-15.25,-19.07,-14.23,-15.41,-7.49,0.42,0.25,1.16,7.36,-2.14,-8.33,-10.38,-11.91,-19.53,-22.14,-11.49,-6.63,-1.7,1.48,2.88,1.31,-2.53,-3.87,-8.63,-9.72,-24.02,-20.93
91,51.625,24.375,7.96,5.04,-4.83,-5.6,-3.67,3.58,-1.45,2.74,5.37,7.52,4.52,2.97,-4.59,-5.97,-6.72,-6.18,-5.3,-4.81,-0.49,6.0,6.5,6.27,2.76,-2.73,-2.47,-3.09,-5.76,-6.83,-4.11,-0.97,2.16,6.25,9.2,6.12,7.3,1.99,-2.67,-2.43,-6.09,-6.24,-5.49,-2.75,-0.53,2.7,7.12,6.66,1.29,0.07,-6.49,-3.56,0.68,-4.38,-0.39,-0.19,3.16,7.7,9.26,6.01,2.0,-2.41,-2.76,-1.09,-2.36,-5.74,-4.07,-3.78,-2.68,3.21,6.2,6.16,2.99,-3.29,-2.87,-3.87,-7.06,-4.46,-4.51,-0.55,1.16,3.38,7.05,4.56,1.14,1.05,-0.0,-3.92,-8.01,-5.56,-2.4,0.96,5.43,6.66,8.2,6.41,6.54,2.55,-1.52,-1.09,1.41,-0.76,0.58,10.11,7.3,9.35,6.92,3.95,2.33,11.47,0.06,-3.37,-4.76,-2.85,0.94,1.22,4.38,3.53,-1.48,-4.4,-4.98,-6.78,-2.93,0.44,3.14,4.69,13.65,5.57,6.65,-3.07,-2.47,-0.71,1.96,3.43,5.79,3.92,1.44,0.72,-6.05,-7.19,-7.38,-8.6,-1.75,-1.0,1.39,-0.72,-1.4,-14.31,-16.99,-25.23,-15.04,-10.94,-7.63,-2.02,-5.95,-13.0,-13.76,-18.52,-4.49,-2.54,-0.78,2.52,1.85,-2.21,-5.87,-9.04,-8.69,-10.3,-11.33,-10.72,-7.59,-3.45,-9.47,-9.73,-7.69,-10.71,-21.83,-14.7,-23.61,-24.33,-20.25,-21.1,-11.9,-16.74,-14.05,-11.6,-12.05,-10.92,-11.84,-15.76,-17.61,-12.47,-9.56,-9.69,-4.26,-0.1,1.33,-4.7,-8.42,-15.41,-15.47,-11.62,-14.92,-11.67,-14.37,-10.29,-4.72,2.48,-3.7,-1.93,-6.62,-10.04,-9.86,-15.25,-19.07,-14.23,-15.41,-7.49,0.42,0.25,1.16,7.36,-2.14,-8.33,-10.38,-11.91,-19.53,-22.14,-11.49,-6.63,-1.7,1.48,2.88,1.31,-2.53,-3.87,-8.63,-9.72,-24.02,-20.93
92,51.125,24.375,7.96,5.04,-4.83,-5.6,-3.67,3.58,-1.45,2.74,5.37,7.52,4.52,2.97,-4.59,-5.97,-6.72,-6.18,-5.3,-4.81,-0.49,6.0,6.5,6.27,2.76,-2.73,-2.47,-3.09,-5.76,-6.83,-4.11,-0.97,2.16,6.25,9.2,6.12,7.3,1.99,-2.67,-2.43,-6.09,-6.24,-5.49,-2.75,-0.53,2.7,7.12,6.66,1.29,0.07,-6.49,-3.56,0.68,-4.38,-0.39,-0.19,3.16,7.7,9.26,6.01,2.0,-2.41,-2.76,-1.09,-2.36,-5.74,-4.07,-3.78,-2.68,3.21,6.2,6.16,2.99,-3.29,-2.87,-3.87,-7.06,-4.46,-4.51,-0.55,1.16,3.38,7.05,4.56,1.14,1.05,-0.0,-3.92,-8.01,-5.56,-2.4,0.96,5.43,6.66,8.2,6.41,6.54,2.55,-1.52,-1.09,1.41,-0.76,0.58,10.11,7.3,9.35,6.92,3.95,2.33,11.47,0.06,-3.37,-4.76,-2.85,0.94,1.22,4.38,3.53,-1.48,-4.4,-4.98,-6.78,-2.93,0.44,3.14,4.69,13.65,5.57,6.65,-3.07,-2.47,-0.71,1.96,3.43,5.79,3.92,1.44,0.72,-6.05,-7.19,-7.38,-8.6,-1.75,-1.0,1.39,-0.72,-1.4,-14.31,-16.99,-25.23,-15.04,-10.94,-7.63,-2.02,-5.95,-13.0,-13.76,-18.52,-4.49,-2.54,-0.78,2.52,1.85,-2.21,-5.87,-9.04,-8.69,-10.3,-11.33,-10.72,-7.59,-3.45,-9.47,-9.73,-7.69,-10.71,-21.83,-14.7,-23.61,-24.33,-20.25,-21.1,-11.9,-16.74,-14.05,-11.6,-12.05,-10.92,-11.84,-15.76,-17.61,-12.47,-9.56,-9.69,-4.26,-0.1,1.33,-4.7,-8.42,-15.41,-15.47,-11.62,-14.92,-11.67,-14.37,-10.29,-4.72,2.48,-3.7,-1.93,-6.62,-10.04,-9.86,-15.25,-19.07,-14.23,-15.41,-7.49,0.42,0.25,1.16,7.36,-2.14,-8.33,-10.38,-11.91,-19.53,-22.14,-11.49,-6.63,-1.7,1.48,2.88,1.31,-2.53,-3.87,-8.63,-9.72,-24.02,-20.93
93,50.875,24.375,7.96,5.04,-4.83,-5.6,-3.67,3.58,-1.45,2.74,5.37,7.52,4.52,2.97,-4.59,-5.97,-6.72,-6.18,-5.3,-4.81,-0.49,6.0,6.5,6.27,2.76,-2.73,-2.47,-3.09,-5.76,-6.83,-4.11,-0.97,2.16,6.25,9.2,6.12,7.3,1.99,-2.67,-2.43,-6.09,-6.24,-5.49,-2.75,-0.53,2.7,7.12,6.66,1.29,0.07,-6.49,-3.56,0.68,-4.38,-0.39,-0.19,3.16,7.7,9.26,6.01,2.0,-2.41,-2.76,-1.09,-2.36,-5.74,-4.07,-3.78,-2.68,3.21,6.2,6.16,2.99,-3.29,-2.87,-3.87,-7.06,-4.46,-4.51,-0.55,1.16,3.38,7.05,4.56,1.14,1.05,-0.0,-3.92,-8.01,-5.56,-2.4,0.96,5.43,6.66,8.2,6.41,6.54,2.55,-1.52,-1.09,1.41,-0.76,0.58,10.11,7.3,9.35,6.92,3.95,2.33,11.47,0.06,-3.37,-4.76,-2.85,0.94,1.22,4.38,3.53,-1.48,-4.4,-4.98,-6.78,-2.93,0.44,3.14,4.69,13.65,5.57,6.65,-3.07,-2.47,-0.71,1.96,3.43,5.79,3.92,1.44,0.72,-6.05,-7.19,-7.38,-8.6,-1.75,-1.0,1.39,-0.72,-1.4,-14.31,-16.99,-25.23,-15.04,-10.94,-7.63,-2.02,-5.95,-13.0,-13.76,-18.52,-4.49,-2.54,-0.78,2.52,1.85,-2.21,-5.87,-9.04,-8.69,-10.3,-11.33,-10.72,-7.59,-3.45,-9.47,-9.73,-7.69,-10.71,-21.83,-14.7,-23.61,-24.33,-20.25,-21.1,-11.9,-16.74,-14.05,-11.6,-12.05,-10.92,-11.84,-15.76,-17.61,-12.47,-9.56,-9.69,-4.26,-0.1,1.33,-4.7,-8.42,-15.41,-15.47,-11.62,-14.92,-11.67,-14.37,-10.29,-4.72,2.48,-3.7,-1.93,-6.62,-10.04,-9.86,-15.25,-19.07,-14.23,-15.41,-7.49,0.42,0.25,1.16,7.36,-2.14,-8.33,-10.38,-11.91,-19.53,-22.14,-11.49,-6.63,-1.7,1.48,2.88,1.31,-2.53,-3.87,-8.63,-9.72,-24.02,-20.93
94,50.625,24.375,7.68,4.99,-3.35,-4.15,-2.54,5.85,0.05,2.66,6.11,8.18,4.94,3.34,-4.56,-5.19,-6.65,-7.76,-6.63,-5.71,-2.09,5.37,5.91,5.9,2.66,-2.53,-3.23,-2.13,-5.35,-7.11,-4.93,-1.26,0.86,6.35,9.65,6.53,7.82,2.7,-1.29,-1.69,-4.95,-5.85,-5.74,-1.56,0.78,3.92,8.36,7.02,2.75,1.66,-3.99,-0.96,0.45,-4.61,-1.16,-1.2,1.87,7.4,8.39,5.7,1.93,-1.73,-3.83,-2.12,-3.13,-6.61,-4.75,-4.1,-2.65,2.61,4.82,5.61,3.13,-2.5,-1.76,-3.4,-6.27,-4.28,-5.47,-0.24,1.43,3.81,7.48,5.04,1.41,0.96,0.28,-4.69,-8.91,-8.13,-3.57,-0.8,5.64,6.63,7.61,5.83,6.44,3.31,0.23,-0.17,0.09,-0.89,-0.67,9.65,6.95,8.15,6.38,3.92,2.1,7.82,-2.9,-5.44,-6.61,-5.96,-1.34,0.37,3.13,2.13,-2.73,-5.76,-7.27,-9.87,-5.25,-1.75,1.72,3.57,9.19,4.07,5.0,-2.66,-3.26,-1.72,-0.36,1.86,4.72,3.1,0.84,0.58,-5.09,-8.29,-7.76,-8.9,-2.85,-1.44,0.57,-0.94,-1.93,-14.4,-19.11,-21.97,-17.28,-10.44,-9.91,-3.22,-8.19,-13.39,-16.95,-21.85,-5.46,-3.82,-2.28,1.32,0.96,-4.47,-5.73,-10.53,-11.42,-13.44,-16.27,-12.77,-10.44,-5.45,-13.08,-11.63,-10.04,-10.8,-23.35,-15.85,-25.6,-28.69,-23.55,-24.99,-14.05,-19.61,-15.63,-14.77,-14.87,-11.66,-11.9,-17.08,-20.1,-13.55,-11.38,-10.88,-5.1,-0.61,0.13,-7.28,-10.55,-16.73,-17.82,-14.27,-18.41,-15.35,-18.02,-15.97,-9.8,-2.47,-8.86,-5.16,-11.63,-16.9,-16.71,-24.02,-22.89,-19.11,-20.18,-10.29,-1.28,-0.72,-1.59,1.56,-3.16,-9.44,-11.42,-13.7,-20.54,-26.57,-14.66,-8.53,-2.99,0.05,2.78,-0.99,-7.37,-5.78,-12.46,-12.47,-24.9,-23.89
95,50.375,24.375,7.68,4.99,-3.35,-4.15,-2.54,5.85,0.05,2.66,6.11,8.18,4.94,3.34,-4.56,-5.19,-6.65,-7.76,-6.63,-5.71,-2.09,5.37,5.91,5.9,2.66,-2.53,-3.23,-2.13,-5.35,-7.11,-4.93,-1.26,0.86,6.35,9.65,6.53,7.82,2.7,-1.29,-1.69,-4.95,-5.85,-5.74,-1.56,0.78,3.92,8.36,7.02,2.75,1.66,-3.99,-0.96,0.45,-4.61,-1.16,-1.2,1.87,7.4,8.39,5.7,1.93,-1.73,-3.83,-2.12,-3.13,-6.61,-4.75,-4.1,-2.65,2.61,4.82,5.61,3.13,-2.5,-1.76,-3.4,-6.27,-4.28,-5.47,-0.24,1.43,3.81,7.48,5.04,1.41,0.96,0.28,-4.69,-8.91,-8.13,-3.57,-0.8,5.64,6.63,7.61,5.83,6.44,3.31,0.23,-0.17,0.09,-0.89,-0.67,9.65,6.95,8.15,6.38,3.92,2.1,7.82,-2.9,-5.44,-6.61,-5.96,-1.34,0.37,3.13,2.13,-2.73,-5.76,-7.27,-9.87,-5.25,-1.75,1.72,3.57,9.19,4.07,5.0,-2.66,-3.26,-1.72,-0.36,1.86,4.72,3.1,0.84,0.58,-5.09,-8.29,-7.76,-8.9,-2.85,-1.44,0.57,-0.94,-1.93,-14.4,-19.11,-21.97,-17.28,-10.44,-9.91,-3.22,-8.19,-13.39,-16.95,-21.85,-5.46,-3.82,-2.28,1.32,0.96,-4.47,-5.73,-10.53,-11.42,-13.44,-16.27,-12.77,-10.44,-5.45,-13.08,-11.63,-10.04,-10.8,-23.35,-15.85,-25.6,-28.69,-23.55,-24.99,-14.05,-19.61,-15.63,-14.77,-14.87,-11.66,-11.9,-17.08,-20.1,-13.55,-11.38,-10.88,-5.1,-0.61,0.13,-7.28,-10.55,-16.73,-17.82,-14.27,-18.41,-15.35,-18.02,-15.97,-9.8,-2.47,-8.86,-5.16,-11.63,-16.9,-16.71,-24.02,-22.89,-19.11,-20.18,-10.29,-1.28,-0.72,-1.59,1.56,-3.16,-9.44,-11.42,-13.7,-20.54,-26.57,-14.66,-8.53,-2.99,0.05,2.78,-0.99,-7.37,-5.78,-12.46,-12.47,-24.9,-23.89
96,50.125,24.375,7.68,4.99,-3.35,-4.15,-2.54,5.85,0.05,2.66,6.11,8.18,4.94,3.34,-4.56,-5.19,-6.65,-7.76,-6.63,-5.71,-2.09,5.37,5.91,5.9,2.66,-2.53,-3.23,-2.13,-5.35,-7.11,-4.93,-1.26,0.86,6.35,9.65,6.53,7.82,2.7,-1.29,-1.69,-4.95,-5.85,-5.74,-1.56,0.78,3.92,8.36,7.02,2.75,1.66,-3.99,-0.96,0.45,-4.61,-1.16,-1.2,1.87,7.4,8.39,5.7,1.93,-1.73,-3.83,-2.12,-3.13,-6.61,-4.75,-4.1,-2.65,2.61,4.82,5.61,3.13,-2.5,-1.76,-3.4,-6.27,-4.28,-5.47,-0.24,1.43,3.81,7.48,5.04,1.41,0.96,0.28,-4.69,-8.91,-8.13,-3.57,-0.8,5.64,6.63,7.61,5.83,6.44,3.31,0.23,-0.17,0.09,-0.89,-0.67,9.65,6.95,8.15,6.38,3.92,2.1,7.82,-2.9,-5.44,-6.61,-5.96,-1.34,0.37,3.13,2.13,-2.73,-5.76,-7.27,-9.87,-5.25,-1.75,1.72,3.57,9.19,4.07,5.0,-2.66,-3.26,-1.72,-0.36,1.86,4.72,3.1,0.84,0.58,-5.09,-8.29,-7.76,-8.9,-2.85,-1.44,0.57,-0.94,-1.93,-14.4,-19.11,-21.97,-17.28,-10.44,-9.91,-3.22,-8.19,-13.39,-16.95,-21.85,-5.46,-3.82,-2.28,1.32,0.96,-4.47,-5.73,-10.53,-11.42,-13.44,-16.27,-12.77,-10.44,-5.45,-13.08,-11.63,-10.04,-10.8,-23.35,-15.85,-25.6,-28.69,-23.55,-24.99,-14.05,-19.61,-15.63,-14.77,-14.87,-11.66,-11.9,-17.08,-20.1,-13.55,-11.38,-10.88,-5.1,-0.61,0.13,-7.28,-10.55,-16.73,-17.82,-14.27,-18.41,-15.35,-18.02,-15.97,-9.8,-2.47,-8.86,-5.16,-11.63,-16.9,-16.71,-24.02,-22.89,-19.11,-20.18,-10.29,-1.28,-0.72,-1.59,1.56,-3.16,-9.44,-11.42,-13.7,-20.54,-26.57,-14.66,-8.53,-2.99,0.05,2.78,-0.99,-7.37,-5.78,-12.46,-12.47,-24.9,-23.89
97,49.875,24.375,7.54,4.46,-2.06,-3.49,-1.99,5.52,1.03,4.07,7.28,8.58,4.84,3.23,-4.37,-5.88,-7.06,-8.15,-6.99,-6.4,-3.77,4.82,4.99,5.65,1.97,-2.12,-3.33,-2.65,-4.7,-6.93,-4.69,-1.5,0.57,6.27,9.31,6.38,7.74,1.91,-1.31,-1.1,-3.65,-4.59,-4.79,0.0,2.17,4.95,9.81,7.73,3.26,2.28,-2.25,0.57,0.04,-5.08,-1.04,-1.34,0.69,6.23,7.34,5.11,1.56,-2.42,-4.83,-4.41,-4.1,-6.75,-4.33,-1.87,-1.61,3.09,4.91,5.24,2.76,-1.69,-1.21,-2.53,-6.16,-3.63,-6.31,0.14,0.97,3.85,7.83,5.14,1.09,0.25,-0.17,-5.67,-9.15,-9.0,-4.66,-1.29,5.53,6.4,7.39,5.88,6.46,2.87,1.17,1.18,0.56,-0.13,0.43,9.63,7.47,8.92,6.56,3.7,1.27,5.25,-3.81,-6.53,-7.4,-6.95,-2.0,-0.07,2.6,1.63,-3.62,-6.6,-8.62,-10.65,-6.58,-4.92,-0.58,2.8,7.28,2.94,1.85,-3.34,-4.52,-3.33,-2.01,0.4,3.87,2.21,-0.37,-0.96,-4.49,-7.73,-7.27,-8.65,-2.19,-0.23,1.22,0.4,-0.88,-13.13,-22.47,-16.85,-16.68,-14.57,-7.98,-3.21,-9.07,-10.68,-13.22,-19.6,-5.37,-4.28,-1.97,0.82,0.75,-6.27,-4.48,-10.87,-11.93,-12.77,-15.43,-12.82,-11.85,-4.86,-11.55,-12.94,-7.71,-7.81,-19.71,-16.18,-23.46,-24.93,-22.78,-21.95,-11.24,-14.07,-11.53,-11.74,-8.48,-10.07,-8.86,-15.12,-16.11,-12.85,-10.26,-7.55,-4.34,0.5,0.2,-4.14,-8.15,-14.91,-15.4,-13.35,-15.43,-15.67,-20.4,-13.56,-10.81,-0.38,-11.41,-5.29,-10.94,-18.93,-20.62,-26.62,-23.73,-21.1,-17.91,-11.62,-2.43,-1.68,-3.26,5.95,-4.66,-13.22,-12.81,-13.62,-19.4,-18.22,-11.79,-7.08,-3.01,0.0,1.65,-5.02,-12.83,-9.64,-12.07,-13.21,-19.12,-17.65
98,49.625,24.375,7.54,4.46,-2.06,-3.49,-1.99,5.52,1.03,4.07,7.28,8.58,4.84,3.23,-4.37,-5.88,-7.06,-8.15,-6.99,-6.4,-3.77,4.82,4.99,5.65,1.97,-2.12,-3.33,-2.65,-4.7,-6.93,-4.69,-1.5,0.57,6.27,9.31,6.38,7.74,1.91,-1.31,-1.1,-3.65,-4.59,-4.79,0.0,2.17,4.95,9.81,7.73,3.26,2.28,-2.25,0.57,0.04,-5.08,-1.04,-1.34,0.69,6.23,7.34,5.11,1.56,-2.42,-4.83,-4.41,-4.1,-6.75,-4.33,-1.87,-1.61,3.09,4.91,5.24,2.76,-1.69,-1.21,-2.53,-6.16,-3.63,-6.31,0.14,0.97,3.85,7.83,5.14,1.09,0.25,-0.17,-5.67,-9.15,-9.0,-4.66,-1.29,5.53,6.4,7.39,5.88,6.46,2.87,1.17,1.18,0.56,-0.13,0.43,9.63,7.47,8.92,6.56,3.7,1.27,5.25,-3.81,-6.53,-7.4,-6.95,-2.0,-0.07,2.6,1.63,-3.62,-6.6,-8.62,-10.65,-6.58,-4.92,-0.58,2.8,7.28,2.94,1.85,-3.34,-4.52,-3.33,-2.01,0.4,3.87,2.21,-0.37,-0.96,-4.49,-7.73,-7.27,-8.65,-2.19,-0.23,1.22,0.4,-0.88,-13.13,-22.47,-16.85,-16.68,-14.57,-7.98,-3.21,-9.07,-10.68,-13.22,-19.6,-5.37,-4.28,-1.97,0.82,0.75,-6.27,-4.48,-10.87,-11.93,-12.77,-15.43,-12.82,-11.85,-4.86,-11.55,-12.94,-7.71,-7.81,-19.71,-16.18,-23.46,-24.93,-22.78,-21.95,-11.24,-14.07,-11.53,-11.74,-8.48,-10.07,-8.86,-15.12,-16.11,-12.85,-10.26,-7.55,-4.34,0.5,0.2,-4.14,-8.15,-14.91,-15.4,-13.35,-15.43,-15.67,-20.4,-13.56,-10.81,-0.38,-11.41,-5.29,-10.94,-18.93,-20.62,-26.62,-23.73,-21.1,-17.91,-11.62,-2.43,-1.68,-3.26,5.95,-4.66,-13.22,-12.81,-13.62,-19.4,-18.22,-11.79,-7.08,-3.01,0.0,1.65,-5.02,-12.83,-9.64,-12.07,-13.21,-19.12,-17.65
99,52.625,24.625,8.16,5.14,-5.18,-6.72,-3.83,1.87,-0.99,2.52,4.8,6.93,4.36,2.2,-4.17,-6.25,-5.81,-4.8,-4.2,-3.52,1.07,6.0,6.93,6.64,2.23,-2.17,-1.5,-3.44,-6.0,-5.79,-3.52,-0.8,1.98,6.64,8.99,5.83,6.89,1.78,-2.86,-2.46,-6.19,-5.79,-5.44,-2.6,-0.33,1.91,5.94,5.51,-0.05,-0.79,-7.55,-5.3,0.5,-4.25,-0.6,-0.38,2.54,8.14,9.17,6.02,1.82,-2.45,-1.98,-0.58,-2.38,-4.56,-3.8,-2.7,-2.2,3.15,6.62,6.76,3.05,-3.74,-3.22,-4.0,-6.88,-5.3,-4.36,-0.63,1.21,3.08,6.08,4.11,0.53,0.98,-0.54,-3.45,-6.98,-3.86,-2.18,1.5,5.54,6.58,8.21,6.59,6.83,1.59,-2.28,-1.96,1.82,-0.85,2.0,10.54,8.38,10.49,6.69,3.81,2.79,11.45,1.29,-2.88,-3.69,-1.65,1.59,2.08,5.02,4.56,-0.84,-3.6,-3.08,-4.1,-2.04,1.26,3.61,5.25,15.47,7.24,4.93,-3.36,-2.39,-1.32,1.22,3.56,5.74,4.26,1.99,0.04,-7.43,-6.41,-7.19,-8.43,-1.6,-0.61,1.81,-0.31,-1.07,-12.87,-15.55,-24.57,-11.26,-9.79,-5.67,-0.91,-5.82,-10.46,-10.55,-13.62,-4.25,-2.34,-0.18,2.74,2.21,-0.43,-5.33,-7.06,-6.58,-7.07,-6.32,-9.15,-5.09,-1.39,-4.75,-5.19,-4.74,-8.61,-16.64,-12.59,-19.27,-16.78,-14.0,-15.29,-9.26,-11.22,-10.27,-5.78,-5.89,-7.43,-11.93,-14.08,-14.03,-11.66,-8.39,-8.61,-4.16,0.79,1.61,-1.87,-5.64,-12.3,-15.46,-9.9,-12.69,-10.32,-10.65,-5.27,-2.42,2.99,1.68,1.36,-2.76,-5.98,-6.45,-9.53,-14.28,-11.11,-10.75,-6.43,-0.26,-0.22,1.62,8.19,-2.44,-8.56,-11.14,-11.28,-19.17,-17.22,-9.83,-6.41,-2.17,1.6,2.87,1.13,-0.61,-3.91,-7.29,-8.89,-22.65,-18.42
100,52.375,24.625,8.16,5.14,-5.18,-6.72,-3.83,1.87,-0.99,2.52,4.8,6.93,4.36,2.2,-4.17,-6.25,-5.81,-4.8,-4.2,-3.52,1.07,6.0,6.93,6.64,2.23,-2.17,-1.5,-3.44,-6.0,-5.79,-3.52,-0.8,1.98,6.64,8.99,5.83,6.89,1.78,-2.86,-2.46,-6.19,-5.79,-5.44,-2.6,-0.33,1.91,5.94,5.51,-0.05,-0.79,-7.55,-5.3,0.5,-4.25,-0.6,-0.38,2.54,8.14,9.17,6.02,1.82,-2.45,-1.98,-0.58,-2.38,-4.56,-3.8,-2.7,-2.2,3.15,6.62,6.76,3.05,-3.74,-3.22,-4.0,-6.88,-5.3,-4.36,-0.63,1.21,3.08,6.08,4.11,0.53,0.98,-0.54,-3.45,-6.98,-3.86,-2.18,1.5,5.54,6.58,8.21,6.59,6.83,1.59,-2.28,-1.96,1.82,-0.85,2.0,10.54,8.38,10.49,6.69,3.81,2.79,11.45,1.29,-2.88,-3.69,-1.65,1.59,2.08,5.02,4.56,-0.84,-3.6,-3.08,-4.1,-2.04,1.26,3.61,5.25,15.47,7.24,4.93,-3.36,-2.39,-1.32,1.22,3.56,5.74,4.26,1.99,0.04,-7.43,-6.41,-7.19,-8.43,-1.6,-0.61,1.81,-0.31,-1.07,-12.87,-15.55,-24.57,-11.26,-9.79,-5.67,-0.91,-5.82,-10.46,-10.55,-13.62,-4.25,-2.34,-0.18,2.74,2.21,-0.43,-5.33,-7.06,-6.58,-7.07,-6.32,-9.15,-5.09,-1.39,-4.75,-5.19,-4.74,-8.61,-16.64,-12.59,-19.27,-16.78,-14.0,-15.29,-9.26,-11.22,-10.27,-5.78,-5.89,-7.43,-11.93,-14.08,-14.03,-11.66,-8.39,-8.61,-4.16,0.79,1.61,-1.87,-5.64,-12.3,-15.46,-9.9,-12.69,-10.32,-10.65,-5.27,-2.42,2.99,1.68,1.36,-2.76,-5.98,-6.45,-9.53,-14.28,-11.11,-10.75,-6.43,-0.26,-0.22,1.62,8.19,-2.44,-8.56,-11.14,-11.28,-19.17,-17.22,-9.83,-6.41,-2.17,1.6,2.87,1.13,-0.61,-3.91,-7.29,-8.89,-22.65,-18.42
101,52.125,24.625,7.15,4.59,-5.7,-7.16,-4.63,1.29,-1.52,-1.99,3.99,6.32,3.8,1.84,-4.26,-5.78,-5.54,-5.33,-4.49,-2.63,1.56,6.22,6.86,5.98,2.08,-1.97,-1.52,-3.25,-6.37,-6.41,-3.78,0.02,2.46,6.24,8.52,5.58,6.85,2.83,-2.09,-2.64,-6.5,-6.22,-5.3,-2.06,0.09,1.95,5.38,5.48,0.46,-0.14,-6.59,-4.71,0.06,-4.25,-0.7,0.36,3.75,9.01,11.32,5.87,2.03,-1.58,-1.92,-1.1,-2.76,-5.47,-4.37,-3.18,-1.66,3.13,5.93,5.98,2.62,-3.74,-3.07,-4.58,-7.17,-5.6,-4.55,-0.86,1.66,2.83,5.79,3.63,0.64,0.8,-0.85,-3.73,-6.82,-4.89,-2.46,0.86,4.87,6.26,7.9,5.75,6.05,1.45,-2.78,-3.73,-0.24,-2.48,-0.69,8.92,7.06,8.25,5.87,3.39,0.81,8.0,-0.55,-4.11,-4.97,-1.47,0.93,1.51,4.13,3.28,-0.74,-4.31,-4.86,-5.65,-2.71,0.43,3.67,4.77,14.18,6.81,8.66,-3.32,-3.41,-1.54,0.78,3.27,5.66,3.69,1.86,0.22,-8.39,-8.17,-7.74,-8.44,-1.71,-1.69,1.02,-1.25,-2.12,-13.28,-16.33,-26.58,-11.36,-6.15,-6.31,-3.78,-5.54,-10.47,-11.46,-12.97,-4.55,-2.05,-0.6,2.36,1.46,-0.92,-5.27,-6.58,-6.79,-8.48,-8.39,-9.49,-4.96,-2.83,-6.2,-5.55,-6.62,-10.45,-16.96,-11.52,-19.62,-18.55,-14.1,-13.86,-8.77,-10.31,-8.16,-10.21,-9.73,-8.16,-13.29,-14.11,-15.95,-11.56,-8.16,-9.7,-4.41,-0.48,1.44,-3.07,-5.4,-13.01,-13.08,-11.55,-13.89,-11.19,-9.48,-8.06,-2.02,2.95,1.0,0.53,-1.8,-5.76,-6.25,-9.74,-14.75,-10.49,-9.8,-5.49,0.01,-0.01,2.29,2.25,-2.16,-6.99,-9.79,-9.99,-15.31,-18.81,-9.23,-6.0,-2.08,1.89,2.66,1.07,-0.96,-3.15,-6.99,-8.66,-23.94,-17.7
102,51.875,24.625,7.96,5.04,-4.83,-5.6,-3.67,3.58,-1.45,2.74,5.37,7.52,4.52,2.97,-4.59,-5.97,-6.72,-6.18,-5.3,-4.81,-0.49,6.0,6.5,6.27,2.76,-2.73,-2.47,-3.09,-5.76,-6.83,-4.11,-0.97,2.16,6.25,9.2,6.12,7.3,1.99,-2.67,-2.43,-6.09,-6.24,-5.49,-2.75,-0.53,2.7,7.12,6.66,1.29,0.07,-6.49,-3.56,0.68,-4.38,-0.39,-0.19,3.16,7.7,9.26,6.01,2.0,-2.41,-2.76,-1.09,-2.36,-5.74,-4.07,-3.78,-2.68,3.21,6.2,6.16,2.99,-3.29,-2.87,-3.87,-7.06,-4.46,-4.51,-0.55,1.16,3.38,7.05,4.56,1.14,1.05,-0.0,-3.92,-8.01,-5.56,-2.4,0.96,5.43,6.66,8.2,6.41,6.54,2.55,-1.52,-1.09,1.41,-0.76,0.58,10.11,7.3,9.35,6.92,3.95,2.33,11.47,0.06,-3.37,-4.76,-2.85,0.94,1.22,4.38,3.53,-1.48,-4.4,-4.98,-6.78,-2.93,0.44,3.14,4.69,13.65,5.57,6.65,-3.07,-2.47,-0.71,1.96,3.43,5.79,3.92,1.44,0.72,-6.05,-7.19,-7.38,-8.6,-1.75,-1.0,1.39,-0.72,-1.4,-14.31,-16.99,-25.23,-15.04,-10.94,-7.63,-2.02,-5.95,-13.0,-13.76,-18.52,-4.49,-2.54,-0.78,2.52,1.85,-2.21,-5.87,-9.04,-8.69,-10.3,-11.33,-10.72,-7.59,-3.45,-9.47,-9.73,-7.69,-10.71,-21.83,-14.7,-23.61,-24.33,-20.25,-21.1,-11.9,-16.74,-14.05,-11.6,-12.05,-10.92,-11.84,-15.76,-17.61,-12.47,-9.56,-9.69,-4.26,-0.1,1.33,-4.7,-8.42,-15.41,-15.47,-11.62,-14.92,-11.67,-14.37,-10.29,-4.72,2.48,-3.7,-1.93,-6.62,-10.04,-9.86,-15.25,-19.07,-14.23,-15.41,-7.49,0.42,0.25,1.16,7.36,-2.14,-8.33,-10.38,-11.91,-19.53,-22.14,-11.49,-6.63,-1.7,1.48,2.88,1.31,-2.53,-3.87,-8.63,-9.72,-24.02,-20.93
103,51.625,24.625,7.96,5.04,-4.83,-5.6,-3.67,3.58,-1.45,2.74,5.37,7.52,4.52,2.97,-4.59,-5.97,-6.72,-6.18,-5.3,-4.81,-0.49,6.0,6.5,6.27,2.76,-2.73,-2.47,-3.09,-5.76,-6.83,-4.11,-0.97,2.16,6.25,9.2,6.12,7.3,1.99,-2.67,-2.43,-6.09,-6.24,-5.49,-2.75,-0.53,2.7,7.12,6.66,1.29,0.07,-6.49,-3.56,0.68,-4.38,-0.39,-0.19,3.16,7.7,9.26,6.01,2.0,-2.41,-2.76,-1.09,-2.36,-5.74,-4.07,-3.78,-2.68,3.21,6.2,6.16,2.99,-3.29,-2.87,-3.87,-7.06,-4.46,-4.51,-0.55,1.16,3.38,7.05,4.56,1.14,1.05,-0.0,-3.92,-8.01,-5.56,-2.4,0.96,5.43,6.66,8.2,6.41,6.54,2.55,-1.52,-1.09,1.41,-0.76,0.58,10.11,7.3,9.35,6.92,3.95,2.33,11.47,0.06,-3.37,-4.76,-2.85,0.94,1.22,4.38,3.53,-1.48,-4.4,-4.98,-6.78,-2.93,0.44,3.14,4.69,13.65,5.57,6.65,-3.07,-2.47,-0.71,1.96,3.43,5.79,3.92,1.44,0.72,-6.05,-7.19,-7.38,-8.6,-1.75,-1.0,1.39,-0.72,-1.4,-14.31,-16.99,-25.23,-15.04,-10.94,-7.63,-2.02,-5.95,-13.0,-13.76,-18.52,-4.49,-2.54,-0.78,2.52,1.85,-2.21,-5.87,-9.04,-8.69,-10.3,-11.33,-10.72,-7.59,-3.45,-9.47,-9.73,-7.69,-10.71,-21.83,-14.7,-23.61,-24.33,-20.25,-21.1,-11.9,-16.74,-14.05,-11.6,-12.05,-10.92,-11.84,-15.76,-17.61,-12.47,-9.56,-9.69,-4.26,-0.1,1.33,-4.7,-8.42,-15.41,-15.47,-11.62,-14.92,-11.67,-14.37,-10.29,-4.72,2.48,-3.7,-1.93,-6.62,-10.04,-9.86,-15.25,-19.07,-14.23,-15.41,-7.49,0.42,0.25,1.16,7.36,-2.14,-8.33,-10.38,-11.91,-19.53,-22.14,-11.49,-6.63,-1.7,1.48,2.88,1.31,-2.53,-3.87,-8.63,-9.72,-24.02,-20.93
104,50.875,24.625,7.68,4.99,-3.35,-4.15,-2.54,5.85,0.05,2.66,6.11,8.18,4.94,3.34,-4.56,-5.19,-6.65,-7.76,-6.63,-5.71,-2.09,5.37,5.91,5.9,2.66,-2.53,-3.23,-2.13,-5.35,-7.11,-4.93,-1.26,0.86,6.35,9.65,6.53,7.82,2.7,-1.29,-1.69,-4.95,-5.85,-5.74,-1.56,0.78,3.92,8.36,7.02,2.75,1.66,-3.99,-0.96,0.45,-4.61,-1.16,-1.2,1.87,7.4,8.39,5.7,1.93,-1.73,-3.83,-2.12,-3.13,-6.61,-4.75,-4.1,-2.65,2.61,4.82,5.61,3.13,-2.5,-1.76,-3.4,-6.27,-4.28,-5.47,-0.24,1.43,3.81,7.48,5.04,1.41,0.96,0.28,-4.69,-8.91,-8.13,-3.57,-0.8,5.64,6.63,7.61,5.83,6.44,3.31,0.23,-0.17,0.09,-0.89,-0.67,9.65,6.95,8.15,6.38,3.92,2.1,7.82,-2.9,-5.44,-6.61,-5.96,-1.34,0.37,3.13,2.13,-2.73,-5.76,-7.27,-9.87,-5.25,-1.75,1.72,3.57,9.19,4.07,5.0,-2.66,-3.26,-1.72,-0.36,1.86,4.72,3.1,0.84,0.58,-5.09,-8.29,-7.76,-8.9,-2.85,-1.44,0.57,-0.94,-1.93,-14.4,-19.11,-21.97,-17.28,-10.44,-9.91,-3.22,-8.19,-13.39,-16.95,-21.85,-5.46,-3.82,-2.28,1.32,0.96,-4.47,-5.73,-10.53,-11.42,-13.44,-16.27,-12.77,-10.44,-5.45,-13.08,-11.63,-10.04,-10.8,-23.35,-15.85,-25.6,-28.69,-23.55,-24.99,-14.05,-19.61,-15.63,-14.77,-14.87,-11.66,-11.9,-17.08,-20.1,-13.55,-11.38,-10.88,-5.1,-0.61,0.13,-7.28,-10.55,-16.73,-17.82,-14.27,-18.41,-15.35,-18.02,-15.97,-9.8,-2.47,-8.86,-5.16,-11.63,-16.9,-16.71,-24.02,-22.89,-19.11,-20.18,-10.29,-1.28,-0.72,-1.59,1.56,-3.16,-9.44,-11.42,-13.7,-20.54,-26.57,-14.66,-8.53,-2.99,0.05,2.78,-0.99,-7.37,-5.78,-12.46,-12.47,-24.9,-23.89
105,50.625,24.625,7.68,4.99,-3.35,-4.15,-2.54,5.85,0.05,2.66,6.11,8.18,4.94,3.34,-4.56,-5.19,-6.65,-7.76,-6.63,-5.71,-2.09,5.37,5.91,5.9,2.66,-2.53,-3.23,-2.13,-5.35,-7.11,-4.93,-1.26,0.86,6.35,9.65,6.53,7.82,2.7,-1.29,-1.69,-4.95,-5.85,-5.74,-1.56,0.78,3.92,8.36,7.02,2.75,1.66,-3.99,-0.96,0.45,-4.61,-1.16,-1.2,1.87,7.4,8.39,5.7,1.93,-1.73,-3.83,-2.12,-3.13,-6.61,-4.75,-4.1,-2.65,2.61,4.82,5.61,3.13,-2.5,-1.76,-3.4,-6.27,-4.28,-5.47,-0.24,1.43,3.81,7.48,5.04,1.41,0.96,0.28,-4.69,-8.91,-8.13,-3.57,-0.8,5.64,6.63,7.61,5.83,6.44,3.31,0.23,-0.17,0.09,-0.89,-0.67,9.65,6.95,8.15,6.38,3.92,2.1,7.82,-2.9,-5.44,-6.61,-5.96,-1.34,0.37,3.13,2.13,-2.73,-5.76,-7.27,-9.87,-5.25,-1.75,1.72,3.57,9.19,4.07,5.0,-2.66,-3.26,-1.72,-0.36,1.86,4.72,3.1,0.84,0.58,-5.09,-8.29,-7.76,-8.9,-2.85,-1.44,0.57,-0.94,-1.93,-14.4,-19.11,-21.97,-17.28,-10.44,-9.91,-3.22,-8.19,-13.39,-16.95,-21.85,-5.46,-3.82,-2.28,1.32,0.96,-4.47,-5.73,-10.53,-11.42,-13.44,-16.27,-12.77,-10.44,-5.45,-13.08,-11.63,-10.04,-10.8,-23.35,-15.85,-25.6,-28.69,-23.55,-24.99,-14.05,-19.61,-15.63,-14.77,-14.87,-11.66,-11.9,-17.08,-20.1,-13.55,-11.38,-10.88,-5.1,-0.61,0.13,-7.28,-10.55,-16.73,-17.82,-14.27,-18.41,-15.35,-18.02,-15.97,-9.8,-2.47,-8.86,-5.16,-11.63,-16.9,-16.71,-24.02,-22.89,-19.11,-20.18,-10.29,-1.28,-0.72,-1.59,1.56,-3.16,-9.44,-11.42,-13.7,-20.54,-26.57,-14.66,-8.53,-2.99,0.05,2.78,-0.99,-7.37,-5.78,-12.46,-12.47,-24.9,-23.89
106,50.375,24.625,7.68,4.99,-3.35,-4.15,-2.54,5.85,0.05,2.66,6.11,8.18,4.94,3.34,-4.56,-5.19,-6.65,-7.76,-6.63,-5.71,-2.09,5.37,5.91,5.9,2.66,-2.53,-3.23,-2.13,-5.35,-7.11,-4.93,-1.26,0.86,6.35,9.65,6.53,7.82,2.7,-1.29,-1.69,-4.95,-5.85,-5.74,-1.56,0.78,3.92,8.36,7.02,2.75,1.66,-3.99,-0.96,0.45,-4.61,-1.16,-1.2,1.87,7.4,8.39,5.7,1.93,-1.73,-3.83,-2.12,-3.13,-6.61,-4.75,-4.1,-2.65,2.61,4.82,5.61,3.13,-2.5,-1.76,-3.4,-6.27,-4.28,-5.47,-0.24,1.43,3.81,7.48,5.04,1.41,0.96,0.28,-4.69,-8.91,-8.13,-3.57,-0.8,5.64,6.63,7.61,5.83,6.44,3.31,0.23,-0.17,0.09,-0.89,-0.67,9.65,6.95,8.15,6.38,3.92,2.1,7.82,-2.9,-5.44,-6.61,-5.96,-1.34,0.37,3.13,2.13,-2.73,-5.76,-7.27,-9.87,-5.25,-1.75,1.72,3.57,9.19,4.07,5.0,-2.66,-3.26,-1.72,-0.36,1.86,4.72,3.1,0.84,0.58,-5.09,-8.29,-7.76,-8.9,-2.85,-1.44,0.57,-0.94,-1.93,-14.4,-19.11,-21.97,-17.28,-10.44,-9.91,-3.22,-8.19,-13.39,-16.95,-21.85,-5.46,-3.82,-2.28,1.32,0.96,-4.47,-5.73,-10.53,-11.42,-13.44,-16.27,-12.77,-10.44,-5.45,-13.08,-11.63,-10.04,-10.8,-23.35,-15.85,-25.6,-28.69,-23.55,-24.99,-14.05,-19.61,-15.63,-14.77,-14.87,-11.66,-11.9,-17.08,-20.1,-13.55,-11.38,-10.88,-5.1,-0.61,0.13,-7.28,-10.55,-16.73,-17.82,-14.27,-18.41,-15.35,-18.02,-15.97,-9.8,-2.47,-8.86,-5.16,-11.63,-16.9,-16.71,-24.02,-22.89,-19.11,-20.18,-10.29,-1.28,-0.72,-1.59,1.56,-3.16,-9.44,-11.42,-13.7,-20.54,-26.57,-14.66,-8.53,-2.99,0.05,2.78,-0.99,-7.37,-5.78,-12.46,-12.47,-24.9,-23.89
107,50.125,24.625,7.68,4.99,-3.35,-4.15,-2.54,5.85,0.05,2.66,6.11,8.18,4.94,3.34,-4.56,-5.19,-6.65,-7.76,-6.63,-5.71,-2.09,5.37,5.91,5.9,2.66,-2.53,-3.23,-2.13,-5.35,-7.11,-4.93,-1.26,0.86,6.35,9.65,6.53,7.82,2.7,-1.29,-1.69,-4.95,-5.85,-5.74,-1.56,0.78,3.92,8.36,7.02,2.75,1.66,-3.99,-0.96,0.45,-4.61,-1.16,-1.2,1.87,7.4,8.39,5.7,1.93,-1.73,-3.83,-2.12,-3.13,-6.61,-4.75,-4.1,-2.65,2.61,4.82,5.61,3.13,-2.5,-1.76,-3.4,-6.27,-4.28,-5.47,-0.24,1.43,3.81,7.48,5.04,1.41,0.96,0.28,-4.69,-8.91,-8.13,-3.57,-0.8,5.64,6.63,7.61,5.83,6.44,3.31,0.23,-0.17,0.09,-0.89,-0.67,9.65,6.95,8.15,6.38,3.92,2.1,7.82,-2.9,-5.44,-6.61,-5.96,-1.34,0.37,3.13,2.13,-2.73,-5.76,-7.27,-9.87,-5.25,-1.75,1.72,3.57,9.19,4.07,5.0,-2.66,-3.26,-1.72,-0.36,1.86,4.72,3.1,0.84,0.58,-5.09,-8.29,-7.76,-8.9,-2.85,-1.44,0.57,-0.94,-1.93,-14.4,-19.11,-21.97,-17.28,-10.44,-9.91,-3.22,-8.19,-13.39,-16.95,-21.85,-5.46,-3.82,-2.28,1.32,0.96,-4.47,-5.73,-10.53,-11.42,-13.44,-16.27,-12.77,-10.44,-5.45,-13.08,-11.63,-10.04,-10.8,-23.35,-15.85,-25.6,-28.69,-23.55,-24.99,-14.05,-19.61,-15.63,-14.77,-14.87,-11.66,-11.9,-17.08,-20.1,-13.55,-11.38,-10.88,-5.1,-0.61,0.13,-7.28,-10.55,-16.73,-17.82,-14.27,-18.41,-15.35,-18.02,-15.97,-9.8,-2.47,-8.86,-5.16,-11.63,-16.9,-16.71,-24.02,-22.89,-19.11,-20.18,-10.29,-1.28,-0.72,-1.59,1.56,-3.16,-9.44,-11.42,-13.7,-20.54,-26.57,-14.66,-8.53,-2.99,0.05,2.78,-0.99,-7.37,-5.78,-12.46,-12.47,-24.9,-23.89
108,49.875,24.625,7.68,4.99,-3.35,-4.15,-2.54,5.85,0.05,2.66,6.11,8.18,4.94,3.34,-4.56,-5.19,-6.65,-7.76,-6.63,-5.71,-2.09,5.37,5.91,5.9,2.66,-2.53,-3.23,-2.13,-5.35,-7.11,-4.93,-1.26,0.86,6.35,9.65,6.53,7.82,2.7,-1.29,-1.69,-4.95,-5.85,-5.74,-1.56,0.78,3.92,8.36,7.02,2.75,1.66,-3.99,-0.96,0.45,-4.61,-1.16,-1.2,1.87,7.4,8.39,5.7,1.93,-1.73,-3.83,-2.12,-3.13,-6.61,-4.75,-4.1,-2.65,2.61,4.82,5.61,3.13,-2.5,-1.76,-3.4,-6.27,-4.28,-5.47,-0.24,1.43,3.81,7.48,5.04,1.41,0.96,0.28,-4.69,-8.91,-8.13,-3.57,-0.8,5.64,6.63,7.61,5.83,6.44,3.31,0.23,-0.17,0.09,-0.89,-0.67,9.65,6.95,8.15,6.38,3.92,2.1,7.82,-2.9,-5.44,-6.61,-5.96,-1.34,0.37,3.13,2.13,-2.73,-5.76,-7.27,-9.87,-5.25,-1.75,1.72,3.57,9.19,4.07,5.0,-2.66,-3.26,-1.72,-0.36,1.86,4.72,3.1,0.84,0.58,-5.09,-8.29,-7.76,-8.9,-2.85,-1.44,0.57,-0.94,-1.93,-14.4,-19.11,-21.97,-17.28,-10.44,-9.91,-3.22,-8.19,-13.39,-16.95,-21.85,-5.46,-3.82,-2.28,1.32,0.96,-4.47,-5.73,-10.53,-11.42,-13.44,-16.27,-12.77,-10.44,-5.45,-13.08,-11.63,-10.04,-10.8,-23.35,-15.85,-25.6,-28.69,-23.55,-24.99,-14.05,-19.61,-15.63,-14.77,-14.87,-11.66,-11.9,-17.08,-20.1,-13.55,-11.38,-10.88,-5.1,-0.61,0.13,-7.28,-10.55,-16.73,-17.82,-14.27,-18.41,-15.35,-18.02,-15.97,-9.8,-2.47,-8.86,-5.16,-11.63,-16.9,-16.71,-24.02,-22.89,-19.11,-20.18,-10.29,-1.28,-0.72,-1.59,1.56,-3.16,-9.44,-11.42,-13.7,-20.54,-26.57,-14.66,-8.53,-2.99,0.05,2.78,-0.99,-7.37,-5.78,-12.46,-12.47,-24.9,-23.89
109,49.625,24.625,6.34,3.81,-2.92,-4.11,-2.31,6.14,0.07,2.8,6.37,7.53,4.18,3.04,-4.44,-5.19,-6.73,-8.45,-7.22,-4.96,-2.91,4.66,4.81,4.79,1.61,-1.56,-3.42,-2.04,-4.86,-6.57,-4.25,0.31,1.47,5.71,9.51,6.06,8.09,3.4,0.05,-0.87,-3.99,-4.89,-4.39,0.48,1.97,4.43,9.42,7.28,3.52,4.21,-1.34,0.52,0.32,-4.69,-0.61,-0.56,2.27,6.48,7.21,4.85,1.49,-1.03,-4.66,-3.8,-4.13,-7.13,-4.85,-2.59,-1.37,2.43,4.05,4.74,2.4,-1.92,-0.97,-3.55,-6.71,-3.87,-5.9,0.25,1.72,3.26,6.99,4.43,1.05,0.18,-0.97,-6.4,-9.95,-10.59,-5.88,-3.19,4.17,5.69,6.72,4.81,5.91,3.05,1.22,-0.07,-1.75,-2.14,-2.13,8.9,6.25,6.78,5.38,3.5,1.19,2.73,-5.27,-7.71,-8.87,-6.42,-3.07,-1.12,1.2,0.34,-3.99,-7.79,-9.87,-12.04,-8.08,-5.2,-0.66,1.95,5.79,2.36,2.5,-3.43,-5.4,-3.26,-2.9,-0.33,3.24,1.47,-0.29,-1.02,-6.02,-10.28,-8.75,-9.37,-2.79,-1.53,-0.6,-0.69,-2.21,-13.69,-21.84,-19.92,-17.04,-9.78,-10.21,-4.0,-13.36,-12.41,-17.75,-21.69,-5.85,-4.23,-3.29,0.03,-0.13,-8.4,-4.77,-10.98,-12.96,-15.3,-19.38,-14.01,-11.54,-7.14,-12.78,-12.13,-10.73,-9.51,-21.05,-16.72,-25.38,-29.1,-23.99,-24.83,-15.56,-18.55,-13.96,-16.8,-15.38,-10.91,-13.11,-19.17,-22.0,-15.04,-12.37,-12.75,-6.74,-2.44,-1.57,-8.94,-12.96,-16.73,-18.7,-18.33,-23.17,-20.79,-20.01,-20.37,-13.7,-7.61,-13.44,-8.07,-16.67,-22.58,-23.96,-31.28,-25.92,-24.28,-20.05,-14.31,-5.81,-4.46,-5.94,-0.56,-7.73,-13.42,-14.64,-17.89,-23.85,-30.88,-18.96,-12.46,-7.22,-1.72,-1.39,-9.34,-16.05,-9.93,-21.34,-17.91,-30.35,-27.56
110,52.375,24.875,7.15,4.59,-5.7,-7.16,-4.63,1.29,-1.52,-1.99,3.99,6.32,3.8,1.84,-4.26,-5.78,-5.54,-5.33,-4.49,-2.63,1.56,6.22,6.86,5.98,2.08,-1.97,-1.52,-3.25,-6.37,-6.41,-3.78,0.02,2.46,6.24,8.52,5.58,6.85,2.83,-2.09,-2.64,-6.5,-6.22,-5.3,-2.06,0.09,1.95,5.38,5.48,0.46,-0.14,-6.59,-4.71,0.06,-4.25,-0.7,0.36,3.75,9.01,11.32,5.87,2.03,-1.58,-1.92,-1.1,-2.76,-5.47,-4.37,-3.18,-1.66,3.13,5.93,5.98,2.62,-3.74,-3.07,-4.58,-7.17,-5.6,-4.55,-0.86,1.66,2.83,5.79,3.63,0.64,0.8,-0.85,-3.73,-6.82,-4.89,-2.46,0.86,4.87,6.26,7.9,5.75,6.05,1.45,-2.78,-3.73,-0.24,-2.48,-0.69,8.92,7.06,8.25,5.87,3.39,0.81,8.0,-0.55,-4.11,-4.97,-1.47,0.93,1.51,4.13,3.28,-0.74,-4.31,-4.86,-5.65,-2.71,0.43,3.67,4.77,14.18,6.81,8.66,-3.32,-3.41,-1.54,0.78,3.27,5.66,3.69,1.86,0.22,-8.39,-8.17,-7.74,-8.44,-1.71,-1.69,1.02,-1.25,-2.12,-13.28,-16.33,-26.58,-11.36,-6.15,-6.31,-3.78,-5.54,-10.47,-11.46,-12.97,-4.55,-2.05,-0.6,2.36,1.46,-0.92,-5.27,-6.58,-6.79,-8.48,-8.39,-9.49,-4.96,-2.83,-6.2,-5.55,-6.62,-10.45,-16.96,-11.52,-19.62,-18.55,-14.1,-13.86,-8.77,-10.31,-8.16,-10.21,-9.73,-8.16,-13.29,-14.11,-15.95,-11.56,-8.16,-9.7,-4.41,-0.48,1.44,-3.07,-5.4,-13.01,-13.08,-11.55,-13.89,-11.19,-9.48,-8.06,-2.02,2.95,1.0,0.53,-1.8,-5.76,-6.25,-9.74,-14.75,-10.49,-9.8,-5.49,0.01,-0.01,2.29,2.25,-2.16,-6.99,-9.79,-9.99,-15.31,-18.81,-9.23,-6.0,-2.08,1.89,2.66,1.07,-0.96,-3.15,-6.99,-8.66,-23.94,-17.7
111,52.125,24.875,7.15,4.59,-5.7,-7.16,-4.63,1.29,-1.52,-1.99,3.99,6.32,3.8,1.84,-4.26,-5.78,-5.54,-5.33,-4.49,-2.63,1.56,6.22,6.86,5.98,2.08,-1.97,-1.52,-3.25,-6.37,-6.41,-3.78,0.02,2.46,6.24,8.52,5.58,6.85,2.83,-2.09,-2.64,-6.5,-6.22,-5.3,-2.06,0.09,1.95,5.38,5.48,0.46,-0.14,-6.59,-4.71,0.06,-4.25,-0.7,0.36,3.75,9.01,11.32,5.87,2.03,-1.58,-1.92,-1.1,-2.76,-5.47,-4.37,-3.18,-1.66,3.13,5.93,5.98,2.62,-3.74,-3.07,-4.58,-7.17,-5.6,-4.55,-0.86,1.66,2.83,5.79,3.63,0.64,0.8,-0.85,-3.73,-6.82,-4.89,-2.46,0.86,4.87,6.26,7.9,5.75,6.05,1.45,-2.78,-3.73,-0.24,-2.48,-0.69,8.92,7.06,8.25,5.87,3.39,0.81,8.0,-0.55,-4.11,-4.97,-1.47,0.93,1.51,4.13,3.28,-0.74,-4.31,-4.86,-5.65,-2.71,0.43,3.67,4.77,14.18,6.81,8.66,-3.32,-3.41,-1.54,0.78,3.27,5.66,3.69,1.86,0.22,-8.39,-8.17,-7.74,-8.44,-1.71,-1.69,1.02,-1.25,-2.12,-13.28,-16.33,-26.58,-11.36,-6.15,-6.31,-3.78,-5.54,-10.47,-11.46,-12.97,-4.55,-2.05,-0.6,2.36,1.46,-0.92,-5.27,-6.58,-6.79,-8.48,-8.39,-9.49,-4.96,-2.83,-6.2,-5.55,-6.62,-10.45,-16.96,-11.52,-19.62,-18.55,-14.1,-13.86,-8.77,-10.31,-8.16,-10.21,-9.73,-8.16,-13.29,-14.11,-15.95,-11.56,-8.16,-9.7,-4.41,-0.48,1.44,-3.07,-5.4,-13.01,-13.08,-11.55,-13.89,-11.19,-9.48,-8.06,-2.02,2.95,1.0,0.53,-1.8,-5.76,-6.25,-9.74,-14.75,-10.49,-9.8,-5.49,0.01,-0.01,2.29,2.25,-2.16,-6.99,-9.79,-9.99,-15.31,-18.81,-9.23,-6.0,-2.08,1.89,2.66,1.07,-0.96,-3.15,-6.99,-8.66,-23.94,-17.7
112,51.875,24.875,7.15,4.59,-5.7,-7.16,-4.63,1.29,-1.52,-1.99,3.99,6.32,3.8,1.84,-4.26,-5.78,-5.54,-5.33,-4.49,-2.63,1.56,6.22,6.86,5.98,2.08,-1.97,-1.52,-3.25,-6.37,-6.41,-3.78,0.02,2.46,6.24,8.52,5.58,6.85,2.83,-2.09,-2.64,-6.5,-6.22,-5.3,-2.06,0.09,1.95,5.38,5.48,0.46,-0.14,-6.59,-4.71,0.06,-4.25,-0.7,0.36,3.75,9.01,11.32,5.87,2.03,-1.58,-1.92,-1.1,-2.76,-5.47,-4.37,-3.18,-1.66,3.13,5.93,5.98,2.62,-3.74,-3.07,-4.58,-7.17,-5.6,-4.55,-0.86,1.66,2.83,5.79,3.63,0.64,0.8,-0.85,-3.73,-6.82,-4.89,-2.46,0.86,4.87,6.26,7.9,5.75,6.05,1.45,-2.78,-3.73,-0.24,-2.48,-0.69,8.92,7.06,8.25,5.87,3.39,0.81,8.0,-0.55,-4.11,-4.97,-1.47,0.93,1.51,4.13,3.28,-0.74,-4.31,-4.86,-5.65,-2.71,0.43,3.67,4.77,14.18,6.81,8.66,-3.32,-3.41,-1.54,0.78,3.27,5.66,3.69,1.86,0.22,-8.39,-8.17,-7.74,-8.44,-1.71,-1.69,1.02,-1.25,-2.12,-13.28,-16.33,-26.58,-11.36,-6.15,-6.31,-3.78,-5.54,-10.47,-11.46,-12.97,-4.55,-2.05,-0.6,2.36,1.46,-0.92,-5.27,-6.58,-6.79,-8.48,-8.39,-9.49,-4.96,-2.83,-6.2,-5.55,-6.62,-10.45,-16.96,-11.52,-19.62,-18.55,-14.1,-13.86,-8.77,-10.31,-8.16,-10.21,-9.73,-8.16,-13.29,-14.11,-15.95,-11.56,-8.16,-9.7,-4.41,-0.48,1.44,-3.07,-5.4,-13.01,-13.08,-11.55,-13.89,-11.19,-9.48,-8.06,-2.02,2.95,1.0,0.53,-1.8,-5.76,-6.25,-9.74,-14.75,-10.49,-9.8,-5.49,0.01,-0.01,2.29,2.25,-2.16,-6.99,-9.79,-9.99,-15.31,-18.81,-9.23,-6.0,-2.08,1.89,2.66,1.07,-0.96,-3.15,-6.99,-8.66,-23.94,-17.7
113,50.875,24.875,7.68,4.99,-3.35,-4.15,-2.54,5.85,0.05,2.66,6.11,8.18,4.94,3.34,-4.56,-5.19,-6.65,-7.76,-6.63,-5.71,-2.09,5.37,5.91,5.9,2.66,-2.53,-3.23,-2.13,-5.35,-7.11,-4.93,-1.26,0.86,6.35,9.65,6.53,7.82,2.7,-1.29,-1.69,-4.95,-5.85,-5.74,-1.56,0.78,3.92,8.36,7.02,2.75,1.66,-3.99,-0.96,0.45,-4.61,-1.16,-1.2,1.87,7.4,8.39,5.7,1.93,-1.73,-3.83,-2.12,-3.13,-6.61,-4.75,-4.1,-2.65,2.61,4.82,5.61,3.13,-2.5,-1.76,-3.4,-6.27,-4.28,-5.47,-0.24,1.43,3.81,7.48,5.04,1.41,0.96,0.28,-4.69,-8.91,-8.13,-3.57,-0.8,5.64,6.63,7.61,5.83,6.44,3.31,0.23,-0.17,0.09,-0.89,-0.67,9.65,6.95,8.15,6.38,3.92,2.1,7.82,-2.9,-5.44,-6.61,-5.96,-1.34,0.37,3.13,2.13,-2.73,-5.76,-7.27,-9.87,-5.25,-1.75,1.72,3.57,9.19,4.07,5.0,-2.66,-3.26,-1.72,-0.36,1.86,4.72,3.1,0.84,0.58,-5.09,-8.29,-7.76,-8.9,-2.85,-1.44,0.57,-0.94,-1.93,-14.4,-19.11,-21.97,-17.28,-10.44,-9.91,-3.22,-8.19,-13.39,-16.95,-21.85,-5.46,-3.82,-2.28,1.32,0.96,-4.47,-5.73,-10.53,-11.42,-13.44,-16.27,-12.77,-10.44,-5.45,-13.08,-11.63,-10.04,-10.8,-23.35,-15.85,-25.6,-28.69,-23.55,-24.99,-14.05,-19.61,-15.63,-14.77,-14.87,-11.66,-11.9,-17.08,-20.1,-13.55,-11.38,-10.88,-5.1,-0.61,0.13,-7.28,-10.55,-16.73,-17.82,-14.27,-18.41,-15.35,-18.02,-15.97,-9.8,-2.47,-8.86,-5.16,-11.63,-16.9,-16.71,-24.02,-22.89,-19.11,-20.18,-10.29,-1.28,-0.72,-1.59,1.56,-3.16,-9.44,-11.42,-13.7,-20.54,-26.57,-14.66,-8.53,-2.99,0.05,2.78,-0.99,-7.37,-5.78,-12.46,-12.47,-24.9,-23.89
114,50.625,24.875,7.68,4.99,-3.35,-4.15,-2.54,5.85,0.05,2.66,6.11,8.18,4.94,3.34,-4.56,-5.19,-6.65,-7.76,-6.63,-5.71,-2.09,5.37,5.91,5.9,2.66,-2.53,-3.23,-2.13,-5.35,-7.11,-4.93,-1.26,0.86,6.35,9.65,6.53,7.82,2.7,-1.29,-1.69,-4.95,-5.85,-5.74,-1.56,0.78,3.92,8.36,7.02,2.75,1.66,-3.99,-0.96,0.45,-4.61,-1.16,-1.2,1.87,7.4,8.39,5.7,1.93,-1.73,-3.83,-2.12,-3.13,-6.61,-4.75,-4.1,-2.65,2.61,4.82,5.61,3.13,-2.5,-1.76,-3.4,-6.27,-4.28,-5.47,-0.24,1.43,3.81,7.48,5.04,1.41,0.96,0.28,-4.69,-8.91,-8.13,-3.57,-0.8,5.64,6.63,7.61,5.83,6.44,3.31,0.23,-0.17,0.09,-0.89,-0.67,9.65,6.95,8.15,6.38,3.92,2.1,7.82,-2.9,-5.44,-6.61,-5.96,-1.34,0.37,3.13,2.13,-2.73,-5.76,-7.27,-9.87,-5.25,-1.75,1.72,3.57,9.19,4.07,5.0,-2.66,-3.26,-1.72,-0.36,1.86,4.72,3.1,0.84,0.58,-5.09,-8.29,-7.76,-8.9,-2.85,-1.44,0.57,-0.94,-1.93,-14.4,-19.11,-21.97,-17.28,-10.44,-9.91,-3.22,-8.19,-13.39,-16.95,-21.85,-5.46,-3.82,-2.28,1.32,0.96,-4.47,-5.73,-10.53,-11.42,-13.44,-16.27,-12.77,-10.44,-5.45,-13.08,-11.63,-10.04,-10.8,-23.35,-15.85,-25.6,-28.69,-23.55,-24.99,-14.05,-19.61,-15.63,-14.77,-14.87,-11.66,-11.9,-17.08,-20.1,-13.55,-11.38,-10.88,-5.1,-0.61,0.13,-7.28,-10.55,-16.73,-17.82,-14.27,-18.41,-15.35,-18.02,-15.97,-9.8,-2.47,-8.86,-5.16,-11.63,-16.9,-16.71,-24.02,-22.89,-19.11,-20.18,-10.29,-1.28,-0.72,-1.59,1.56,-3.16,-9.44,-11.42,-13.7,-20.54,-26.57,-14.66,-8.53,-2.99,0.05,2.78,-0.99,-7.37,-5.78,-12.46,-12.47,-24.9,-23.89
115,50.125,24.875,7.68,4.99,-3.35,-4.15,-2.54,5.85,0.05,2.66,6.11,8.18,4.94,3.34,-4.56,-5.19,-6.65,-7.76,-6.63,-5.71,-2.09,5.37,5.91,5.9,2.66,-2.53,-3.23,-2.13,-5.35,-7.11,-4.93,-1.26,0.86,6.35,9.65,6.53,7.82,2.7,-1.29,-1.69,-4.95,-5.85,-5.74,-1.56,0.78,3.92,8.36,7.02,2.75,1.66,-3.99,-0.96,0.45,-4.61,-1.16,-1.2,1.87,7.4,8.39,5.7,1.93,-1.73,-3.83,-2.12,-3.13,-6.61,-4.75,-4.1,-2.65,2.61,4.82,5.61,3.13,-2.5,-1.76,-3.4,-6.27,-4.28,-5.47,-0.24,1.43,3.81,7.48,5.04,1.41,0.96,0.28,-4.69,-8.91,-8.13,-3.57,-0.8,5.64,6.63,7.61,5.83,6.44,3.31,0.23,-0.17,0.09,-0.89,-0.67,9.65,6.95,8.15,6.38,3.92,2.1,7.82,-2.9,-5.44,-6.61,-5.96,-1.34,0.37,3.13,2.13,-2.73,-5.76,-7.27,-9.87,-5.25,-1.75,1.72,3.57,9.19,4.07,5.0,-2.66,-3.26,-1.72,-0.36,1.86,4.72,3.1,0.84,0.58,-5.09,-8.29,-7.76,-8.9,-2.85,-1.44,0.57,-0.94,-1.93,-14.4,-19.11,-21.97,-17.28,-10.44,-9.91,-3.22,-8.19,-13.39,-16.95,-21.85,-5.46,-3.82,-2.28,1.32,0.96,-4.47,-5.73,-10.53,-11.42,-13.44,-16.27,-12.77,-10.44,-5.45,-13.08,-11.63,-10.04,-10.8,-23.35,-15.85,-25.6,-28.69,-23.55,-24.99,-14.05,-19.61,-15.63,-14.77,-14.87,-11.66,-11.9,-17.08,-20.1,-13.55,-11.38,-10.88,-5.1,-0.61,0.13,-7.28,-10.55,-16.73,-17.82,-14.27,-18.41,-15.35,-18.02,-15.97,-9.8,-2.47,-8.86,-5.16,-11.63,-16.9,-16.71,-24.02,-22.89,-19.11,-20.18,-10.29,-1.28,-0.72,-1.59,1.56,-3.16,-9.44,-11.42,-13.7,-20.54,-26.57,-14.66,-8.53,-2.99,0.05,2.78,-0.99,-7.37,-5.78,-12.46,-12.47,-24.9,-23.89
116,49.875,24.875,7.68,4.99,-3.35,-4.15,-2.54,5.85,0.05,2.66,6.11,8.18,4.94,3.34,-4.56,-5.19,-6.65,-7.76,-6.63,-5.71,-2.09,5.37,5.91,5.9,2.66,-2.53,-3.23,-2.13,-5.35,-7.11,-4.93,-1.26,0.86,6.35,9.65,6.53,7.82,2.7,-1.29,-1.69,-4.95,-5.85,-5.74,-1.56,0.78,3.92,8.36,7.02,2.75,1.66,-3.99,-0.96,0.45,-4.61,-1.16,-1.2,1.87,7.4,8.39,5.7,1.93,-1.73,-3.83,-2.12,-3.13,-6.61,-4.75,-4.1,-2.65,2.61,4.82,5.61,3.13,-2.5,-1.76,-3.4,-6.27,-4.28,-5.47,-0.24,1.43,3.81,7.48,5.04,1.41,0.96,0.28,-4.69,-8.91,-8.13,-3.57,-0.8,5.64,6.63,7.61,5.83,6.44,3.31,0.23,-0.17,0.09,-0.89,-0.67,9.65,6.95,8.15,6.38,3.92,2.1,7.82,-2.9,-5.44,-6.61,-5.96,-1.34,0.37,3.13,2.13,-2.73,-5.76,-7.27,-9.87,-5.25,-1.75,1.72,3.57,9.19,4.07,5.0,-2.66,-3.26,-1.72,-0.36,1.86,4.72,3.1,0.84,0.58,-5.09,-8.29,-7.76,-8.9,-2.85,-1.44,0.57,-0.94,-1.93,-14.4,-19.11,-21.97,-17.28,-10.44,-9.91,-3.22,-8.19,-13.39,-16.95,-21.85,-5.46,-3.82,-2.28,1.32,0.96,-4.47,-5.73,-10.53,-11.42,-13.44,-16.27,-12.77,-10.44,-5.45,-13.08,-11.63,-10.04,-10.8,-23.35,-15.85,-25.6,-28.69,-23.55,-24.99,-14.05,-19.61,-15.63,-14.77,-14.87,-11.66,-11.9,-17.08,-20.1,-13.55,-11.38,-10.88,-5.1,-0.61,0.13,-7.28,-10.55,-16.73,-17.82,-14.27,-18.41,-15.35,-18.02,-15.97,-9.8,-2.47,-8.86,-5.16,-11.63,-16.9,-16.71,-24.02,-22.89,-19.11,-20.18,-10.29,-1.28,-0.72,-1.59,1.56,-3.16,-9.44,-11.42,-13.7,-20.54,-26.57,-14.66,-8.53,-2.99,0.05,2.78,-0.99,-7.37,-5.78,-12.46,-12.47,-24.9,-23.89
117,49.625,24.875,6.34,3.81,-2.92,-4.11,-2.31,6.14,0.07,2.8,6.37,7.53,4.18,3.04,-4.44,-5.19,-6.73,-8.45,-7.22,-4.96,-2.91,4.66,4.81,4.79,1.61,-1.56,-3.42,-2.04,-4.86,-6.57,-4.25,0.31,1.47,5.71,9.51,6.06,8.09,3.4,0.05,-0.87,-3.99,-4.89,-4.39,0.48,1.97,4.43,9.42,7.28,3.52,4.21,-1.34,0.52,0.32,-4.69,-0.61,-0.56,2.27,6.48,7.21,4.85,1.49,-1.03,-4.66,-3.8,-4.13,-7.13,-4.85,-2.59,-1.37,2.43,4.05,4.74,2.4,-1.92,-0.97,-3.55,-6.71,-3.87,-5.9,0.25,1.72,3.26,6.99,4.43,1.05,0.18,-0.97,-6.4,-9.95,-10.59,-5.88,-3.19,4.17,5.69,6.72,4.81,5.91,3.05,1.22,-0.07,-1.75,-2.14,-2.13,8.9,6.25,6.78,5.38,3.5,1.19,2.73,-5.27,-7.71,-8.87,-6.42,-3.07,-1.12,1.2,0.34,-3.99,-7.79,-9.87,-12.04,-8.08,-5.2,-0.66,1.95,5.79,2.36,2.5,-3.43,-5.4,-3.26,-2.9,-0.33,3.24,1.47,-0.29,-1.02,-6.02,-10.28,-8.75,-9.37,-2.79,-1.53,-0.6,-0.69,-2.21,-13.69,-21.84,-19.92,-17.04,-9.78,-10.21,-4.0,-13.36,-12.41,-17.75,-21.69,-5.85,-4.23,-3.29,0.03,-0.13,-8.4,-4.77,-10.98,-12.96,-15.3,-19.38,-14.01,-11.54,-7.14,-12.78,-12.13,-10.73,-9.51,-21.05,-16.72,-25.38,-29.1,-23.99,-24.83,-15.56,-18.55,-13.96,-16.8,-15.38,-10.91,-13.11,-19.17,-22.0,-15.04,-12.37,-12.75,-6.74,-2.44,-1.57,-8.94,-12.96,-16.73,-18.7,-18.33,-23.17,-20.79,-20.01,-20.37,-13.7,-7.61,-13.44,-8.07,-16.67,-22.58,-23.96,-31.28,-25.92,-24.28,-20.05,-14.31,-5.81,-4.46,-5.94,-0.56,-7.73,-13.42,-14.64,-17.89,-23.85,-30.88,-18.96,-12.46,-7.22,-1.72,-1.39,-9.34,-16.05,-9.93,-21.34,-17.91,-30.35,-27.56
118,49.875,25.125,6.34,3.81,-2.92,-4.11,-2.31,6.14,0.07,2.8,6.37,7.53,4.18,3.04,-4.44,-5.19,-6.73,-8.45,-7.22,-4.96,-2.91,4.66,4.81,4.79,1.61,-1.56,-3.42,-2.04,-4.86,-6.57,-4.25,0.31,1.47,5.71,9.51,6.06,8.09,3.4,0.05,-0.87,-3.99,-4.89,-4.39,0.48,1.97,4.43,9.42,7.28,3.52,4.21,-1.34,0.52,0.32,-4.69,-0.61,-0.56,2.27,6.48,7.21,4.85,1.49,-1.03,-4.66,-3.8,-4.13,-7.13,-4.85,-2.59,-1.37,2.43,4.05,4.74,2.4,-1.92,-0.97,-3.55,-6.71,-3.87,-5.9,0.25,1.72,3.26,6.99,4.43,1.05,0.18,-0.97,-6.4,-9.95,-10.59,-5.88,-3.19,4.17,5.69,6.72,4.81,5.91,3.05,1.22,-0.07,-1.75,-2.14,-2.13,8.9,6.25,6.78,5.38,3.5,1.19,2.73,-5.27,-7.71,-8.87,-6.42,-3.07,-1.12,1.2,0.34,-3.99,-7.79,-9.87,-12.04,-8.08,-5.2,-0.66,1.95,5.79,2.36,2.5,-3.43,-5.4,-3.26,-2.9,-0.33,3.24,1.47,-0.29,-1.02,-6.02,-10.28,-8.75,-9.37,-2.79,-1.53,-0.6,-0.69,-2.21,-13.69,-21.84,-19.92,-17.04,-9.78,-10.21,-4.0,-13.36,-12.41,-17.75,-21.69,-5.85,-4.23,-3.29,0.03,-0.13,-8.4,-4.77,-10.98,-12.96,-15.3,-19.38,-14.01,-11.54,-7.14,-12.78,-12.13,-10.73,-9.51,-21.05,-16.72,-25.38,-29.1,-23.99,-24.83,-15.56,-18.55,-13.96,-16.8,-15.38,-10.91,-13.11,-19.17,-22.0,-15.04,-12.37,-12.75,-6.74,-2.44,-1.57,-8.94,-12.96,-16.73,-18.7,-18.33,-23.17,-20.79,-20.01,-20.37,-13.7,-7.61,-13.44,-8.07,-16.67,-22.58,-23.96,-31.28,-25.92,-24.28,-20.05,-14.31,-5.81,-4.46,-5.94,-0.56,-7.73,-13.42,-14.64,-17.89,-23.85,-30.88,-18.96,-12.46,-7.22,-1.72,-1.39,-9.34,-16.05,-9.93,-21.34,-17.91,-30.35,-27.56
119,49.625,25.125,6.34,3.81,-2.92,-4.11,-2.31,6.14,0.07,2.8,6.37,7.53,4.18,3.04,-4.44,-5.19,-6.73,-8.45,-7.22,-4.96,-2.91,4.66,4.81,4.79,1.61,-1.56,-3.42,-2.04,-4.86,-6.57,-4.25,0.31,1.47,5.71,9.51,6.06,8.09,3.4,0.05,-0.87,-3.99,-4.89,-4.39,0.48,1.97,4.43,9.42,7.28,3.52,4.21,-1.34,0.52,0.32,-4.69,-0.61,-0.56,2.27,6.48,7.21,4.85,1.49,-1.03,-4.66,-3.8,-4.13,-7.13,-4.85,-2.59,-1.37,2.43,4.05,4.74,2.4,-1.92,-0.97,-3.55,-6.71,-3.87,-5.9,0.25,1.72,3.26,6.99,4.43,1.05,0.18,-0.97,-6.4,-9.95,-10.59,-5.88,-3.19,4.17,5.69,6.72,4.81,5.91,3.05,1.22,-0.07,-1.75,-2.14,-2.13,8.9,6.25,6.78,5.38,3.5,1.19,2.73,-5.27,-7.71,-8.87,-6.42,-3.07,-1.12,1.2,0.34,-3.99,-7.79,-9.87,-12.04,-8.08,-5.2,-0.66,1.95,5.79,2.36,2.5,-3.43,-5.4,-3.26,-2.9,-0.33,3.24,1.47,-0.29,-1.02,-6.02,-10.28,-8.75,-9.37,-2.79,-1.53,-0.6,-0.69,-2.21,-13.69,-21.84,-19.92,-17.04,-9.78,-10.21,-4.0,-13.36,-12.41,-17.75,-21.69,-5.85,-4.23,-3.29,0.03,-0.13,-8.4,-4.77,-10.98,-12.96,-15.3,-19.38,-14.01,-11.54,-7.14,-12.78,-12.13,-10.73,-9.51,-21.05,-16.72,-25.38,-29.1,-23.99,-24.83,-15.56,-18.55,-13.96,-16.8,-15.38,-10.91,-13.11,-19.17,-22.0,-15.04,-12.37,-12.75,-6.74,-2.44,-1.57,-8.94,-12.96,-16.73,-18.7,-18.33,-23.17,-20.79,-20.01,-20.37,-13.7,-7.61,-13.44,-8.07,-16.67,-22.58,-23.96,-31.28,-25.92,-24.28,-20.05,-14.31,-5.81,-4.46,-5.94,-0.56,-7.73,-13.42,-14.64,-17.89,-23.85,-30.88,-18.96,-12.46,-7.22,-1.72,-1.39,-9.34,-16.05,-9.93,-21.34,-17.91,-30.35,-27.56
