grid,2013-1,2013-2,2013-3,2013-4,2013-5,2013-6,2013-7,2013-8,2013-9,2013-10,2013-11,2013-12,2014-1,2014-2,2014-3,2014-4,2014-5,2014-6,2014-7,2014-8,2014-9,2014-10,2014-11,2014-12,2015-1,2015-2,2015-3,2015-4,2015-5,2015-6,2015-7,2015-8,2015-9,2015-10,2015-11,2015-12,2016-1,2016-2,2016-3,2016-4,2016-5,2016-6,2016-7,2016-8,2016-9,2016-10,2016-11,2016-12,2017-1,2017-2,2017-3,2017-4,2017-5,2017-6,2017-7,2017-8,2017-9,2017-10,2017-11,2017-12,2018-1,2018-2,2018-3,2018-4,2018-5,2018-6,2018-7,2018-8,2018-9,2018-10,2018-11,2018-12,2019-1,2019-2,2019-3,2019-4,2019-5,2019-6,2019-7,2019-8,2019-9,2019-10,2019-11,2019-12,2020-1,2020-2,2020-3,2020-4,2020-5,2020-6,2020-7,2020-8,2020-9,2020-10,2020-11,2020-12,2021-1,2021-2,2021-3,2021-4,2021-5,2021-6,2021-7,2021-8,2021-9,2021-10,2021-11,2021-12,2022-1,2022-2,2022-3,2022-4,2022-5,2022-6,2022-7,2022-8,2022-9,2022-10,2022-11,2022-12,2023-1,2023-2,2023-3,2023-4,2023-5,2023-6,2023-7,2023-8,2023-9,2023-10,2023-11,2023-12
1,55.4080936431884,58.2792636871337,60.3661170959472,64.2414516448975,60.5721940994262,55.7039617538452,48.1863744735718,41.5585748672485,42.4630010604859,45.3140239715575,49.2299573898316,51.2178831100463,54.5042158126832,56.268511581421,57.5624416351319,54.1885517120361,51.1390403747559,47.1088459014892,43.5058214187622,40.3559696197509,39.147399520874,38.6149784088134,40.6247629165649,44.7011064529418,53.0261371612548,55.2439361572265,56.1332937240601,53.7389709472656,49.0873266220093,42.3676595687866,35.9207765579224,31.5751956939697,31.4234062194824,32.8777467727661,37.9161930084229,43.2940551757813,45.3520568847656,52.124824333191,56.7193857192992,52.9515930175781,48.0148088455201,42.1353912353515,41.2754217147827,41.1756837844849,37.8745662689209,41.8017993927002,49.4634996414184,55.1199254989623,56.1627098083496,55.9572658538819,61.3525716781616,57.6101583480834,54.6154972076416,45.2330360412597,43.1393089294433,40.0229629516602,44.3553354263306,51.0119232177734,56.2646032333373,58.2491682052612,57.8112787246705,57.2750745773316,54.5378427505493,53.3964454650879,46.7999753952026,39.24798412323,37.5752227783203,35.1232088088989,34.4292488098144,34.2603330612182,37.9983655929565,41.5808240890503,48.4755336761474,52.8740505218506,54.701696395874,50.1795467376709,47.9040033340455,43.2917604446411,38.7166826248169,36.9978202819824,36.1262456893921,38.6608144760132,40.2447626113891,43.4431613922119,47.8268728256225,53.5653663635254,55.5078374862671,50.1372869491578,48.1506656646729,48.2041091918945,47.0345123291015,43.087806892395,42.9595914840698,47.2947204589844,50.4054748535156,51.2766889572143,54.685048866272,56.2816791534423,59.5120246887207,57.1687149047852,53.8309265136719,48.1056886672973,45.1698415756226,47.1790502548218,49.3698459625245,48.1785675048828,48.7487693786621,51.4675567626953,56.0863382339478,58.6507062911987,56.0599401473999,52.2717615127562,47.5975328445435,45.0484922409058,39.8131921768188,36.5800704956054,35.7676151275635,38.1246057510376,42.1780435562133,44.2734704971313,53.2677892684937,57.0397466659547,56.2165628433228,54.2611326217651,48.6132051467896,40.8635597229004,36.2996690750122,35.4066835403442,34.4739482879639,35.569153213501,42.0569625854493,47.4478340148925
2,47.8252681732178,50.2406833648681,52.0469776153564,56.1938762664795,53.0538074493408,47.7268676757813,40.3716724395752,34.1710969924927,35.4402805328369,38.41539478302,42.3386394500732,44.2495719909668,47.3734102249146,48.7143627166748,50.3690748214721,46.602646446228,43.5913028717042,39.7365812301635,36.4072431564331,33.5327558517456,32.5668357849121,32.1393480300904,34.1279598236084,38.1777601242065,46.533932685852,48.8848194122315,50.1145641326905,47.0930164337158,42.293774986267,35.8931381225586,29.8654383659362,26.0802966117859,26.2229234695434,27.7191589355469,32.8135347366333,38.3293939590454,40.4551273345947,47.2364162445068,50.1702932357789,45.6338256835937,40.9456861495971,35.4183725357055,35.0432655334472,35.3357940673828,32.3338821411133,36.5386590957642,44.2346374511719,49.0214668273925,48.9400751113892,48.6703371047973,54.3713237762451,50.0798818588256,46.7336996078492,37.6142028808594,36.0008209228515,33.4001523971558,38.1282674789429,45.0102966308594,49.4994640350342,50.5220325469971,49.7033847808838,49.5613954544067,47.2769140243529,46.6516433715821,40.3129487991333,33.0331430435181,31.6968236923218,29.6408000946045,29.1600687026978,29.0156415939331,32.7781549453736,36.2939706802368,43.3266357421875,47.5686151504516,49.3776578903198,43.8866866111755,41.4794321060181,36.960068321228,32.4936183929443,31.0745489120483,30.4317796707154,32.8697595596313,34.4616027832032,37.7326303482056,42.172366142273,47.77253074646,48.6038984298706,42.9285120964051,41.2149780273437,41.4997358322143,40.490294265747,36.8145683288575,36.7943544387817,41.1779985427857,44.2675348281861,44.9186546325684,47.8918729782104,49.0376327514648,52.4901788711548,50.1248069763183,46.2673494338989,40.6772359848023,37.9226022720337,40.3315336227417,42.7685110092163,41.8001922607422,42.4551527023315,45.0720056533813,49.5991539001465,52.2215120315552,48.4394859313965,44.8088018417359,40.3581001281738,37.914102935791,33.0597539901733,30.2708029747009,29.8053789138794,32.2651607513428,36.4220508575439,38.4730319976807,47.5616735458374,50.0878202438354,48.5469795227051,46.4758447647095,41.1032011032105,33.7557460784912,29.6416934013367,29.2498708724975,28.4250581741333,29.5729404449463,36.1685983657837,41.595444869995
3,45.1695911407471,47.9584415435791,49.9983592987061,55.1970573425293,52.4459665298462,46.5217290878295,39.6743251800537,33.3165979385376,34.5175762176514,37.5188686370849,41.4748359680175,43.7070037841796,46.7686706542968,48.5114109039306,50.3142726898194,46.4437572479248,43.7947217941284,40.8875968933105,37.1081491470337,33.4019289016723,32.4364768981933,31.9915050506592,34.2097608566284,38.2412647247314,46.1865373611451,48.8616722106933,50.3639017105102,47.4297941207886,43.2143423080444,36.4070550918579,29.972920036316,25.9365571022034,26.1554298400879,28.1019899368286,33.1284336090088,38.7125940322876,41.118636894226,48.3705945968628,50.8932655334472,46.2587562561035,41.6017242431641,34.6640388488769,33.9404088973999,34.1901031494141,30.8556386947632,35.0818899154663,43.0831766128541,48.6560544967651,48.8349098205566,48.6797092437745,54.5346775054931,49.7532953262329,46.4135143280029,37.1515514373779,35.7751262664795,33.3606954574585,37.1250078201294,43.5597579956055,48.0603666305542,50.1893924713135,49.6078962326051,49.7819284439087,47.8582439422608,47.6202980041503,40.8792947769165,33.2881219863892,32.5733713150025,29.8623250961304,28.8959708213806,28.8607738494873,32.0155511856079,35.837293434143,42.3595382690429,46.1365049362183,48.0729066848755,43.7177562713623,41.0546237945557,36.3308710098267,31.9437074661255,30.8813919067383,30.1471355438232,31.8710815429687,33.5903530120849,36.5679124832154,40.2575479507446,45.2489933013917,47.7241565704346,42.6913453102112,41.06507396698,41.4518714904785,40.5170150756835,36.6116130828858,36.3784362792969,40.0355712890625,42.8435834884643,44.0391983032227,47.8878145217895,49.4811038970947,53.0524248123169,49.9491676330566,46.0078044891357,40.882666015625,38.4177354812622,40.351351928711,43.103474998474,42.02320728302,42.072084236145,44.7170742034913,49.3273948669433,52.2663106918335,48.1330375671387,44.979535484314,40.8107328414916,38.490891456604,33.3602535247803,30.6474452018738,29.7032806396484,32.4291975021362,37.0941736221313,39.2488027572632,48.4420646667481,50.4181230545044,48.7913125991822,46.8062032699585,41.6508609771728,34.2196457862854,29.9518146514893,28.7445383071899,27.1621011734009,28.3929597854615,34.6874883651733,40.3210609436035
4,50.3858779907227,53.4054019927979,55.6875598907471,62.0911670684814,59.4820760726929,53.9104976654053,46.564810371399,39.5945589065551,40.5231979370118,43.5126731872559,47.5517707824707,49.9719888687134,53.4373107910156,55.6406604766846,57.7053031921387,54.2141431808472,51.3053255081176,47.9567775726318,43.415475654602,39.1075437545776,37.981833076477,37.5476806640626,39.8202470779419,43.8394853591919,51.7203929901123,54.5185344696046,56.4166543960572,54.7347255706787,50.8813564300537,43.6537519454956,36.3508764266968,31.6071898460388,31.8120317459107,34.0193248748779,39.1239931106568,44.7921552658081,47.2484626770019,54.698860168457,58.4533325195313,54.5169982910156,49.6202535629273,41.7412008285522,40.4025936126709,40.3610473632812,36.6983765602112,41.0317197799683,49.0892740249634,55.2649976730347,56.2619358062744,56.1987194061279,61.915011024475,57.4964206695556,54.3931386947632,44.5652982711792,42.6246324539185,39.8789098739624,43.3912769317627,49.7825057983398,54.636496925354,57.6738842010498,57.6356594085693,57.8121301651002,55.758189201355,55.249294090271,48.2459440231323,40.1090934753418,38.851357460022,35.6721223831177,34.5938049316406,34.6435037612915,37.8052028656006,41.6277631759644,48.08137550354,51.921635055542,53.72021484375,50.0400426864624,47.4724105834961,42.4862573623658,37.7453311920166,36.4426601409912,35.5722734451294,37.2538827896118,39.0303518295288,41.9633142471314,45.5191131591797,50.2395874023438,53.4885761260986,49.2107391357422,47.5613258361817,47.8234832763672,46.6062122344971,42.2203104019166,41.7408432006835,45.2573671340942,48.1748104095459,49.692244720459,54.2002195358276,56.5130649566651,60.3895315170288,57.1379734039307,53.6091411590577,48.1862157821656,45.1903564453126,46.5816272735595,49.2033996582031,48.1472944259644,48.1467554092406,51.0005636215209,55.915760231018,59.2396299362183,56.0184652328491,52.7996713638306,48.3594600677491,45.5860124588013,39.932819366455,36.7323467254638,35.3984859466553,38.2048959732055,43.0079065322875,45.2414783477783,54.6436136245728,57.9776636123657,56.7648569107055,54.7120950698853,49.2243059158326,41.1450206756592,36.0448165893554,34.2306243896484,32.4554021835328,33.8063089370727,40.0929267883301,45.7002313613892
5,50.3402614593506,53.2507007598876,55.4622741699219,62.1527015686035,59.5640508651733,53.8415254592895,46.4592330932617,39.4198207855225,40.3685909271241,43.4493713378906,47.5764556884765,50.0227132797242,53.4959766387939,55.5656826019287,58.0381786346436,54.5304204940796,51.5465074539184,48.1586935043335,43.4261600494384,38.9058032989501,37.8432256698608,37.4563005447387,39.6975715637208,43.7204885482788,51.5972229003907,54.2815021514892,56.2899541854858,54.9083246231079,51.0434917449951,43.7765474319458,36.3695875167847,31.5547023773193,31.7711975097656,34.0601505279541,39.2406570434571,44.9866897583008,47.464079284668,55.0027532577515,58.8612365722656,54.6624530792237,49.7112308502197,41.7939966201782,40.3106531143188,40.2032136917114,36.4927392959595,40.9783567428589,49.0789100646973,55.2973857879639,56.3076099395752,56.2354087829591,62.0985561370849,57.7254285812378,54.3782703399658,44.5147855758667,42.4516706466674,39.6394874572754,43.0943225860595,49.5050548553467,54.4254606246949,57.5986494064332,57.6203348159789,57.9314992904664,56.0118585586548,55.5675731658935,48.5248899459839,40.3075094223023,38.8934829711914,35.6555116653443,34.589444732666,34.6840171813965,37.8420719146729,41.604761505127,48.0358810424805,51.8699981689453,53.6255615234375,49.9886268615722,47.285751914978,42.2370616912842,37.4490772247315,36.2014265060425,35.33059425354,37.012580871582,38.7804660797119,41.7132160186768,45.2693515777589,50.0108148574829,53.3256771087646,49.1656206130981,47.5506149291993,47.9520030975341,46.8275711059571,42.3204404830933,41.7117681503296,45.1991888046264,48.1689233779907,49.7313159942627,54.2568283081055,56.5510723114014,60.5510515213012,57.3049287796021,53.7690385818482,48.1986150741577,45.1974224090577,46.7448249816895,49.3570350646972,48.3366884231567,48.2942726135254,51.1328540802001,56.0467775344849,59.4862354278564,56.6847770690918,53.2970678329468,48.7914739608764,45.9290157318115,40.3425827026367,37.2201730728149,35.7722984313965,38.5901870727539,43.4088851928711,45.5929000854492,55.0448844909669,58.037421798706,56.8580286026001,54.7641212463379,49.2633306503295,41.1508274078369,35.9946317672729,34.0649927139282,32.2520301818848,33.6571882247925,39.9720026016236,45.5648153305054
6,50.8696613311768,53.8344661712646,56.0855911254884,62.6218624114991,59.6210456848144,54.0453407287598,46.9192873001098,39.9890340805054,40.8970891952515,44.0111713409424,48.0752546310425,50.4454374313354,53.7131164550782,55.6675361633301,57.9686803817749,54.5638315200805,51.8429077148438,48.8459136962891,44.2294900894165,39.6047481536865,38.5816427230834,38.1568979263306,40.2937547683716,44.3103054046631,52.136396408081,54.5905948638917,56.5193670272827,54.7893321990967,50.8084434509277,43.6298179626465,36.1948270797729,31.4352042198181,31.5417819976807,33.7944408416748,38.8595935821533,44.5187685012817,47.0707307815552,54.5366952896118,58.5554145812989,54.454479598999,49.6260160446166,42.1146745681763,40.5333944320679,40.4474760055542,36.7414811134339,41.1909248352051,49.1907308578491,55.2564888000488,56.1642459869385,56.1024562835694,61.9556941986084,57.5348234176636,54.3486139297485,44.8711288452148,42.80260181427,39.8680454254151,43.0695100784301,49.3761295318604,54.0937931060791,57.3413730621338,57.5156223297119,57.9112089157105,56.1965829849243,55.8294143676758,48.8647121429443,40.7214883804322,39.4772214889526,36.1404088973999,34.9866857528687,35.0695356369018,38.152047920227,41.8598201751709,48.5783969879151,52.4890945434571,54.1305538177489,50.3814317703247,47.5601884841919,42.4592073440551,37.7362943649292,36.6106412887573,35.6932628631592,37.2393743515015,38.9155622482299,41.7332580566406,45.3348831176759,49.9568237304688,53.197707939148,49.1456663131714,47.623292350769,48.1890787124634,47.2219722747804,42.7024879455566,42.0319683074951,45.3787864685058,48.3017162322998,49.7369758605957,54.2475826263428,56.4554740905762,60.4549863815307,57.4539535522461,53.9538925170899,48.6697282791138,45.8998109817504,47.562113571167,50.2513467788696,49.1660644531251,48.9119710922242,51.6724138259887,56.4003149032593,59.5426626205444,57.2222505569458,53.9082372665405,49.416710472107,46.5039512634277,41.2266305923462,38.6241233825684,36.9661987304688,39.7110784530639,44.512477684021,46.6068016052246,55.928713798523,58.1432451248169,56.9397024154663,54.8427536010743,49.4799154281616,41.6690826416016,36.5812873840332,34.4857353210449,32.3945363998413,33.6964723587036,39.8804143905639,45.3704841613769
7,51.6725074768066,54.3790920257568,56.5837863922119,63.2348510742189,60.0742092132568,53.8583660125732,47.3493406295777,40.8266613006592,40.8660711288452,43.9421283721923,47.7035188674926,50.1609880447388,53.6742193222046,55.8131004333496,57.6964900970459,54.2715084075928,52.2801820755004,51.3601724624634,46.2324378967285,40.787919998169,40.0975479125977,39.587865447998,41.5307006835937,45.4624507904052,52.6090015411377,54.620849609375,56.3564987182616,53.9217855453491,49.565951347351,42.874708557129,35.0456266403199,30.6956911087036,31.2704719543457,33.7951177597046,38.7118362426758,44.5250705718994,47.3902570724487,55.3527914047241,58.8192125320435,54.2074928283692,49.3584545135498,42.2936658859253,40.5675952911377,40.8278812408448,37.1936136245727,41.5139085769653,49.3371816635131,54.9365501403809,55.582808303833,55.6984531402588,61.4693992614746,56.5194355010986,54.2009780883789,45.769292640686,43.4203443527222,39.8998924255371,41.9298601150512,47.9048385620117,51.7724750518799,55.5875528335572,57.0598356246948,57.7502325057983,56.9560310363769,56.6879394531251,48.7609022140503,40.1791996002197,40.0446159362793,36.4961786270141,34.9819389343261,35.1884508132935,38.1492769241333,42.2478813171387,51.1446517944336,55.3213623046875,56.2162597656251,51.5978040695191,48.0323783874512,42.3160255432128,37.9218130111694,37.4201807022095,36.2566402435302,37.2524021148682,38.676502418518,40.9926372528076,44.8783767700195,48.9120021820068,52.2435169219971,48.5465877532959,46.9192096710205,47.5074449539184,47.0880735397339,42.6023494720459,42.0083951950073,44.6601734161376,47.4679819107057,48.846510887146,53.9316955566407,56.2587432861329,60.1219186782838,56.7966102600098,53.3278867721558,48.5523790359497,45.6602161407471,46.103288269043,49.4058671951293,48.9482896804809,48.446994972229,51.9141895294189,56.3757781982422,58.5378532409669,56.6297569274902,53.8902570724487,49.6783905029297,45.9234554290771,40.941247177124,39.422170829773,37.6122346878052,40.4035343170166,45.2755905151367,47.2850273132324,56.5409214019775,57.8709737777709,56.7583106994629,54.9820255279541,49.7352283477783,42.3329818725586,37.4966535568237,35.2905181884766,32.4044116973877,33.7708070755005,39.6357629776001,44.6842081069946
8,52.0358894348145,54.790676498413,56.9407901763917,63.5180889129638,59.9804166793823,53.9145444869996,47.414361190796,40.8929143905639,40.9325500488281,44.0077396392823,47.777088356018,50.1694772720337,53.6820238113403,55.8627773284912,57.7127099990845,54.270629119873,52.4934648513793,51.7755241394043,46.6431224822998,41.0459911346436,40.2894828796387,39.718176651001,41.6100982666016,45.527364730835,52.6571815490722,54.6304107666016,56.2626585006714,53.8477333068847,49.6124496459961,42.9979383468628,35.0811369895935,30.5516706466675,30.9434001922608,33.379496383667,38.2279748916626,43.9379821777344,46.754585647583,54.6643333435059,58.4883647918701,54.1279138565063,49.538939857483,42.6731462478638,40.9032192230224,40.9981285095215,37.1678911209106,41.3127965927124,49.0421228408813,54.6669187545776,55.3751098632812,55.532389831543,61.3632673263549,56.5516841888428,54.3723070144653,46.1167203903198,43.594762802124,39.8321939468384,41.7935453414918,47.8105211257935,51.693383026123,55.5798858642579,57.1010650634766,57.8176721572876,57.0465007781984,56.8328138351441,49.0260837554931,40.3897716522217,40.0954898834229,36.3045934677124,34.6909084320068,34.9007619857788,37.904383277893,41.7742980957031,50.4404132843018,55.0440105438232,56.3008628845215,51.7400974273681,48.3641811370849,42.592854499817,37.9982551574707,37.2438600540161,35.9441581726075,36.9589780807495,38.4168838500977,40.7828203201294,44.6662761688233,48.7594833374024,52.1331153869629,48.5067609786988,46.9617670059203,47.6025640487671,47.0844100952148,42.5896493911743,41.9242387771607,44.5485507965087,47.3855928421021,48.7805070877076,53.9051345825195,56.241668701172,60.0815355300904,57.0049036026001,53.5134330749512,48.8766454696655,45.9945529937744,46.4247150421143,49.7409191131592,49.2720499038696,48.7186462402344,52.0920274734497,56.5091148376465,58.6797664642333,57.1871295928955,54.4738866806031,50.1631076812744,46.3363941192626,41.1655973434449,39.4661706924439,37.6189338684082,40.4372322082519,45.3305532455444,47.2489107131958,56.6316265106202,57.8328371047974,56.9034528732299,55.1209890365601,49.928042602539,42.71517162323,37.9049543380737,35.549048614502,32.4724944114685,33.7945508956909,39.6554899215699,44.6406187057495
9,45.4248905181885,47.9688827514648,49.8529476165771,55.7590065002441,52.6813802719116,46.183051109314,40.1589359283447,34.3395446777344,34.738472366333,37.9606548309325,41.6940536499024,43.7635126113891,46.8670122146606,48.5826389312744,50.5896522521973,46.8822519302368,45.4148820877075,45.0997985839844,40.3932056427001,35.1518396377564,34.6141912460328,34.0960130691528,35.9299583435059,39.7556907653808,46.7094060897827,48.6409255981446,50.464547920227,47.5971794128418,43.3326784133911,37.3268341064453,29.8684323310852,25.0409031867981,24.7283344268799,26.998024559021,31.8552791595459,37.6168439865113,40.4126453399659,48.2259986877442,51.4547075271607,46.49456615448,42.5430681228637,36.4377874374389,35.2137720108032,35.5482900619507,31.8473937034607,35.9994314193726,43.75390625,48.5169652938843,48.1154548645019,48.150834274292,54.2020994186401,49.2859413146973,46.7824752807617,39.3103219985962,37.4425498962402,33.9594106674195,36.0801605224609,42.3010818481446,45.9037740707398,48.9425893783569,49.4638137817383,50.1746154785157,49.692580795288,49.9985187530517,42.3150423049927,34.1054004669189,34.3733303070069,30.9868185997009,29.4040287017823,29.6075452804566,32.6579639434815,36.2771522521973,44.4103507995606,48.7377849578857,50.6828683853149,45.7873399734497,42.3498039245605,36.7569860458374,32.3651422500611,31.8217920303345,30.6361831665039,31.7401365280151,33.2240676879883,35.6782371520996,39.6443494796753,43.9434923171997,46.9396789550781,42.7517471313477,41.2548421859741,41.9987104415893,41.5021507263184,37.2075189590454,36.8758600234986,39.7584119796753,42.5595756530762,43.5627464294434,47.9334383010864,49.3751941680908,52.9256023406983,50.2114698410034,46.2645206451416,41.853331565857,39.4895198822022,40.3015130996704,43.9615198135376,43.4672641754151,42.8040643692016,45.8517137527466,49.8894779205323,52.2072168350219,51.3003911972045,48.1562742233277,43.4873975753785,39.8480798721314,34.9537326812744,33.6739244461059,32.2196729660034,35.2719841003418,40.3420303344726,41.8731616973877,50.786442565918,50.1145750045776,49.6673900604248,47.728858757019,42.8669122695922,36.2231595993042,32.0902383804321,30.2390796661377,27.1965887069702,28.4730411529541,34.4678342819214,39.4138265609741
10,48.6269275665283,51.5291416168213,53.5030323028564,56.5600648880005,52.9638710021972,48.0469989776611,40.571307182312,34.321914100647,35.5026714324951,38.400079536438,42.171893119812,44.0402280807495,47.0930557250977,48.7343980789185,49.7015405654907,46.301354598999,43.5710865020752,40.0647338867188,36.8260055541992,34.1961038589478,33.2318716049194,32.7228105545044,34.6332220077515,38.7011468887329,46.8982961654664,48.5468936920166,48.8239389419556,45.9519405364991,41.4375537872314,35.0821759223938,29.2241703033447,25.5730488777161,25.7010719299316,27.1525037765503,32.0640604019165,37.4281730651856,39.4213054656983,46.0767009735107,49.4926179885863,45.1435710906982,40.4143362045288,35.0814657211303,34.70334815979,34.9214954376221,31.7180735588073,35.4775730133057,43.0288473129273,48.1055221557618,48.5837938308716,48.3058055877686,53.7819707870484,49.4828298568725,46.7760850906372,37.7116853713989,35.8924289703369,33.1400968551636,37.7310127258301,44.504444885254,49.2431632995605,50.4680751800538,49.725567817688,49.3396059036254,46.8327173233033,46.0071363449097,39.4994302749633,32.3124450683594,31.0266078948975,29.0164501190185,28.6098222732544,28.5064651489258,32.2696285247803,36.0837955474853,42.9356365203858,47.2567255020142,48.6740987777709,43.376674747467,41.126630973816,36.6290824890137,32.2062953948975,30.5804447174072,29.9310403823853,32.4377643585206,33.9898551940918,37.2908348083496,41.7121978759766,47.6350437164307,48.5417919158936,42.7738503456116,40.7746816635132,41.1870988845825,40.270352935791,36.5315410614013,36.6135263442994,41.120121383667,44.1557550430298,44.7405591964721,47.8414949417114,49.1844039916993,52.1017496109009,49.1342269897461,45.8486328125,40.4151288986206,38.1111047744751,40.540797996521,42.7843837738037,41.6240634918212,42.2250484466552,44.8350570678711,49.1370849609375,51.0418596267701,48.0850049972534,44.6342990875245,40.0913658142089,37.6887376785278,32.8961893081665,30.1496225357055,29.7058891296387,32.0437545776367,36.2345273971558,38.5162282943726,47.3065603256226,49.8560792922973,48.3413766860962,46.7522001266479,41.2968769073486,33.9412938117981,29.6612440109253,29.1524946212769,28.4218433380127,29.5962259292602,36.1542043685913,41.5405742645264
11,48.7405761718751,51.5246879577636,53.1555046081543,56.1166852951049,53.7236707687378,48.717628288269,41.3995800018311,35.3469297409058,36.5011161804199,39.4417955398559,43.1820623397827,44.7516485214234,47.4413381576538,48.7739381790161,49.8834537506103,46.4777074813842,43.9769695281982,40.6790681838989,37.7175014495849,35.0544385910034,34.0087827682495,33.4309677124023,35.3186557769775,39.3893358230591,47.4979099273682,48.9964155197144,49.2999723434448,46.2744312286377,42.0066675186158,35.9325792312622,29.8843634605408,25.4879081726074,24.9011711120605,26.2275409698487,31.1045560836792,36.422406578064,38.4054733276367,45.0391139984131,49.1482591629029,45.2505451202393,40.8401662826538,35.6977396011352,35.4255260467529,35.7682723999024,32.5134095191955,36.2396268844604,43.7442890167236,48.4361406326294,48.5316423416138,48.2179679870605,53.7779531478881,49.5850730895997,47.0001232147216,38.2683197021484,36.7166074752808,34.0229854583741,38.4929887771607,45.2225395202638,49.4627557754517,50.4799448013305,49.6474899291992,49.3184783935547,46.9442642211914,46.2744132995606,40.129105758667,33.0004919052124,31.4995401382446,29.277452659607,28.4573060989379,28.1747272491455,31.9036796569824,35.6147144317627,42.3578454971313,46.6677520751953,48.4216569900512,43.5094662666321,41.5489442825317,37.3259218215942,33.0563993453979,31.42557888031,30.5540544509888,32.9543998718262,34.4866104125976,37.6958696365356,42.0895149230957,47.8804639816284,48.5648460388183,42.9490365982056,41.3495798110962,42.067621421814,41.3539894104004,37.7500137329102,37.6994203567505,42.0227630615233,44.7739435195923,45.0266092300414,47.8829010009766,49.0849994659423,52.0895748138427,49.7486124038697,46.386849784851,41.2118198394775,39.0621595382691,41.6578371047974,43.7807382583618,42.3961599349975,42.779446220398,45.1340959548951,49.2593263626099,51.2769399642945,48.1684711456299,44.8999423980713,40.6570850372315,38.4075263977051,33.671830368042,30.8212614059448,30.0495574951172,32.3672664642334,36.6182758331299,38.8341005325317,47.6267827987671,49.9801658630371,48.4162166595459,46.6759002685547,41.5379911422729,34.4339225769043,30.1772867202758,29.3474683761597,28.2407123565673,29.1710109710693,35.613133430481,41.0022907257081
12,55.8471492767334,58.7118755340577,60.5134746551513,64.0437717437744,61.056662940979,56.2347932815551,48.7040103912353,42.2231678009033,43.2230562210083,46.0830104827882,49.900933456421,51.7108226776123,54.7226213455199,56.2835868835448,57.3189777374268,54.1307285308839,51.3842336654663,47.6501768112182,44.2425048828125,41.1768987655639,40.0310258865357,39.4520215988159,41.3419603347778,45.3863204956054,53.5919910430908,55.5382743835449,56.3320501327515,53.9023586273194,49.5619255065917,43.1394546508789,36.5922977447509,31.8937958717346,31.4372552871704,32.9750513076782,37.9718088150024,43.3296237945556,45.405060005188,52.1248115539551,56.778946685791,53.2514455795288,48.5568727493286,42.7605100631714,42.1425340652466,42.3155788421631,38.9556283950805,42.7576490402222,50.3170877456664,55.5031511306763,56.088586807251,55.7999492645264,61.1977233886719,57.3995626449585,54.8944971084595,45.595732498169,43.7392942428589,40.8512216567994,45.2491886138916,51.9468004226685,56.7814252853393,58.3546062469482,57.7491355895996,57.2744800567628,54.6785634994506,53.6542039871216,47.2118091583252,39.680654335022,37.8387371063232,35.4535116195678,34.6879735946655,34.4538213729858,38.1497714996338,41.7758064270019,48.5898017883301,53.0265970230103,54.9315561294555,50.4583263397217,48.3417877197266,43.8420427322388,39.2665964126587,37.486569404602,36.573920249939,39.0044124603271,40.4996915817261,43.6582866668701,47.9735916137696,53.9425144195556,55.7024810791016,50.2925203323364,48.5439502716064,49.1045728683473,48.0392568588256,44.0963115692138,43.8850378036499,48.1088031768799,51.0867862701416,51.6755277633666,54.8868858337402,56.3684700012207,59.6194868087768,57.3726949691772,54.1178846359253,48.6807035446167,46.0796428680419,48.313451385498,50.4219068527221,49.0439197540283,49.3794439315796,51.9067777633667,56.4211471557617,58.7794178009032,56.1076482772827,52.6821552276611,48.1664461135864,45.455153465271,40.3409156799317,37.197393989563,36.2982229232788,38.6934299468994,42.9358619689941,45.1319385528564,54.0248100280761,57.3219858169556,56.2696662902833,54.4259414672852,48.9076311111451,41.3828784942627,36.6585243225098,35.4823524475098,34.2504894256592,35.2091165542603,41.6120462417602,46.9285432815552
13,53.1145416259765,56.5106979370118,58.7169460296632,63.3081684112548,59.9881740570068,54.7950019836427,47.6025590896607,40.871231842041,41.8509401321411,44.761566734314,48.6324314117431,50.8274349212646,53.8705274581909,55.8509792327881,57.3398845672608,53.8583545684815,51.3375679016114,48.4845621109008,44.515744972229,40.5883544921875,39.4920658111573,38.9348119735718,41.0433120727539,44.9989061355591,52.826379776001,55.3924263000489,56.5854806900024,54.3074144363403,50.4870887756348,43.7363183975219,36.8159662246704,31.9786535263062,31.8291145324707,33.8920881271362,38.9109430313111,44.4383773803711,46.8723234176636,54.1756116867065,58.1087083816528,54.2325597763061,49.3780523300171,42.0422386169433,40.9891708374023,41.0865114212036,37.4406225204468,41.3608348846436,49.3009695053101,55.2252038955689,56.0696208953858,56.0090476989745,61.6577997207642,57.2779951095581,54.5275636672973,44.916625213623,43.1570217132568,40.3691375732422,43.9322729110718,50.207204246521,54.9551755905152,57.7237728118896,57.6107851028442,57.5408683776855,55.2279560089111,54.4396482467651,47.549391746521,39.6964237213135,38.4597089767456,35.5086420059204,34.4285022735596,34.3830646514892,37.5765613555908,41.4719602584839,47.8678272247314,51.8523830413819,53.5903938293458,49.7320880889892,47.3063907623291,42.4422163009644,37.8226476669311,36.5165426254273,35.7083436965942,37.483550453186,39.1595588684082,42.0878078460693,45.7060153961181,50.8530164718628,53.973706817627,49.3421659469604,47.6107625961304,48.1254192352295,47.0763166427612,42.8862083435059,42.4884967803956,46.1558603286743,49.0045135498047,50.2400356292724,54.4659006118775,56.7176322937011,60.1344701766968,57.1489093780517,53.6370603561401,48.5747386932373,46.0949960708619,47.8918060302734,50.4473264694214,49.0762815475463,48.9275262832641,51.6011417388916,56.3028532028199,59.0844509124757,55.8019302368165,52.6976236343384,48.2622493743896,45.5221881866455,40.0232444763184,37.091943359375,35.9872201919556,38.7976724624634,43.5601173400879,45.7986560821533,54.966032409668,58.007908821106,56.726915550232,54.8727024078369,49.3246500015259,41.5827171325684,36.8510730743408,35.1780418395996,33.3305523872375,34.4780149459838,40.7716630935669,46.3873168945313
14,52.0187397003175,55.3633754730224,57.6556507110595,62.7707759857178,59.6527927398681,54.433286857605,47.1005767822265,40.1898616790772,41.2283960342408,44.2165536880494,48.1964353561401,50.5292766571044,53.7102336883545,55.7975292205811,57.4607456207275,53.954469871521,51.4090906143189,48.5313709259033,44.2579677581787,40.0523057937622,39.0012372970581,38.5283414840699,40.6830314636231,44.6448240280152,52.4585147857665,55.1902950286865,56.5393117904663,54.5178947448731,50.8922342300415,44.1501775741577,36.9851655960083,31.9641846656799,31.883261680603,34.1027673721314,39.1834144592285,44.8283147811889,47.2970207214356,54.6822595596313,58.4666339874268,54.507974243164,49.7748743057251,42.2414871215821,41.023113822937,40.9679359436035,37.2342034339904,41.2299795150757,49.2408138275147,55.2086507797242,56.0851833343506,56.0346340179444,61.7429384231568,57.3812213897705,54.5576509475707,44.9347364425659,43.0636445999146,40.147818183899,43.5009111404419,49.7253370285035,54.4704874038696,57.5199640274048,57.4979990005493,57.6687932968139,55.5584455490111,54.9282995224,48.0847276687623,40.2059339523315,38.7227363586426,35.4758415222169,34.3874706268311,34.3843990325928,37.5138454437256,41.3888120651245,47.7201221466064,51.5980609893798,53.3306980133057,49.679666519165,47.2452955245971,42.3500907897948,37.7019260406494,36.3227510452271,35.4775217056275,37.1133792877197,38.8218706130981,41.7039699554443,45.2077110290528,50.0347690582276,53.3370244979858,49.0631587982177,47.5361724853515,48.2959089279175,47.3232503890991,42.938723564148,42.4063352584839,45.9174863815307,48.701767539978,49.9957447052002,54.3561124801635,56.664303970337,60.303098487854,57.2691898345947,53.8074552536011,48.8814517974854,46.4262876510621,47.907260131836,50.4183382034302,49.0534713745117,48.7588832855224,51.423583984375,56.1512922286987,59.1049852371216,55.8009649276734,52.7126861572265,48.4663068771362,45.756198501587,40.1689641952515,37.0320457458496,35.7930894851685,38.6440589904785,43.4134922027589,45.5990480422974,54.8644104003907,57.9789390563965,56.7604164123536,54.8917840957641,49.5636180877685,41.9716489791871,36.946724319458,34.8356597900391,32.8604082107544,34.0535654067993,40.2833568572999,45.8997688293457
15,51.1701721191407,54.1466297149658,56.3505558013917,62.6416980743409,59.6769382476807,54.1099802017211,46.7991891860961,39.9177778244019,41.0269411087036,44.1079473495483,48.1793176651,50.5173547744752,53.7885665893555,55.6766307830811,57.8911483764649,54.4285308837891,51.7151557922364,48.7299970626832,44.230220413208,39.8948944091796,38.9177015304566,38.4899875640869,40.6263505935669,44.5991914749146,52.4641517639159,55.174592590332,56.8680032730102,55.0371696472168,51.1472282409668,44.1770120620728,36.8840347290039,31.8913499832154,31.8644636154175,34.1648021697998,39.3328701019287,45.0884948730468,47.5958889007569,55.0650819778442,58.9326932907104,54.6642736434937,49.895760345459,42.2697086334229,40.7603080749512,40.6053260803223,36.8653981208802,41.0818586349488,49.1223539352417,55.1534481048584,56.0911205291748,56.0394126892091,61.9468803405762,57.7048892974854,54.551699256897,44.7271768569946,42.6890171051026,39.8053865432739,43.1956466674805,49.4988899230957,54.3097831726074,57.4609148025512,57.4572114944458,57.8266382217407,55.9027338027954,55.3710052490234,48.4746664047241,40.485346031189,38.9491361618042,35.7517288208008,34.6974376678467,34.7593832015991,37.87813205719,41.657357788086,47.990351486206,51.8828987121582,53.5851581573487,49.8788982391357,47.3419782638551,42.323226928711,37.5427940368652,36.1829238891602,35.3172107696533,36.9443626403809,38.6638416290283,41.5689043045044,45.0922187805176,49.9325277328491,53.1647480010986,48.9831703186035,47.4679063796997,48.2406433105468,47.3031385421754,42.8294355392456,42.1656269073487,45.6969923019409,48.5319774627686,49.8853204727173,54.2925912857056,56.5531829833984,60.3886941909791,57.2658512115479,53.8284700393677,48.6366329193116,45.9867290496827,47.6273347854614,50.2967742919923,49.044856262207,48.7691051483155,51.4282434463501,56.2044279098511,59.4339231491088,56.1580863952637,52.9728185653686,48.659157371521,45.8062883377076,40.379984664917,37.4032730102539,36.1171758651733,39.0043647766113,43.7714195251466,45.8876987457275,55.2425218582153,58.0069520950317,56.8226657867432,54.9285566329957,49.4962324142455,41.7663963317871,36.7103351593018,34.5751976013183,32.6134791374207,33.8976850509644,40.1345945358277,45.7167652130127
16,52.175785446167,55.07289352417,57.1380054473877,63.368440246582,60.1621097564697,54.4484487533569,47.4523509979248,40.6995845794678,41.711083984375,44.7927141189575,48.8234136581421,51.0495534896851,54.1336725234986,55.8403476715088,58.1516798019409,54.7039167404175,52.1420616149903,49.4916893005371,45.1530508041383,40.7352743148804,39.7122861862183,39.2181392669678,41.2506832122803,45.2323310852051,53.024467086792,55.4943588256835,57.1720699310303,55.2124691009521,51.0560052871705,44.08389377594,36.7900022506713,31.7966591835022,31.6264268875122,33.8772457122803,38.930926322937,44.6210353851318,47.1845720291138,54.6724695205688,58.7098539352417,54.5253789901733,49.9053573608398,42.6111255645752,41.0393325805664,40.941837310791,37.1855407714844,41.4741065979004,49.4166034698486,55.3064060211182,55.9804153442382,55.948987197876,61.942624092102,57.4299856185913,54.563974571228,45.0499250411988,43.1186601638794,40.2347257614136,43.433272743225,49.6780288696289,54.2636032104492,57.3454898834228,57.4507997512817,57.9155374526976,56.2513151168823,55.9221075057983,48.9882667541504,40.9593032836915,39.72278175354,36.6315052032471,35.4133840560913,35.4423229217529,38.5193214416503,42.2277894973755,48.8562431335449,52.7553897857666,54.4097705841064,50.5624071121216,47.8691032409668,42.8304090499878,38.0322904586792,36.7702568054199,35.774510383606,37.2537370681762,38.8912088394165,41.6633275985718,45.1939788818359,49.8524385452271,53.0120567321778,48.9806268692016,47.5247713088989,48.4242795944214,47.7121679306031,43.2385910034179,42.4019351959229,45.7841655731201,48.576342010498,49.8582706451416,54.2197282791138,56.3809535980224,60.310429573059,57.495636177063,54.0146560668945,48.9306043624878,46.2275548934936,47.8405317306519,50.5988595962524,49.4067111968995,49.0366106033325,51.6621496200561,56.3566213607788,59.5457654953003,57.3497806549072,54.1005840301513,49.5346017837524,46.4971508026124,41.2646604537964,38.6126197814941,37.1527853012086,40.0136497497558,44.7689496994018,46.7840862274171,56.0629062652588,58.0313318252563,56.9015365600587,54.9617689132691,49.6132604598999,42.0679630279541,37.1790626525879,34.9361968994141,32.667430973053,33.845025062561,39.9511657714843,45.452571105957
17,51.8238529205322,54.5082099914551,56.6925243377685,63.5710334777832,59.9705629348755,53.6429588317871,47.0244771957397,40.4133474349976,40.5492820739746,43.633638381958,47.4524820327759,50.0309101104736,53.651935005188,55.8503273010254,57.6901165008545,54.1917421340943,52.2197654724121,51.4319835662841,46.3047309875488,40.7838582992553,40.0443870544434,39.5116525650024,41.4106927871704,45.357137298584,52.6263626098633,54.6751674652099,56.0655178070068,53.6152444839477,49.028762626648,42.253002166748,34.4986819267273,30.4290467262268,31.4089458465576,33.9848297119141,38.8460634231567,44.6297861099242,47.5320230484008,55.4152589797974,58.7510284423828,54.0837409973145,49.2900888442994,42.1344369888306,40.1858758926392,40.2525758743287,36.5823324203491,40.849608039856,48.6493209838868,54.3868696212769,55.2653949737549,55.5011596679688,61.1793167114258,56.3566944122314,54.2510490417481,45.4749683380127,42.9547603607177,39.2551656723023,41.2867656707764,47.2725164413452,51.3105825424194,55.3329317092895,56.9546409606933,57.8061241149902,57.0656736373902,56.7740797042847,48.6066507339477,39.8491878509522,39.6343339920044,36.2837705612183,34.8105960845947,35.0568580627442,38.0700225830078,42.2375240325928,51.1559215545654,55.3831707000732,56.1803615570068,51.4146900177002,47.8892364501953,41.9978454589844,37.3137899398804,36.6934354782105,35.4675025939942,36.4319471359253,37.9004926681518,40.214688873291,44.0579421997071,48.019186592102,51.2708330154419,47.7595077514649,46.112529182434,46.7264514923096,46.3481363296509,41.7144575119019,40.8939958572387,43.7162042617797,46.5939493179321,48.0632381439208,53.3108564376831,55.9068122863769,59.9088809967041,56.4450477600098,53.0265926361084,48.1853675842286,44.9296548843384,45.0628187179566,48.4346620559693,48.1686437606811,47.810479927063,51.3980382919312,56.0674959182739,58.4723443984985,56.8613533020019,54.1249460220337,49.5520107269287,45.3087581634521,40.0571577072143,38.5363277435303,36.9354536056519,39.8542320251465,44.7258611679076,46.7194164276122,56.2104223251342,57.7829387664795,56.7232309341431,54.9512180328368,49.5433387756348,41.9824443817139,37.169828414917,34.9063758850097,32.1208610534669,33.627707862854,39.5447565078736,44.6694763183594
18,45.5659130096435,47.9969707489014,49.9016670227051,56.2529819488526,52.4794593811035,46.1071994781494,40.0839385986328,34.1762384414673,34.6235004425049,37.7873514175415,41.5016571044922,43.6522636413573,46.871625328064,48.6126808166504,50.358182144165,46.5926176071167,45.0961570739747,44.9364080429077,40.3192283630372,35.1784004211426,34.5911985397339,34.0348419189454,35.8643068313599,39.6985889434814,46.7698652267456,48.6005603790282,50.0602165222168,46.9154804229737,42.3859201431275,36.2596288681031,29.0422715187073,24.8284430027008,25.1551120758057,27.4355915069581,32.147905921936,37.7810920715332,40.5949974060059,48.2526956558228,51.0752414703369,46.1532688140869,42.0284812927246,35.8032920837403,34.4579750061035,34.8653516769409,31.2821652412415,35.528111076355,43.2580402374267,48.1969713211059,47.9779966354371,47.9972448348999,53.795322418213,48.6787269592285,46.6221693038941,38.7199769973755,36.7457853317261,33.3782346725464,35.5862060546875,41.7515430450439,45.5642755508424,48.7836177825928,49.3223104476928,50.1201919555664,49.6375123977662,49.8654821395874,41.8779943466187,33.6388766288758,33.9250699996948,30.7880960464478,29.2948198318482,29.4928533554077,32.5558595657349,36.4853105545044,44.9300296783448,48.7953994750978,50.2331741333007,45.1329843521118,41.6857984542847,36.0992643356323,31.6048683166504,31.1301265716553,29.9715923309327,30.9847469329834,32.4325189590454,34.8538846969604,38.7064239501953,42.9251327514649,46.0778474807739,42.1502773284912,40.471577835083,41.1161212921143,40.7494457244874,36.3861400604248,35.7085851669311,38.625518989563,41.4844299316406,42.7503574371338,47.46351852417,49.2169185638428,52.935095024109,49.6616952896118,45.8473823547363,41.3488374710083,38.577578163147,39.2218511581421,42.9204696655274,42.743613243103,42.2732284545899,45.5310211181641,49.7109718322754,52.0671203613282,50.5538045883178,47.4678718566895,42.7607807159423,38.7894081115723,33.8523563385009,32.7796060562134,31.4974342346192,34.5051013946533,39.4719251632691,41.1783977508546,50.3277774810791,49.9982988357544,49.1492528915405,47.3327947616578,42.3738710403443,35.479328918457,31.3885809898377,29.621049785614,26.7865368843079,28.1524291992187,34.1156936645508,39.1826269149779
19,46.4738601684571,49.0862144470214,51.0178150177002,56.4646308898926,52.9460096359253,46.863673210144,41.3357204437256,35.8437984466553,36.2952091217041,39.5328607559204,43.1463479995728,44.8277648925781,47.4111766815185,48.7828029632568,50.4215770721436,46.7484983444213,45.6639570236206,45.9490844726563,41.7670587539672,36.8859811782837,36.4600133895874,35.8828172683716,37.6655588150024,41.4431093215942,48.293684387207,50.0535820007324,51.3918361663818,47.6976440429688,43.4056354522705,37.9087432861328,30.5665867805481,24.9402201652527,24.0604619979858,26.1857419967652,30.8517681121826,36.400387763977,39.2142681121827,46.7108068466187,50.8660608291626,46.4262983322144,42.8007825851441,37.251714515686,36.2559242248535,36.8036848068237,33.1612543106079,37.2897626876832,44.9017614364624,48.9928506851196,48.044164276123,47.9194234848022,53.8223112106324,49.0808179855346,47.0674751281738,39.9746568679809,38.5595151901245,35.264771270752,37.497038269043,43.7800971984863,46.9715486526489,49.3035081863403,49.3982685089111,50.0597347259522,49.6179277420044,50.026075553894,42.6314109802246,34.9025842666626,35.3747179031372,32.2679849624634,30.5791473388672,30.6609861373901,33.7278369903564,37.3861530303955,45.3365261077882,48.9580955505372,50.7701650619507,46.09611120224,42.8607509613037,37.6017673492432,33.1737071990966,32.469797706604,31.2042867660523,32.2205642700195,33.7017528533935,36.186700630188,40.078821182251,44.4441514968872,47.1832035064697,42.8169925689697,41.3325403213501,42.2803525924683,42.0613945007324,38.0616744995117,37.6701574325562,40.6756736755371,43.3783077239991,44.1685300827026,48.2319871902466,49.3059432983399,52.6236078262328,50.5115697860718,46.6144104003907,42.4851299285889,40.3578119277955,41.2759868621826,45.0386486053467,44.3843139648438,43.4498268127442,46.2666133880615,49.8802028656006,52.1629413604736,50.7250715255737,47.6641786575317,43.276565361023,39.8187950134277,35.2044673919678,34.2631868362426,32.8978500366211,35.9814512252808,41.0153385162353,42.4031085968017,51.2406723022461,49.9140810012818,49.2294994354248,47.4807863235473,42.9992937088012,36.7419363021851,32.922409248352,31.1078090667724,27.8435744285584,28.893988609314,34.864423751831,39.8320747375488
20,46.710657119751,49.2834648132324,50.9319843292237,56.527834701538,53.7051336288452,47.2932825088501,41.8221694946288,36.4519638061524,36.6975608825684,39.9244367599487,43.6733623504639,45.3357997894288,48.0042209625244,49.2180164337158,51.2394891738892,47.3056617736816,45.9882394790649,46.2924713134766,42.1915674209596,37.5276617050172,37.2929756164551,36.7307388305665,38.5330005645752,42.2895919799805,48.8919439315795,50.8266605377198,52.5922355651855,49.5728155136108,44.7565399169923,39.5474824905395,32.1135646820068,25.6127265930176,23.905171585083,26.0730037689209,30.9535623550415,36.7882017135621,39.7139678955078,47.4579307556152,51.9596689224244,46.9889440536499,43.5154357910157,38.123240852356,37.1884731292725,37.6590435028076,33.9042224884033,38.073464012146,45.815446472168,49.630172920227,48.2880640029907,48.1917861938477,54.4114294052124,50.2170206069947,47.3940719604492,40.6010416030884,39.5557985305786,36.3200229644776,38.5638509750367,44.9739101409912,47.8852298736572,49.6561689376831,49.4930707931518,50.0551284790039,49.6844644546508,50.2952812194824,43.225750541687,35.6958518981933,36.3413831710815,33.4072076797485,31.5140235900879,31.5769521713257,34.7008644104004,38.1044685363769,45.530390548706,48.9841800689698,51.2772972106933,47.4063882827758,43.9647325515748,38.6875789642334,34.0840433120727,33.1543493270874,31.7479209899902,32.8142189025879,34.3404630661011,36.9280620574951,40.903864479065,45.4201807022095,47.8507274627686,43.1647842407227,41.6625732421875,42.631164932251,42.5029891967773,38.639635848999,38.3889808654785,41.4710630416871,44.2504570007324,44.899300956726,48.6034503936767,49.1613918304443,52.3060117721558,51.175668144226,47.124570274353,42.997469329834,41.3549249649047,42.3764818191528,46.1684984207154,45.3456115722656,44.2116540908814,46.7370374679565,49.9299785614014,52.3727306365966,51.8898611068726,48.6941246032715,43.8355058670044,40.3945848464966,35.8066492080688,34.8412256240845,33.3332115173341,36.4639778137207,41.4853466033935,42.7647928237915,51.7156608581543,49.9844892501831,49.7037153244019,47.8155141830444,43.3990215301514,37.343039894104,33.5894456863404,31.7204202651978,28.194694519043,29.1130603790283,35.197388267517,40.100944519043
21,47.9503658294677,50.5743469238281,52.6027416229248,60.3554908752442,54.9529405593872,48.4912328720093,42.2355045318603,36.2980007171631,36.0985830307007,38.6836688995362,42.8659561157226,45.476607322693,49.4266925811767,52.1117111206054,54.703070449829,50.2500944137574,48.1779500961303,47.8657167434692,42.6449823379517,37.594555091858,37.8340774536133,37.3284679412842,38.9868505477905,42.9441890716553,49.6188554763793,52.3370098114014,55.2515445709228,53.506462097168,48.0017246246338,41.6890634536744,33.7968412399292,28.8637139320373,28.8450462341308,31.2229806900024,36.3142568588257,43.2099237442017,46.3061248779296,54.9095735549927,56.99522895813,50.8394718170166,47.1976039886474,39.8983701705932,37.3872228622436,36.9166179656982,33.309953212738,38.2287721633911,46.8782217025757,51.6549018859863,51.974630355835,52.3515190124512,59.3125215530396,53.7739971160888,50.2450256347656,42.4723962783813,40.4469989776611,36.3580615997314,37.9768203735351,43.8218412399291,48.0135496139526,51.9895011901856,52.3932598114013,53.7066688537597,53.74370136261,53.8962579727173,45.9475231170654,37.8413061141968,37.9882646560669,34.898366355896,33.2369638442994,33.5342695236206,37.1133720397949,40.4228698730468,48.2285842895508,52.5781284332276,54.3562047958374,49.3352628707886,46.0164676666259,40.5722511291504,36.2243129730224,35.2007387161255,33.4286289215088,34.3836311340332,36.3041604995727,39.087685585022,43.2886703491212,47.8821275711059,50.5212244033814,45.8877399444579,44.1782665252686,44.3991479873657,43.6320533752442,38.9469881057739,38.3740825653076,40.674693107605,43.8813100814819,45.3711723327637,50.5344137191772,52.228902053833,56.7644451141357,53.8016756057739,49.2853900909425,44.3689250946045,41.225071144104,41.1120538711548,45.147382736206,45.3844369888306,45.2207292556763,49.5416679382325,53.7054117202759,55.5221117019653,54.5999425888061,51.6581007003785,46.7150629043578,41.7390623092652,36.6763292312622,35.1214471817016,34.0277948379517,37.7693981170655,42.6407442092895,44.191863822937,54.532908821106,53.1189910888671,53.0285144805908,51.2529659271241,45.8263784408569,39.1862777709961,35.4399728775024,33.2110940933227,29.6433763504028,30.9504512786865,37.1077154159546,42.3736576080321
22,56.4526386260987,59.5130821228028,62.1627449035645,71.5659633636475,66.740977859497,61.1988744735718,54.0555675506592,46.9292913436889,46.0871625900268,48.6544631958008,52.951611328125,55.8652599334717,60.3541248321533,63.5360565185546,66.2239917755127,62.7654100418091,60.3647621154785,59.4455265045166,53.3564918518066,47.4220516204834,47.2633769989014,46.6869943618775,48.4965784072876,52.6875778198243,59.7649761199952,63.2788356781005,66.3979551315308,65.0640506744385,60.3827621459962,53.353521347046,44.2769857406617,38.2400079727172,38.2256929397583,40.9688938140869,46.2646677017211,53.4542482376099,56.8344724655151,65.7360988616944,68.6242933273316,64.1472343444824,60.2668434143066,51.7075838088989,47.7564638137817,46.1850475311279,41.9318767547608,46.8709638595581,55.7535173416138,61.5244968414307,63.2054672241211,63.9851192474365,70.9951417922974,65.2491022109985,63.3821933746338,55.0646438598633,52.1083789825439,47.0158565521241,47.8931697845458,53.2887140274047,57.5914300918579,62.6538633346557,64.6236873626709,66.1646574020386,66.1888359069823,65.4616983413697,57.4077461242676,48.8054006576538,48.2699411392212,44.4282571792602,42.2686500549317,42.5865901947021,46.3254747390747,49.8916713714599,58.4758640289307,63.7330116271972,64.8024814605714,59.9715608596802,56.7102472305298,50.9074626922608,46.2326295852661,44.6928361892701,42.5031772613525,43.4315284729004,45.4488302230835,48.2804376602173,52.5388681411743,56.9067270278931,60.2187385559082,55.8781564712524,53.9035963058472,53.9601001739501,52.8995664596558,47.8105274200439,46.8041877746582,48.8064115524292,52.0453750610352,53.7601156234741,59.7747653961182,62.8361366271973,68.0226888656617,64.7931007385254,61.3217821121217,55.9162683486938,52.0440818786621,51.1451974868775,54.7249338150024,54.5490991592407,54.2659467697144,59.312177658081,64.2044006347656,65.8432445526123,64.5368320465088,62.4286293029786,58.1519962310791,52.7753189086914,46.9821603775024,44.3781438827515,42.4907297134399,46.4060773849487,51.1725311279297,52.9302440643311,64.4489311218262,65.2820243835449,65.1123607635497,63.9919448852539,58.2489227294922,50.9491333007813,46.3080598831177,42.7242025375366,38.1388484001159,39.3966119766235,45.7347869873047,51.1690349578858
23,56.7068031311035,59.6103507995605,62.2686637878418,71.6867351531983,66.9708534240722,61.4957622528076,54.5824769973755,47.6378408432007,46.751222229004,49.2755723953247,53.52834815979,56.3272842407227,60.7739536285401,63.9707740783691,66.7666423797608,63.1200220108033,60.6453893661499,59.7565763473511,53.7381839752198,47.8612846374512,47.6907936096192,47.0897283554077,48.8811498641968,53.0381786346436,60.0397720336914,63.577610397339,66.6116455078125,65.2803491592408,60.6056913375854,53.6783000946045,44.7532318115234,38.6761410713196,38.4366319656372,41.1646505355835,46.4095762252808,53.7077352523803,57.2684089660644,65.9757102966309,69.0519372940064,64.1723310470581,60.4804641723632,52.1387977600097,48.1351551055908,46.5062936782837,42.2738872528077,47.1725797653198,55.9907527923584,61.67119140625,63.2610725402832,63.994584274292,71.0700950622559,65.4441877365112,63.5065271377564,55.4318874359131,52.589881324768,47.4942358016968,48.331392288208,53.6884176254272,57.9678775787353,62.9996194839478,64.835814857483,66.170897102356,66.2994596481324,65.7563468933106,57.8177425384522,49.3213565826415,48.9885204315186,45.2304283142091,43.0810079574585,43.3832847595214,47.1035146713257,50.612657546997,58.9748069763183,64.1387477874755,65.339118385315,60.4430591583251,57.2432651519776,51.6670364379883,47.4133121490478,46.0231857299805,43.9361968994141,44.8136768341064,46.7604162216187,49.536483001709,53.7864456176758,58.3063245773315,61.4512443542481,56.9318330764771,55.0398582458496,55.3144807815552,54.2878416061402,49.3114524841309,48.2975105285644,50.3005193710327,53.575965499878,55.1997428894043,61.0526111602783,63.8523441314698,68.5557415008545,65.2853319168091,61.7181217193604,56.4553356170654,52.8196731567383,52.0967754364013,55.8118553161621,55.6066530227661,55.2830074310303,60.2284168243408,64.9693126678466,66.532642364502,65.510540008545,63.2685518264771,58.9108819961548,53.8537515640259,48.2641141891479,45.7196376800537,43.7386177062989,47.9700025558473,52.7414028167725,54.2518295288086,65.6131429672241,65.4932525634766,65.5238735198974,64.422413444519,58.8202383041382,51.6523513793945,47.1845888137817,43.866621017456,39.2273651123047,40.3202598571777,46.6776313781739,52.1054386138916
24,56.1266563415527,59.5671489715576,61.5819305419922,64.3747505187988,60.6917062759399,56.3355421066285,48.6268590927124,41.9397163391113,42.7724355697632,45.5504739761353,49.30035572052,51.221845817566,54.287836265564,56.2140865325928,56.7791109085083,53.8844411849976,51.3658933639527,47.9305255889893,44.5338705062866,41.6605249404908,40.4141733169555,39.7458044052125,41.6424705505371,45.6909170150757,53.7473543167114,55.2347938537597,55.3870813369751,52.9150899887085,48.5376306533814,42.0833299636841,35.6162532806397,31.2435220718384,31.1911500930786,32.7495420455933,37.645041847229,43.0129062652588,45.0347951889038,51.6245790481568,56.3092847824096,52.6483131408692,47.9234527587891,42.2962173461914,41.4419385910034,41.3278825759887,37.8190095901489,41.4531467437744,48.9572065353394,54.4005249023438,55.6024459838868,55.4239955902099,60.7234447479248,57.0637674331665,54.8613416671753,45.5373546600341,43.2890205383301,40.0365791320801,44.1899654388427,50.8011781692505,56.0592178344726,58.1595111846924,57.7856105804443,57.1354290008545,54.3679340362548,53.1167499542236,46.4164367675781,39.0477849960328,37.2018356323242,34.8933506011962,34.2987785339355,34.1307605743408,37.8449823379517,41.5981927871704,48.2505046844483,52.7236112594604,54.3838720321656,49.894903755188,47.8059938430786,43.0984710693359,38.1943321228027,36.2262586593628,35.3520126342773,37.7184339523316,39.1852806091308,42.3470762252808,46.7362802505493,52.7085258483887,54.9738975524902,49.763455581665,47.7289632797242,48.1204307556152,46.8891538619995,42.7244466781616,42.3388734817505,46.654804611206,49.8053203582763,50.7121715545654,54.3507177352906,56.5551170349121,59.2058124542236,56.5198942184449,53.4703453063965,48.1841638565064,45.7599674224854,47.9833108901978,49.9286003112793,48.3857633590698,48.7311504364014,51.4185380935669,55.9997274398803,58.215253829956,55.7095512390136,52.3592845916748,47.6416633605957,44.7659273147583,39.4605379104614,36.2580774307251,35.4664916992188,37.7437873840332,41.8321901321411,44.1366373062134,52.8956743240356,56.8132732391358,56.0631862640381,54.3117267608643,48.7933166503906,41.2709506988526,36.1951921463013,35.2556671142578,34.2065649032593,35.2608560562133,41.6953712463378,46.90417137146
25,56.2581314086914,59.2666835784914,61.0414176940918,64.4487781524658,61.0032468795776,56.4942365646363,48.8993278503418,42.3370838165283,43.261385345459,46.0985761642457,49.8537433624267,51.6137825012207,54.595216178894,56.2293022155761,57.20202999115,54.1467046737672,51.6310186386109,48.2450767517089,44.929274559021,41.9903244018554,40.8181652069092,40.1619647979736,42.0118322372436,46.0344984054565,54.1136024475098,55.7213165283204,56.1283668518066,53.5053520202637,49.0850667953491,42.6984554290771,36.0787244796753,31.5056646347046,31.2903303146363,32.8729335784912,37.7633289337159,43.0657844543457,45.0559911727906,51.6637903213501,56.4010089874268,52.8445318222046,48.1801952362061,42.5612182617187,41.7997001647949,41.8614110946656,38.4615684509277,42.191957473755,49.6908075332642,54.9456531524658,55.7455913543701,55.5375617980957,60.9017757415772,57.3160442352294,55.024003982544,45.7141279220581,43.5908376693726,40.4484201431274,44.6996528625488,51.4115325927734,56.4603202819825,58.2433742523193,57.7652210235596,57.2436687469483,54.6416910171509,53.5829370498657,47.0265436172485,39.6603984832764,37.7986734390259,35.5454750061036,34.8729736328125,34.6478000640869,38.3378374099732,42.0202445983887,48.7986148834228,53.2312919616699,54.9256328582763,50.3315134048462,48.2696880340576,43.7297639846802,38.9248029708862,36.9420330047607,35.9877340316773,38.3128175735474,39.7141897201538,42.7591472625733,47.0202919006347,52.9410854339599,55.0595664978027,49.8606706619262,47.9962087631226,48.5615581512451,47.4810077667236,43.4177913665772,43.0153327941895,47.281464958191,50.2924427032471,51.0175109863282,54.4712514877319,56.5569835662841,59.4030212402343,56.8466428756714,53.8067323684692,48.5261337280273,46.076156616211,48.3701536178589,50.3799440383911,48.7961866378783,49.0394926071167,51.661675453186,56.217269706726,58.4171207427978,55.8017793655395,52.4790128707886,47.8907320022584,44.951668548584,39.7221811294555,36.5348432540893,35.6960409164429,38.0459136962891,42.1468217849732,44.4176128387451,53.1978754043579,57.0364635467529,56.1974311828613,54.384080696106,48.8833333969117,41.3546134948731,36.3667472839355,35.2791156768799,34.1433135986328,35.1474678039551,41.61626663208,46.9200513839722
26,55.9074256896972,58.9136665344238,60.8754138946533,64.8444183349609,60.3567323684692,55.7929735183716,48.0229772567749,41.2394500732422,42.2084991455079,45.0978540420532,49.028127861023,51.1001777648926,54.4000251770019,56.2106258392334,57.1490571975708,54.0292190551758,51.2878345489502,47.6025106430054,43.9818378448486,40.7629022598267,39.6020795822144,39.0130029678345,40.9241704940796,44.9857776641845,53.3035800933837,55.3237396240234,56.2908462524414,53.8370300292969,49.2297201156616,42.6430463790894,35.818564414978,31.5123191833496,31.7925086975097,33.60986328125,38.6488620758057,44.1221755981445,46.2488407135009,53.0224584579468,57.28155002594,53.3783723831177,48.3865407943725,42.2040960311889,41.2320304870605,41.1776512145996,37.7408867835999,41.6060913085937,49.3125774383546,54.8729982376098,55.8586738586426,55.7316398620605,61.1517499923706,57.354815864563,54.7637586593628,44.8802785873414,42.5887058258056,39.4552604675293,43.8097421646118,50.6587604522705,56.1817090988159,58.1770551681518,57.7464353561401,57.3294870376587,54.7819141387939,53.6686124801636,46.9718217849731,39.4165046691895,37.456907081604,35.2004943847656,34.6965944290162,34.6172355651856,38.3844947814941,42.1149248123169,49.03154296875,53.5213848114014,55.2038457870483,50.486072731018,48.2073451995849,43.426762008667,38.4195625305176,36.4070728302002,35.5205415725708,37.9277843475342,39.3879299163819,42.5106914520264,46.8106504440308,52.9021211624146,55.1295757293701,49.8416976928711,47.8915185928345,48.3547332763671,47.0446886062622,42.7514106750489,42.2320474624634,46.5149984359741,49.7281881332397,50.663313293457,54.2885053634644,56.4094299316406,59.6466814041137,56.9673109054565,53.7114049911499,48.1350751876831,45.3122430801392,47.382188796997,49.5204256057739,48.1702816009521,48.5798635482788,51.3692323684693,56.2542263031006,58.8700510025024,56.08084526062,52.5316089630127,47.7074964523315,44.3956676483155,38.9307022094727,35.7383419036865,35.0996507644654,37.5999105453491,41.7435007095336,44.0016500473023,53.0389213562012,57.0762073516846,56.3733360290527,54.4979122161866,48.6759845733643,40.8666625976563,35.7910803794861,34.7455186843872,33.7215660095215,34.893669128418,41.4204921722412,46.8245258331299
27,53.4863758087159,56.8056732177734,58.9232322692871,63.6554092407226,59.8282865524291,54.9607404708863,47.5710634231567,40.5768789291382,41.5732313156128,44.5009073257445,48.4548034667968,50.785410118103,53.9038692474366,55.983277130127,57.2308883666992,53.7652767181397,51.4596853256226,48.9292455673218,44.941967010498,40.8468072891236,39.7572696685791,39.1597734451294,41.2341192245484,45.2096191406251,53.0494758605957,55.4021167755126,56.8662229537964,54.4010808944703,50.4818227767945,43.9471738815308,36.8365562438965,31.8598315238953,31.93255443573,34.1366149902343,39.1008087158203,44.6431726455688,47.0625137329102,54.3871379852295,58.136960029602,54.1643556594848,49.2559457778931,41.8588821411133,40.5267457962036,40.3561794281006,36.6173680305481,40.5026182174682,48.5473512649537,54.7429534912109,55.8028068542481,55.8432182312011,61.5222221374511,57.1292465209961,54.4721008300782,44.5653539657593,42.5045490264893,39.4640991210938,42.8873722076416,49.1956216812134,54.2516817092895,57.4486822128296,57.5688655853272,57.5762254714965,55.3507822036743,54.4850307464599,47.5185792922973,39.8116302490234,38.3098363876343,35.283783531189,34.3318223953247,34.3735069274902,37.552339553833,41.46669921875,47.8460906982422,51.904228401184,53.4533813476562,49.5556890487671,47.166031074524,42.350577545166,37.520869064331,35.9116931915283,35.0588556289673,36.795015335083,38.420376777649,41.3248289108277,44.8582414627076,50.039631843567,53.2442972183227,48.798655128479,47.1285066604614,47.8397279739379,46.7764286041259,42.3464323043823,41.6796733856201,45.3795797348022,48.2172655105591,49.5226213455201,53.9437686920166,56.467844390869,59.9205116271972,56.7070779800416,53.3893165588379,48.395751953125,45.8386428833007,47.4363868713379,49.9567979812622,48.5482847213745,48.3858615875244,51.1218183517456,56.0162868499755,58.9327798843385,55.6748708724976,52.5175624847412,47.9885227203369,44.9505187988282,39.2063503265381,36.1375871658325,35.136003112793,37.9749841690064,42.5605083465575,44.862020111084,54.0618717193603,57.7059280395508,56.6836141586304,54.8740472793579,49.2861379623414,41.6029615402222,36.5502950668335,34.6696817398071,32.9409096717835,34.1968816757202,40.4760183334351,46.1172870635987
28,52.3592838287353,55.5403755187989,57.6832916259766,62.9431583404541,59.6528713226317,54.630805015564,47.0643821716308,40.0001670837402,41.1365335464477,44.1379566192626,48.162170791626,50.5613838195801,53.8312669754029,55.8834945678711,57.582453918457,54.0364784240722,51.6036357879639,48.9692245483399,44.6523820877075,40.3578125,39.3881605148316,38.8682632446289,40.9746992111206,44.9469333648682,52.7763805389404,55.2976654052735,56.91678981781,54.7312089920044,50.9594091415406,44.4372535705567,37.1692399978637,32.0285164833069,32.0936946868897,34.4331611633301,39.4611888885498,45.1125701904297,47.584635925293,54.9550714492798,58.5185285568237,54.4789531707763,49.7592878341675,42.2031742095947,40.7343116760254,40.5424827575684,36.7933584213256,40.7949754714966,48.9038518905639,55.0582521438599,55.9669345855713,55.9436195373536,61.695846748352,57.3711666107178,54.5773468017579,44.5711013793946,42.5015604019165,39.4901514053344,42.8528562545776,49.1140523910522,54.0707559585571,57.3389026641846,57.4364295959472,57.7307050704957,55.7184453964233,55.0350732803345,48.0814584732056,40.2689474105835,38.6694410324097,35.4432151794434,34.4670545578003,34.5504558563232,37.6512533187866,41.53664894104,47.8100105285644,51.7517200469971,53.3296361923218,49.598607826233,47.2070343017579,42.2780710220337,37.3099676132203,35.7288467407227,34.9789911270141,36.6396490097046,38.3306711196899,41.2856344223023,44.6671892166137,49.6878135681152,53.021120262146,48.7510707855224,47.168754196167,47.9743724822998,46.9203180313111,42.4193555831909,41.7471277236939,45.3944253921509,48.1681077957154,49.5264877319336,54.0487091064453,56.5955154418945,60.0857276916505,56.8530942916871,53.498957824707,48.5094116210937,45.8440408706666,47.2891527175904,49.9610317230224,48.6571546554565,48.4229434967041,51.1234180450439,55.9944627761842,59.0265455245971,55.7493286132813,52.6734718322753,48.2169219970703,45.1424238204956,39.3291967391968,36.3525159835815,35.3858070373535,38.3181020736694,42.9257141113282,45.1996908187866,54.5049856185912,57.8589195251465,56.7808570861816,54.9760581970214,49.4713848114014,41.8360975265503,36.7258707046509,34.6486785888672,32.8562235832214,34.1423238754273,40.3691972732544,46.0369115829468
29,51.9678741455078,55.0008785247802,57.1954490661621,62.9136512756348,59.5754100799561,54.3859664916992,46.9543668746948,40.052399635315,41.2530126571655,44.2842002868653,48.3614833831788,50.7617708206176,54.0317390441894,55.9287578582764,57.9042400360107,54.3274942398072,51.7587211608886,49.0656072616577,44.6736951828004,40.4253511428833,39.5024644851684,38.9988508224487,41.0821865081787,45.0459993362427,52.9106746673584,55.3877136230468,57.1442768096924,54.9422056198119,50.9117916107178,44.0739027023315,36.8176565170288,31.9070825576782,32.063452911377,34.4366064071656,39.4974687576294,45.2026266098023,47.7211053848267,55.0415174484253,58.6924373626709,54.5578691482544,49.8835193634033,42.2676040649414,40.6265798568725,40.4289497375489,36.7239345550537,40.8223436355591,48.8541927337647,54.9691024780273,55.9123588562012,55.8982513427735,61.7026731491089,57.3436756134033,54.5460165023804,44.3860000610352,42.3122909545898,39.3890491485596,42.7222414016724,48.9761131286622,53.9368036270142,57.2602487564087,57.3730285644531,57.7892824172972,55.8530752182006,55.2235054016113,48.1487411499023,40.0845426559449,38.4710447311402,35.4027179718018,34.5497018814087,34.6842525482177,37.7580600738525,41.596180343628,47.8371818542481,51.7601879119873,53.3698335647584,49.6538139343261,47.1295764923096,41.97100315094,37.0361890792846,35.6056453704834,34.9406579971314,36.5739841461181,38.2633657455444,41.2111581802368,44.5852788925171,49.6311046600342,52.9923412322998,48.7846078872681,47.1444234848023,47.9265233993531,46.9699764251709,42.4389152526855,41.6450164794923,45.3089189529419,48.1048425674439,49.493567276001,54.051505279541,56.5039894104004,60.1668653488159,56.746099281311,53.5003248214722,48.378744316101,45.5229944229125,47.0190629959106,49.7999063491821,48.5717346191406,48.3454593658446,51.0565586090088,55.9068096160889,59.1859653472901,56.0693767547608,52.9228755950928,48.4086814880371,45.2138256072999,39.6128555297852,36.8437547683716,35.8672206878662,38.8253578186035,43.3988708496095,45.5596836090088,54.9064529418946,57.8892164230347,56.8168764114381,55.0478500366211,49.5365667343139,41.8204797744751,36.7398935317993,34.7286148071289,32.9234871864319,34.1833160400391,40.3461578369141,45.9730751037598
30,45.5786087036132,48.1820617675781,50.1238883972168,55.7324142456055,52.3441972732544,46.63363571167,39.8455307006836,33.5397458076477,34.9381139755249,38.0650318145752,42.0893712997437,44.2683053970337,47.1439796447754,48.6657806396484,50.7515293121338,46.8828004837036,44.6607501983643,42.6405326843262,38.7077299118042,34.6833074569702,33.8606901168823,33.3700273513794,35.3550582885742,39.2481924057007,47.1125629425049,49.2931835174561,50.9927536010743,47.7524097442626,43.3349987030029,36.7226493835449,30.0377555847168,25.8950681209564,26.2229309082032,28.5062677383423,33.4806644439697,39.1569952011109,41.6721113204956,48.9071668624878,51.2359529495239,46.44566822052,42.2890682220459,35.4634201049805,34.1559455871582,34.164521598816,30.6567579269409,34.7727752685547,42.7104141235351,48.2336647033691,48.3766302108764,48.26827583313,54.2369228363037,49.3350839614868,46.6379205703735,37.2470933914185,35.6380332946778,32.982264328003,36.3590999603272,42.7319816589356,47.2787748336792,49.8480283737183,49.3832851409912,50.0368774414062,48.6751781463623,48.6848289489746,41.4580181121825,33.5400124549866,32.5847738265991,29.9197427749634,29.0853569030762,29.2348865509033,32.3387460708618,36.12668800354,42.6670494079589,46.249084854126,47.9786661148071,43.8128478050232,41.1449605941773,36.0441608428955,31.35604763031,30.2216175079345,29.5684284210205,31.1098825454712,32.7412633895874,35.5854743957519,39.0634258270264,44.1077589035034,47.0831239700317,42.4728497505188,40.8315322875976,41.6849084854126,40.8964012145996,36.3782390594482,35.562965965271,39.2533187866211,42.0812078475952,43.3468059539795,47.5463287353516,49.3506099700928,53.0725244522095,49.6996015548706,46.1000133514404,41.1943000793457,38.48756275177,40.1455629348755,43.2408521652221,42.3330209732056,42.1228788375855,44.7800689697265,49.4068359374999,52.6157098770142,49.7954437255859,46.3823476791381,41.8710248947143,38.7627738952637,33.7361743927002,31.5311378479004,30.6747283935547,33.6814758300781,38.2913278579712,40.193284034729,49.4146467208863,50.3052219390869,49.056090927124,47.3959014892578,42.3054538726806,35.0671112060547,30.5759137153626,28.9480982780457,27.1493021965027,28.4224456787109,34.5792161941528,40.135718536377
31,46.437113571167,48.8305057525635,50.7035694122314,56.530216217041,53.334228515625,47.1190679550171,41.396025276184,35.7553344726562,36.2913173675537,39.4642671585083,43.0914939880371,44.8683944702148,47.5327184677123,48.7513591766357,50.5297328948974,46.8395118713379,45.6140895843506,45.7733001708984,41.733486366272,37.0824626922607,36.6849983215332,36.1490144729614,38.014080619812,41.7463726043702,48.6505620956421,50.3431049346923,51.6300939559937,47.5497350692749,43.0017305374145,37.3754098892213,30.1846500396729,25.213127040863,24.9471857070923,27.3019651412964,32.0951633453369,37.8630500793456,40.7641059875488,48.3716405868529,51.1410139083862,46.3047330856323,42.4658315658569,36.537774848938,35.2928279876709,35.7428598403931,32.2389821052551,36.2395946502686,43.952031135559,48.4398874282836,47.8893018722535,47.8135789871215,53.6643579483032,48.6299371719361,46.883500289917,39.2616788864135,37.838157081604,34.6400657653808,36.8980587005615,43.0105533599854,46.3939590454102,49.011505317688,49.2830883026123,49.9445188522339,49.4250637054444,49.7309837341309,41.8793581008912,34.0042934417724,34.2981954574585,31.3849250793457,29.9325317382813,30.1077861785889,33.1509698867798,37.2583124160767,45.9078769683838,49.3107681274414,50.3207706451416,44.9591056823731,41.8125648498534,36.5950439453125,32.296265411377,31.6818601608277,30.6472570419312,31.6132852554322,33.0112777709961,35.3247591018676,39.1112403869629,43.2914016723633,46.2716766357421,42.2880936622619,40.8076097488403,41.8574609756469,41.8445585250855,37.4788555145264,36.8452299118042,39.8633281707763,42.552674484253,43.4979286193848,47.8635417938233,49.1518417358399,52.6336002349854,49.7956735610962,46.0868062973022,41.8668085098267,39.4012983322144,40.1162727355957,43.8760961532593,43.3759437561035,42.6226633071899,45.7024923324585,49.6903598785399,51.907943725586,49.0994112014771,46.1742574691772,42.3044836044311,38.9122274398804,34.4317764282226,33.5657325744629,32.3003679275512,35.2896467208862,39.9819267272949,41.7218244552613,50.5122064590455,49.8134698867799,48.8364442825318,47.4651966094971,42.9462055206298,36.4898529052735,32.3221002578736,30.3684862136841,27.3311003684998,28.4312068939209,34.2500171661377,39.3280057907104
32,45.5509365081787,48.1543228149414,50.1856506347656,56.4931777954101,51.7588523864747,45.8367282867432,39.7153364181518,33.6866287231445,34.0671577453614,37.1914567947387,40.9652189254761,43.3421590805054,46.6800760269165,48.5604358673095,49.9187055587769,46.1479608535767,44.6969308853149,44.7796482086181,40.2192607879639,35.0893096923828,34.4660219192505,33.8350967407226,35.6334131240844,39.4751949310302,46.6943059921265,48.6000591278076,49.722487449646,46.3110605239868,41.5093435287476,35.1274921417236,28.2075985908508,24.9032931804657,26.0381538391113,28.4200786590576,33.070905303955,38.6566808700562,41.4880325317383,48.9900196075439,50.9904586791992,45.931456565857,41.4823970794678,34.8979393005371,33.3616197586059,33.4625505447388,29.8678256034851,33.9936891555786,41.7735513687134,47.2376533508301,47.5945650100708,47.76019821167,53.4091608047485,48.1372863769531,46.3258741378784,38.0140739440918,35.9522640228272,32.465479850769,34.5812261581421,40.6280797958374,44.6675443649292,48.3955951690674,49.1704524993897,50.0344654083253,49.5871801376342,49.6201070785522,41.1663484573364,32.8357155799866,33.0188219070435,29.9690572738648,28.6426753044128,28.8992971420288,31.9009662628173,35.9734460830688,44.7455894470215,48.440140914917,49.4903299331666,44.4286602020264,40.9619401931762,35.2591949462891,30.7167165756226,30.1579399108887,29.1022628784179,30.164204788208,31.5878377914429,33.8792230606079,37.719437789917,41.8045139312745,45.2558595657349,41.5265944480896,39.6198465347289,40.1260452270508,39.8875619888306,35.3670091629028,34.4802188873291,37.3842460632325,40.2696170806885,41.7816457748413,47.0029678344727,48.9455451965332,52.7517284393311,48.8193664550781,45.1083992004395,40.4469499588012,37.4985977172852,37.7878484725952,41.5331659317016,41.6545236587525,41.4173336029052,44.9630355834961,49.3148323059081,51.5807958602906,48.7793243408203,45.7213600158692,41.3988080978393,37.2858293533326,32.4056921005249,31.4980527877807,30.3549808502198,33.3122800827026,38.002193069458,39.7663202285767,49.4159858703613,49.7814413070679,48.7252759933472,47.1272579193115,42.1246698379517,35.0604257583618,30.7675848960876,28.9867043495179,26.4410762786865,27.9582235336303,33.8100923538208,38.9026388168335
33,45.4751968383789,48.3482192993165,50.5040042877197,56.6288087844849,51.4064216613769,45.6452501296998,39.7088453292847,33.8614723205566,34.2480293273925,37.3916677474975,41.1488943099976,43.4435243606567,46.7031087875366,48.6371034622193,49.7633955001831,46.0420080184937,44.6960357666016,44.9465955734253,40.3675569534302,35.2835287094116,34.6677047729493,34.0003911972046,35.7547729492187,39.5986953735352,46.7148403167724,48.7192378997803,49.7791267395019,46.4601732254029,41.6769577026367,35.3546012878418,28.5142389297485,25.0656980037689,26.1185116767883,28.4857070922852,33.0877586364746,38.6097534179688,41.4826066970826,48.842957687378,51.0129665374755,45.9876333236694,41.6182260513306,35.1477308273316,33.7482967376709,33.8234170913696,30.1621866226196,34.3344432830811,42.123445892334,47.5242321014404,47.7085042953491,47.8131364822388,53.4024171829224,48.2203886032105,46.3729532241821,38.2729040145875,36.3859310150147,32.8901187896729,34.9605520248413,41.0693836212158,45.0637535095214,48.5732616424561,49.1892597198486,50.075811958313,49.6649669647216,49.6956541061402,41.3229104995728,33.047065448761,33.3418014526367,30.3324585914612,28.945796585083,29.1695998191833,32.1712381362915,36.1136703491211,44.7308776855469,48.3841918945313,49.5512229919433,44.5596910476685,41.1571117401123,35.4577903747558,30.9287664413452,30.3802200317383,29.2906873703003,30.363635635376,31.7831727981567,34.089143371582,37.8855125427246,41.9692152023315,45.3632873535157,41.5732723236084,39.6561143875121,40.1390695571899,40.0216804504394,35.7932514190674,34.9219026565552,37.7969369888306,40.6816772460938,42.1446645736695,47.2627126693725,49.161861038208,52.782439994812,48.7960355758667,45.1343132019043,40.7182859420776,38.1893690109252,38.5920370101929,42.386649131775,42.3961578369141,41.9904607772827,45.4221599578857,49.5517545700073,51.6767232894899,48.6860832214355,45.5921258926392,41.3276983261109,37.2638910293579,32.4868938446045,31.6968856811523,30.5508403778076,33.4805904388428,38.1596103668213,39.9075674057007,49.5470359802247,49.6728881835938,48.6493799209594,47.0021909713745,42.1428749084472,35.2734317779542,31.2126118659973,29.4634972572327,26.7571258544921,28.1951709747315,34.0317365646362,39.1061031341553
34,44.3385021209717,47.3403072357178,49.4680835723877,56.3717575073242,51.05712890625,45.1426645278931,39.0630596160889,33.2439723968506,33.6479198455811,36.7252180099487,40.5881132125854,42.992790222168,46.6597629547119,48.7547813415527,50.2642166137695,46.3193330764771,44.6248615264892,44.6948184967041,39.7875129699707,34.7499275207519,34.286294555664,33.6459754943848,35.403158378601,39.2834060668946,46.405814743042,48.666736984253,50.0694782257081,47.1471872329712,42.2830631256104,35.9756753921509,29.0315754890442,25.3517678260803,26.3536382675171,28.8562950134278,33.6303560256958,39.3726335525513,42.3355243682862,49.7654365539551,51.614192199707,46.3062904357911,42.0253887176514,35.4770778656006,33.9867752075196,33.8369306564332,30.1175227165222,34.4738311767578,42.4039005279541,47.9390558242798,48.0329965591431,48.1571304321289,53.9095035552978,48.7966632843018,46.5024108886719,38.3042766571045,36.4907480239868,33.032103729248,35.1116535186767,41.2336393356323,45.2122507095337,48.6817392349243,49.2206462860108,50.1321687698364,49.742677116394,49.7884424209595,41.4611179351806,33.3098443031311,33.6981700897217,30.743571472168,29.3247831344605,29.5562219619751,32.5372785568237,36.3923885345459,44.9030319213866,48.5111816406249,49.9470323562622,44.8802234649657,41.3769535064697,35.7300090789795,31.1624201774597,30.4708545684814,29.3461801528931,30.3995771408081,31.816230392456,34.1145761489868,37.9363277435303,42.1135646820068,45.5836309432984,41.7001713752747,39.7519369125366,40.1832870483398,39.9287294387818,35.7977382659912,35.0257646560669,37.8878196716309,40.779522895813,42.2217149734497,47.2724889755249,49.2289119720459,52.915403175354,48.9843778610229,45.2261026382446,40.9364484786987,38.635453414917,39.0320022583007,42.8140632629395,42.6514925003052,42.1782360076904,45.5769554138184,49.65749168396,51.8525917053223,49.0603904724121,45.8353731155396,41.4371934890747,37.2795589447022,32.4607652664184,31.5949211120606,30.4897583007812,33.3744445800782,37.9344995498658,39.6591474533081,49.4197486877442,49.6603519439697,48.6498964309693,46.9407011032104,42.1075944900512,35.3661003112793,31.3859663963318,29.6734573364258,26.9156663894653,28.3410285949707,34.1937782287598,39.2418294906617
35,48.1968284606933,51.0240058898925,53.2964508056641,60.9420997619629,54.4569274902344,48.4592443466186,42.4529846191407,36.5523931503296,36.3388181686401,38.8763486862183,43.048034286499,45.649450302124,49.5899778366089,52.3032814025878,54.6926795959473,50.1780397415161,48.097292137146,48.0585231781006,43.0599729537964,38.1916006088257,38.3634469985962,37.7966312408447,39.4622949600219,43.4279104232788,50.2098695755004,53.1169372558595,55.6606325149537,52.8896713256835,47.290558052063,40.8304224014282,33.2578209877015,28.6896710395814,28.9436399459839,31.3646203994751,36.3434940338135,43.1836719512939,46.4417711257935,54.6442636489869,56.3251323699952,50.423616027832,46.7874813079834,39.4852416992188,37.0654060363769,36.4604148864746,32.8328524589539,37.7905504226685,46.5471141815185,51.3684358596802,51.7551025390625,52.1066032409669,59.0992061614991,53.2189109802246,50.0290870666503,42.1191247940064,40.322979927063,36.2956573486328,37.7716171264648,43.4324995040893,47.6256841659545,51.7365652084351,52.2279418945313,53.6203252792358,53.6708404541015,53.6940793991089,45.508507347107,37.5522758483887,37.7904111862183,34.7555257797241,33.0684783935547,33.2908515930176,36.7597225189209,40.278148651123,48.7647521972656,52.3742988586426,53.8875448226929,48.8683938980103,45.5703706741333,40.3328947067261,36.0912513732911,34.9058132171631,33.0705081939697,33.9266468048096,35.7070896148682,38.3291889190673,42.4116619110108,46.95455493927,49.9388202667236,45.5050652503967,43.706466293335,44.0972646713257,43.5729291915894,38.9525810241699,37.9809581756592,40.1973005294799,43.3417272567749,44.8837057113647,50.2347314834595,52.1858402252198,56.6198923110962,53.1728012084961,48.7966836929321,44.2409950256347,41.3557102203369,41.1560195922852,45.1761909484863,45.2015769958496,44.96500415802,49.3994937896728,53.5266452789307,55.1041856765746,52.9201711654662,50.0999061584473,45.7463359832764,40.9146278381348,36.0254566192627,34.6271965026855,33.6204315185547,37.2247817993164,41.8678016662598,43.8918663024902,53.9265663146973,52.8094635009766,52.5186841964722,50.9075401306152,45.5334911346436,39.0250917434693,35.4095539093018,33.2138971328736,29.5957527160644,30.8253534317016,36.7953556060791,42.1358085632324
36,46.8854080200195,49.6681510925292,52.0374877929688,60.3364681243897,54.4350509643555,48.2204080581665,41.9207565307617,35.8566382408142,35.6534156799316,38.2349634170532,42.4399366378784,45.0494709014892,49.1279390335083,52.2044002532959,54.987548828125,50.4121244430542,48.182918548584,47.9619678497314,42.6677858352661,37.5672231674195,37.695227432251,37.1837049484253,38.8722276687622,42.829677772522,49.5330928802491,52.6929817199707,55.4701084136963,53.4508478164672,47.7395000457764,40.9775478363037,33.2028819084168,28.7834606170654,29.2331245422363,31.7783187866211,36.8598796844482,43.9724195480347,47.3595958709717,55.4132040023805,57.3756038665772,50.8799478530884,47.1774421691894,39.6105781555175,36.7227418899536,35.793288230896,32.1785286903381,37.2701469421387,46.1596519470216,51.1991872787475,51.9466648101806,52.3792915344238,59.4443456649781,53.5776275634766,50.1175300598145,42.0658662796021,40.0102912902832,35.785809135437,37.1263139724731,42.6506481170655,46.9150691986084,51.4166589736938,52.143242263794,53.6953117370605,53.9091020584106,53.9036121368408,45.6192111968995,37.5374088287354,37.7921669006347,34.7568971633911,33.0322574615479,33.3468933105469,36.9020120620728,40.382211303711,48.6763381958008,52.389665222168,53.9446725845336,48.9421453475953,45.6124885559082,40.3649271011352,36.3591142654419,35.2424062728882,33.3644929885865,34.2652606964112,36.1228536605835,38.8192455291748,42.958900642395,47.4793590545655,50.2729829788207,45.7152893066406,43.931171798706,44.236128616333,43.4339017868042,38.5702823638916,37.463907623291,39.5928714752197,42.7979887008668,44.4400777816773,49.9582370758056,52.2160331726074,56.7738920211792,53.320909690857,48.7296623229981,43.7163366317749,40.7035804748535,40.4061975479126,44.4959924697876,44.6182704925538,44.5142007827758,49.2828983306885,53.6104846954346,55.2109924316406,53.5379350662232,50.7082494735717,46.0608278274536,40.9559469223023,35.8634847640991,34.2567930221558,33.3273029327393,37.3249208450317,42.065844154358,43.9947179794311,54.1826553344727,52.8019718170165,52.7612972259521,51.1294204711914,45.5638168334961,38.956852722168,35.4242279052734,33.1687099456787,29.5151354789734,30.8332370758056,36.8837482452392,42.1834039688111
37,46.2260211944581,48.8001838684082,51.1933197021486,59.9108585357665,54.3963636398316,48.0832294464112,41.7875513076783,35.7373247146607,35.4453289031982,38.0092994689941,42.2042013168335,44.7688104629516,48.9820075988769,52.2802223205566,55.3219398498535,50.6144182205201,48.2234348297119,47.8734100341796,42.377663230896,37.1525363922119,37.1739822387696,36.6545467376708,38.3286502838134,42.2674186706543,48.9481529235839,52.0765747070313,54.9438917160034,53.3483116149902,47.7687065124512,40.8355348587036,33.0361951828003,28.72596950531,29.2852390289307,31.865238571167,36.9697593688965,44.2034465789794,47.6746631622315,55.5403886795045,57.7912645339966,51.0355352401733,47.2672855377197,39.6213960647583,36.4981630325317,35.4289854049683,31.7949993133545,36.8985853195191,45.7711467742919,50.9834211349487,51.9026100158691,52.3806911468506,59.486473083496,53.2426300048828,50.1090856552124,41.9282537460327,39.7454002380371,35.5632190704346,36.8792142868042,42.332603263855,46.6057155609131,51.2122421264648,52.109008026123,53.6736541748047,53.9761486053466,54.016016960144,45.7836477279663,37.7662078857422,38.1628276824951,35.143798828125,33.4328580856323,33.7396942138672,37.2614751815795,40.6703659057618,48.9606044769287,52.7157241821288,54.2031894683838,49.022547340393,45.7089786529542,40.6251361846924,36.879850769043,35.9360101699829,34.1436714172364,34.9817352294922,36.7885057449341,39.4805904388427,43.6185813903809,47.9205659866334,50.4355268478394,45.8190175056457,44.1653799057007,44.691946029663,44.1212076187134,39.3976634979249,38.2458837509155,40.2961599349976,43.4322784423829,45.0113906860351,50.4973293304444,52.8745529174804,56.8179601669311,53.6858636856079,48.8928649902344,43.9025787353516,40.9249565124511,40.5606016159057,44.5764688491822,44.6338491439819,44.4815061569214,49.3023258209228,53.6638603210449,55.3034326553344,54.1697492599487,51.2248268127441,46.4003183364868,41.4243524551392,36.4587768554688,34.7474622726441,33.6033475875854,37.8168729782104,42.5707509994507,44.2256988525392,54.4216283798217,52.7873542785645,52.8454204559326,51.2001255035401,45.745576286316,39.187636756897,35.6265623092651,33.2673137664795,29.5657422065735,30.8443550109864,36.832541847229,42.0809354782105
38,56.6566692352296,59.2931018829345,61.9310123443603,72.0340671539306,66.947822380066,61.7791114807129,55.3338577270509,48.4930891036987,47.3895919799805,49.8166078567505,54.2008228302002,56.8389007568359,61.2552715301513,64.5104042053223,67.2093799591064,63.3922180175781,60.984599494934,60.2147834777832,54.2319097518921,48.2998407363891,47.9572721481323,47.2919239044189,49.0263334274291,53.1949470520019,60.2415302276612,63.9215637207031,66.7602756500245,64.9634963989257,60.2777967453003,53.0000379562378,44.1829587936402,38.2012762069702,38.0610670089722,40.7825164794922,45.9418643951415,53.2237703323364,57.0608039855957,65.6316806793213,68.9569429397583,64.1178260803223,60.3439092636108,52.1332740783691,48.0372552871703,46.0316968917846,41.5605180740357,46.4998041152954,55.4064264297485,61.1172050476074,62.9495658874511,63.845890045166,70.8030012130737,65.079323387146,63.3232316970825,55.1441011428834,52.4702796936036,47.3611989974976,47.8658079147339,53.0085735321045,57.2325084686279,62.4843730926513,64.5705377578736,66.1637580871582,66.3405113220215,65.7750411987305,57.8330419540405,49.5230804443359,49.3226400375366,45.605523109436,43.3551336288452,43.5251668930053,47.1326095581055,50.8209449768066,59.3427066802978,63.9696826934814,65.0067289352417,60.1974107742309,57.1105865478516,51.8218421936035,47.7926992416382,46.3768423080444,44.109266281128,44.8421375274658,46.6875680923462,49.4179529190063,53.6248815536499,57.9756286621094,60.9585086822511,56.4600049972535,54.4904428482055,54.9840341567993,54.0930486679077,49.0393251419068,47.706851196289,49.5740976333618,52.7498254776,54.422142791748,60.6397796630859,64.1771533966065,68.1381116867065,65.1951820373535,61.5309045791625,56.4915168762207,53.246635055542,52.2699720382691,55.7513055801392,55.4159996032715,54.9989070892335,60.0190547943115,64.6653945922851,66.2105991363526,64.8743631362915,62.7187799453736,58.3595108032226,53.259761428833,47.6917980194092,45.5700061798096,43.3697160720825,47.6562438964844,52.4616981506347,54.2357494354248,65.4519451141358,65.2961158752441,65.3490253448486,64.375008392334,58.7992626190186,51.6344491958618,47.3204294204712,44.0113759994507,39.0371389389039,39.9758884429932,46.167604637146,51.5083339691162
39,48.2176021575928,50.916576385498,52.7655876159668,56.9911205291747,53.2717678070069,48.7904123306274,41.2006517410279,34.4806669235229,35.5027212142945,38.3233713150024,42.2962018966674,44.2584293365478,47.5872758865356,49.0629417419434,50.5616748809814,46.784845161438,44.6962673187255,41.8843851089477,39.0419500350952,36.3610872268677,35.4579824447632,34.8548374176026,36.8131155014038,40.7908203125,48.6611595153809,50.1257272720337,50.7736152648926,47.0654895782471,42.4050437927246,36.438556098938,30.1113432884216,26.1174690246582,26.3659877777099,28.1641002655029,33.2169376373291,38.8245517730713,40.9431804656982,47.776511001587,50.273048210144,45.7031230926514,41.1803689956665,35.6736785888671,34.9580129623414,34.8178579330444,31.5951293945313,35.6714086532593,43.4477375030517,48.3739334106446,48.4763927459717,48.2910587310791,53.9725864410401,50.1232820510864,46.9956850051879,37.5940195083618,35.6513696670532,32.911685371399,37.460029411316,44.3830076217651,49.2314754486084,50.3850311279297,49.4306579589844,49.2369676589966,46.896869468689,46.2924530029297,40.1986637115478,33.4216180801392,31.8312757492065,29.8440935134888,29.5235750198364,29.4679737091064,33.1984121322632,36.861644744873,43.712744140625,47.9131481170654,49.3580753326417,43.803462600708,41.6442390441894,37.2635597229004,32.3311633110046,30.3919883728027,29.7226732254028,32.0254926681518,33.4360298156738,36.5569505691529,40.8351091384888,46.793194770813,48.2116960525513,42.6290150642395,40.8689588546752,41.6703025817871,40.8450660705566,36.6732954025268,36.0984638214112,40.5277284622193,43.644003868103,44.3560823440551,47.5942623138428,49.4103748321533,52.380031967163,49.5891883850098,46.1182106018066,40.9985734939575,38.7645477294922,41.1779375076294,43.5313533782959,42.2249925613404,42.5773401260376,45.1182527542114,49.5535251617432,51.8497598648072,48.200281906128,44.8244306564331,40.3508903503418,37.5525815963745,32.62968044281,29.9582585334777,29.6142755508423,32.1245401382446,36.1836074829102,38.358394241333,47.3093143463135,50.0300683975219,48.6471488952637,46.513593673706,41.2364049911499,34.2977068901062,29.6346466064453,28.8650903701782,28.0391024589539,29.2336498260498,35.8781095504761,41.1715759277344
40,53.5206844329834,56.744821548462,58.9016925811768,64.0079627990723,60.4876707077027,56.0784713745117,48.9190198898316,41.7221782684326,42.4825086593628,45.3390335083007,49.1975353240966,51.3441392898559,54.576120185852,56.3853088378906,57.7402832031251,54.228113746643,52.4786331176758,50.4708498001099,46.6619541168213,42.8211025238036,41.8734949111938,41.2779266357422,43.3148645401,47.1360622406007,54.5987438201905,56.5538558959961,57.6914094924927,54.7316778182983,50.8387651443481,44.5742818832397,37.5131992340088,32.3816779136658,32.1423192977905,34.3266111373901,39.255708694458,44.8176691055298,47.3060024261475,54.5404672622681,58.3038164138794,54.1616033554077,49.4716547012329,42.458455657959,40.9889638900757,40.5393304824829,36.8050777435303,40.8250494003296,48.8686620712281,54.8650932312012,55.7465301513672,55.7270713806152,61.4488674163819,57.3975934982299,54.6400344848632,45.0252571105957,43.0192302703857,40.0243915557861,43.2807014465333,49.4797044754029,54.3736637115479,57.4329092025756,57.2998472213745,57.290930557251,54.965417098999,54.2478446960449,47.6407451629639,40.4777196884155,39.0975662231445,36.1329801559449,35.1767868041992,35.1708515167236,38.3196624755859,42.144713973999,48.3228622436524,52.2119548797607,53.6910116195679,49.7112161636352,47.4864456176758,42.8851436614989,37.9129524230957,36.1545593261719,35.289634513855,36.9042722702026,38.4627544403076,41.3983644485473,44.7963640213012,49.8125852584839,52.9633419036865,48.621111869812,47.0163480758667,47.8703176498413,47.0045444488525,42.6106491088868,41.7815479278564,45.5702766418457,48.3312438964844,49.5394521713258,53.868731880188,56.5590515136719,59.6202276229859,56.5472631454468,53.4152835845947,48.7185153961182,46.4283733367919,48.0568475723268,50.5980093002319,49.0559545516968,48.7623725891114,51.3847763061523,55.9339797973632,58.5817268371582,55.3920488357545,52.4043167114258,47.9908506393432,45.1867334365844,39.6472749710083,36.8159955978393,35.8055061340332,38.5816530227661,43.0468355178834,45.2776889801026,54.3663454055785,57.6765874862671,56.6731563568115,54.6038255691528,49.3411127090455,42.1175724029541,36.9364397048951,35.016993522644,33.1972193717957,34.360754776001,40.6195600509643,46.070901298523
41,51.7619152069092,54.8825191497803,57.1354084014893,63.1279186248779,60.0675380706786,55.5088047027588,48.1411989212036,40.7375719070435,41.501911354065,44.4210939407349,48.3873210906982,50.7411336898804,54.2675971984863,56.2446743011475,57.8983501434326,54.2622539520264,52.277685546875,50.0415163040162,45.7633502960204,41.6082311630249,40.7179050445557,40.1907508850097,42.2628498077392,46.1374002456664,53.7673862457276,56.137776184082,57.4072715759277,54.7588008880615,50.8168943405152,44.2532217025757,37.0716520309449,32.0429109573364,32.1140031814575,34.4772081375122,39.4668628692627,45.1241989135743,47.7035200119019,54.96048412323,58.550909614563,54.3557893753051,49.6389787673951,42.2277080535888,40.5100101470947,39.953501701355,36.1919584274292,40.3369203567505,48.5105165481568,54.7063776016236,55.7325111389161,55.7720611572266,61.530193901062,57.3031854629517,54.5194761276245,44.5384326934814,42.4274892807007,39.4074975967407,42.5655277252197,48.7481273651123,53.7624570846558,57.1308067321778,57.193934059143,57.4636423110961,55.3074722290039,54.6506284713745,47.7369855880737,40.1873699188233,38.7282186508179,35.6454402923584,34.7572484970093,34.8550319671631,37.9460103988647,41.8298454284668,47.946664428711,51.8238628387451,53.2976818084717,49.5016944885255,47.1457572937012,42.3249814987183,37.2671792984008,35.5574060440063,34.7940414428711,36.3547788619995,38.0393606185913,41.0330335617066,44.377011680603,49.3069593429565,52.6571704864502,48.4148483276368,46.7471662521363,47.5824382781982,46.5924978256225,42.0306694030762,41.1778184890747,44.980838394165,47.7990787506104,49.18339138031,53.7959384918213,56.6513183593751,59.7459577560425,56.4006471633911,53.2707494735718,48.4494213104248,45.7788078308105,47.0298704147339,49.7904972076416,48.4867486953735,48.2542633056641,51.0279325485229,55.7368272781372,58.5519538879394,55.4052492141723,52.4624446868897,47.957081413269,44.931858253479,39.1650150299072,36.3706697463989,35.4672718048096,38.3844194412231,42.9247568130493,45.1787069320679,54.4742052078247,57.7243064880371,56.7302013397217,54.7439598083497,49.3093030929565,41.814617729187,36.5935426712037,34.615380859375,32.8394923210144,34.1335906982422,40.324782371521,45.8841529846191
42,50.8160633087159,53.9718608856201,56.2879211425782,62.839037322998,59.7701543807983,55.1937643051148,47.8365674972534,40.4249013900756,41.1898057937622,44.1372943878174,48.1346633911133,50.4947006225586,54.1040609359742,56.1332824707031,58.0747776031494,54.3689420700073,52.3094318389893,50.0703449249268,45.6345668792725,41.3414354324341,40.4557300567627,39.9356687545776,41.9620294570924,45.8432914733887,53.5334751129151,55.8584980010987,57.3736692428589,54.8875436782837,50.8874176025391,44.1480476379394,36.9933866500855,31.9945722579956,32.0785230636596,34.4761386871338,39.4901016235352,45.2004819869994,47.7607011795043,55.0632635116576,58.7014556884766,54.4392219543457,49.8490657806397,42.4700918197632,40.6378358840942,40.0491312026977,36.2573538780212,40.4590997695923,48.6013549804687,54.7583866119384,55.7114231109619,55.7494537353517,61.6398912429809,57.3395553588867,54.5968967437744,44.5435588836671,42.4820381164551,39.4827835083008,42.7128257751465,48.9396759033203,53.8969081878662,57.217500114441,57.2984329223632,57.6800876617432,55.7038974761963,55.1190536499023,48.1331216812134,40.4181991577148,38.9448713302612,35.906509590149,35.0334302902222,35.1445184707641,38.2481410980225,42.0763126373291,48.1904716491699,52.005710220337,53.5651233673095,49.7508115768433,47.3626106262207,42.4717210769653,37.3205371856689,35.5909084320068,34.8540760040283,36.4035814285278,38.0598537445068,41.026146697998,44.3649450302124,49.3097635269164,52.7156042098998,48.4926935195923,46.8323904037475,47.7476528167725,46.8019527435302,42.1209995269775,41.1290313720703,44.8675846099853,47.6773315429687,49.0652910232544,53.7631906509399,56.5599102020264,59.9005252838134,56.5944513320922,53.4351181030273,48.4486568450927,45.5636535644531,46.6836135864258,49.4829364776611,48.2634122848511,48.0556102752686,50.8172721862793,55.6607957839966,58.7579183578491,55.570985031128,52.4673751831054,48.0121782302856,44.923187828064,39.2285594940186,36.5314918518066,35.6622814178467,38.5964450836182,43.101165008545,45.2451868057251,54.6313764572143,57.8045530319213,56.7916706085204,54.8631233215332,49.445791053772,41.9364398956299,36.7832403182983,34.6993822097778,32.8618330955506,34.1165355682373,40.3130172729492,45.8482912063598
43,51.1474857330322,54.4769695281982,56.5316219329833,63.3501243591309,59.6467594146729,55.06595287323,47.8079523086548,40.4996225357056,41.3202875137329,44.3395952224732,48.3317657470703,50.6406005859375,54.1721271514892,56.1162689208984,58.086315536499,54.4069000244141,52.5154582977295,50.5617525100708,46.059331893921,41.6966823577881,40.8652040481567,40.3626073837281,42.3409187316894,46.2075359344482,53.8734497070313,56.0534259796143,57.4015531539917,54.7069087982178,50.5900775909424,43.7021020889281,36.3263235092164,31.580513381958,31.9253849029541,34.3652278900147,39.2689556121826,44.8972530364991,47.5256832122803,54.8036128997803,58.4426858901977,54.3075824737549,49.8488121032715,42.5598379135132,40.5658395767212,39.9888120651245,36.3193531036377,40.5104166030884,48.5310064315795,54.6001037597656,55.5984981536866,55.6699237823486,61.4267076492309,57.036619758606,54.6119060516358,44.7516410827637,42.6113054275512,39.5665315628052,42.7090364456177,48.9286560058594,53.7215497970581,57.0578712463379,57.2553243637086,57.7189754486083,55.9522285461425,55.4521501541138,48.308510017395,40.3533920288086,38.991669845581,36.0054853439331,35.1851327896118,35.3718263626098,38.4517999649048,42.3058032989502,48.7647365570068,52.592445755005,54.0698801040649,50.1306287765503,47.7307792663574,42.6207773208618,37.3597808837891,35.7470129013061,35.0434036254882,36.5174325942993,38.1368923187256,40.9938648223877,44.3783479690552,49.0153646469117,52.4598295211792,48.4009565353393,46.7323085784912,47.5679294586181,46.668219947815,41.965611076355,40.976054763794,44.6249143600464,47.4605972290039,48.8788574218751,53.6138286590576,56.24914894104,59.7911275863647,56.6817687988281,53.4696645736695,48.407792854309,45.3941869735718,46.3737367630006,49.3162065505982,48.3446603775024,48.1131162643433,50.9350849151611,55.7753160476685,58.8928125381469,55.7003559112548,52.4911321640014,48.1154563903808,44.8174634933471,39.2355230331421,36.8249244689941,35.9983572006226,38.9448099136352,43.4364358901978,45.4955295562744,54.9939847946167,57.7904954910278,56.7249532699586,54.8239231109619,49.5545656204223,42.0934494018555,36.9345846176148,34.7967834472657,32.9089270591736,34.2237529754639,40.3301809310913,45.7530769348145
44,44.6874717712402,47.6998840332031,49.6903015136718,56.6379978179932,51.6086132049561,46.360301208496,40.0359621047974,33.6831608772278,34.2805690765381,37.4997356414795,41.1660928726197,43.4552499771118,47.0325786590576,48.8604846954346,50.5425140380859,46.525461769104,45.3001148223877,45.3362001419067,40.4824577331543,35.5852113723755,35.3393747329712,34.8756895065308,36.7040096282959,40.4141544342041,47.313067817688,49.2088470458984,50.2645593643189,46.5782651901246,41.9898082733154,35.7973920822143,28.6598511695862,25.0740047931671,26.0559526443481,28.6607091903687,33.3869962692261,39.1927526473999,42.24384765625,49.6003793716431,51.2527685165406,46.1282152175903,41.8253189086914,35.2223932266235,33.4920169830323,33.5559053421021,30.2904244422912,34.5175258636475,42.4115308761596,47.6452682495116,47.7243185043335,47.8307266235351,53.5386404037475,48.1690065383911,46.4573017120361,38.0693084716797,36.0871183395385,32.8389993667603,35.1153179168701,41.1252101898193,44.9199398040771,48.2995845794678,48.9959053039551,49.8065090179444,49.1903217315674,49.1730054855346,40.9947158813476,32.9094500541687,33.0476842880249,30.1365305900574,29.0771375656127,29.3818853378295,32.3290842056274,36.6493967056275,45.2578155517579,48.8275831222534,49.4403173446656,44.2958251953125,41.1511280059814,35.6606132507324,31.0557222366333,30.4161237716675,29.5757083892822,30.5437515258789,31.9351329803467,34.2309020996094,37.9603143692017,42.0029005050659,45.4184717178345,41.6026553153992,39.8015605926514,40.5476511001587,40.3744970321655,35.8937948226929,35.1751483917237,38.2301733016968,40.9916763305664,42.3171447753906,47.3092880249023,49.2919082641602,52.4290782928467,48.5295362472535,45.1121780395508,40.5740184783936,37.7994644165039,37.991674041748,41.8931777954101,41.8872955322265,41.4883996963501,44.9762296676635,49.3535293579101,51.459282875061,47.9091873168946,45.031884765625,41.0756679534913,37.2148830413819,32.2195165634155,31.3078880310058,30.5541849136353,33.5514799118042,38.1788608551026,40.1337303161621,49.3736660003661,49.7772113800048,48.7235269546509,47.1149805068969,42.3257354736328,35.5172157287597,31.0308006286621,29.2204251289368,26.8065452575684,28.2853357315064,34.1174625396729,39.2049188613892
45,44.8425701141357,48.0413532257079,50.1428871154785,56.7241857528688,51.4604885101319,46.3557825088502,40.121262550354,33.7724555015564,34.2977964401245,37.5031759262085,41.1311223983764,43.3408504486084,46.8596834182739,48.8080768585204,50.2904758453369,46.3743600845337,45.2586280822754,45.479691505432,40.6982471466065,35.7540956497192,35.4048379898071,34.8437236785888,36.6334604263306,40.3685110092163,47.2510520935058,49.1095706939698,49.939105796814,46.296459388733,41.7579057693481,35.52143907547,28.4659482002258,24.9257616996765,25.8822534561157,28.3721115112304,32.9824563980102,38.6318187713624,41.7250741958618,48.8828569412232,51.0207809448242,46.0070604324341,41.6725328445434,35.1409505844116,33.408226966858,33.3670391082764,29.9843706130981,34.162024307251,41.9847391128541,47.345293045044,47.6191520690918,47.7546102523804,53.3493862152099,48.1038583755493,46.4618144989014,38.2427583694458,36.2917896270752,32.8746179580688,34.9743450164795,40.9320680618286,44.7129039764404,48.1860494613647,48.9263999938965,49.806244468689,49.2148485183716,49.1868591308593,40.9810180664063,32.9001999855042,33.0816495895386,30.1200348854065,28.9318504333496,29.1871675491333,32.1221668243408,36.3988655090332,45.0148818969726,48.6371347427369,49.2810979843139,44.1945718765258,41.0548818588257,35.4516212463379,30.8456535339356,30.1630886077881,29.2457469940185,30.2710535049438,31.6600353240967,33.9078067779541,37.6950519561768,41.7369264602662,45.2813810348511,41.4914377212524,39.6856925964356,40.4032585144043,40.2921913146973,35.9036218643189,35.1122791290284,38.0942516326904,40.8881660461426,42.2242683410644,47.2555215835571,49.2046905517578,52.5216152191162,48.8677534103393,45.1772445678711,40.687790298462,38.1535535812378,38.4534412384033,42.3659603118896,42.3255098342896,41.8286937713623,45.3007802963257,49.4851028442383,51.3488382339478,47.6051876068115,44.76771068573,40.8916637420654,37.0156476974487,32.0347423553467,31.1648115158081,30.3646150588989,33.3594011306763,38.0762294769287,40.0119047164916,49.3304821014404,49.6223127365112,48.604744720459,47.036100769043,42.3247396469117,35.580651473999,31.2114358901977,29.4114951133728,26.8156821250915,28.2508199691773,34.0087320327759,39.0490665435791
46,45.2173854827881,48.3422824859619,50.4722778320311,56.7845752716064,51.5264686584473,47.4845293045044,41.8992044448853,36.1192953109741,36.7077686309814,39.1759393692017,42.3087175369262,44.057935142517,47.3923263549805,49.3569400787354,50.6304147720337,47.1664747238159,46.5764608383179,46.9093662261963,42.5735975265503,38.1580295562744,37.5386211395264,36.6324321746826,38.0353899002075,41.3984497070313,47.9628244400024,49.8998382568359,50.4563732147217,47.1693296432496,43.3852144241333,37.9322280883789,31.8863279342652,28.9828435897827,30.1019176483154,32.2993728637696,36.3298208236694,41.1316427230835,43.5533506393432,50.1085399627686,51.7922966003418,46.9957262039185,43.2668245315552,37.7085800170899,36.627940750122,36.2258703231812,32.7208555221558,36.7681520462036,43.6070623397826,48.2054431915284,48.3149974822998,48.4030483245849,53.7351247787476,48.8137958526612,47.5936943054199,40.3552621841431,39.0583026885987,35.7842718124389,37.6904502868653,42.8399213790894,45.9147981643676,49.1194213867187,49.5674770355225,50.4757318496704,49.9015075683594,49.9937475204468,42.5128332138061,35.6132443428039,36.5070909500122,33.5374799728393,32.2969612121582,32.3226249694824,34.8894149780273,38.671452331543,46.602507019043,49.6689220428466,50.1245220184326,45.1622842788696,42.6438138961792,37.8987964630127,34.0962078094482,33.6294797897339,32.48014793396,33.2507848739624,34.2924558639527,36.1884325027466,39.5718839645386,43.2854364395142,46.3868738174438,42.5626768112182,41.3130826950074,42.581149673462,42.175227355957,38.2710830688476,37.4069414138794,40.0439081192016,42.134528541565,43.1378492355347,47.9501354217529,49.771577835083,53.0051549911499,49.44312210083,46.2687757492065,42.6002368927001,40.7367553710938,41.2229328155517,44.3481075286866,43.7928091049194,43.1325290679931,46.4964288711548,50.3315788269043,51.9963829040528,48.1186668395996,45.5533470153808,42.234119796753,39.1793960571289,35.0102537155151,34.3427993774414,33.434257888794,35.8890783309936,39.9406885147095,41.216720199585,50.0679531097412,50.1585174560547,49.2787361145019,47.92914352417,43.7635501861572,37.9110040664673,34.4662408828735,33.1076942443848,30.4637434959411,31.8605045318604,37.0104307174682,41.2156536102295
47,43.5181671142578,47.0020957946778,49.4423683166503,56.5864797592163,50.485340309143,45.6564094543457,39.6447612762452,33.4271644592285,33.7854059219361,36.8982694625855,40.6183979034424,42.8603084564209,46.5525094985962,48.8410358428955,50.4639820098876,46.5286302566529,45.167455291748,45.362712097168,40.3166135787964,35.3790061950684,35.008491897583,34.3886171340942,36.0684623718261,39.8296535491943,46.6924943923951,48.9966888427735,50.1000730514527,46.9792221069336,42.4338884353638,36.2816589355469,29.2664832115174,25.4019698143006,26.1457227706909,28.6939723968506,33.4325260162353,39.215421295166,42.4474794387818,49.5959419250489,51.6085174560547,46.3364305496216,42.2185890197754,35.8295818328857,34.0789590835571,33.7469078063965,30.0699311256409,34.3532445907592,42.2548040390014,47.7095115661621,47.8998844146728,48.0153736114502,53.7245080947876,48.5678846359253,46.6490829467773,38.5913599014282,36.8967355728149,33.4485258102417,35.4610158920288,41.4326515197754,45.151777267456,48.5183607101441,48.9657081604005,49.8491617202758,49.3518632888793,49.4021898269653,41.3529113769531,33.5881148338318,34.0571619033813,31.0548998832703,29.5782497406006,29.7482469558716,32.6747083663941,36.7273187637329,45.3501094818116,49.0589811325073,49.8382627487183,44.482213973999,41.355461883545,35.9080541610717,31.4003675460816,30.610475730896,29.467248916626,30.4298614501954,31.7734901428223,34.0260536193848,37.7549528121949,41.7909057617187,45.2676980972289,41.5489874839783,39.80657081604,40.7096130371094,40.5757123947144,36.3281639099121,35.3288722991943,38.2112148284912,40.9108812332153,42.1515502929688,47.1326213836671,49.1428394317627,52.456093788147,49.041577911377,45.2194271087646,41.0650377273559,38.9979726791382,39.4946189880371,43.3188985824585,42.8126718521119,42.145782661438,45.6005617141724,49.5467702865601,51.3727069854736,47.7163028717041,44.8289510726929,40.8975088119507,37.062414932251,32.2228466033936,31.4402856826783,30.5167444229126,33.3188352584839,37.859574508667,39.7659494400024,49.1260629653931,49.5198499679565,48.5835666656494,46.9651052474976,42.3677299499511,35.9502490997314,31.9097823143005,30.1413086891175,27.2255047798157,28.4845802307129,34.1616231918335,39.1527662277222
48,57.8958667755127,61.5257816314697,64.5921165466308,72.7167209625244,66.0489349365235,61.9313245773316,55.381449508667,48.1803524017334,47.4516975402832,49.9622215270997,54.1114873886108,56.8326091766357,60.9316902160644,63.5981113433838,65.3304477691651,62.1482845306397,60.4133563995362,60.1911533355713,54.504147529602,49.0840501785279,48.8834930419921,48.0964237213135,49.7287948608398,53.7787059783936,60.5647029876709,64.0033458709717,66.0434860229492,63.5907144546508,58.9133972167969,51.902813911438,43.3933361053467,37.8720429420472,37.9022033691407,40.5792934417725,45.7100149154663,52.5681364059448,56.3034191131592,64.6557783126831,68.0833250045777,63.9303838729858,59.8564414978027,51.7232080459595,48.2263683319092,46.9068901062012,42.6373119354248,47.4379859924317,56.1586944580077,61.6431262969971,62.9493572235107,63.5848239898682,70.294577217102,64.760047340393,63.2112390518189,54.8418420791626,52.4484680175781,47.5693351745605,48.4509689331055,53.7766283035278,57.8449222564698,62.5538656234741,64.3796957015991,65.7523559570312,65.4083656311035,64.7070268630982,56.6875738143921,48.4023334503173,48.0808025360107,44.4268390655518,42.3671257019043,42.4999137878418,45.9644895553588,50.0613723754883,58.9160377502441,63.1784679412842,63.6210586547851,59.0640100479127,56.0177694320679,50.3110454559326,45.3723316192626,43.6719123840332,41.6196975708008,42.5059329986572,44.4170423507691,47.0755716323853,51.1679803848266,55.4219764709472,58.653735923767,54.4445049285889,52.3257726669312,52.7353054046632,51.9591259002685,47.0083555221557,45.6473834991455,47.8721399307251,51.0302915573121,52.7102098464965,58.8566705703736,62.1666954040527,66.7094928741456,63.8493614196777,60.4659395217896,55.6577146530152,51.9316181182861,51.2806457519531,54.9167259216308,54.5359245300294,54.0971305847168,58.9808588027954,63.5399726867677,64.7850763320923,62.6765266418457,60.8310262680055,56.6622814178467,51.3246187210084,45.5939874649048,43.7751983642578,42.437753868103,45.9938316345214,50.780979347229,53.3222270965576,63.7036516189575,64.8860134124756,64.7668968200683,63.7072801589966,58.0970947265625,50.9939920425415,46.5699733734131,43.5821252822876,39.109467124939,40.1182516098022,46.1285169601441,51.4717060089111
49,56.4938034057618,59.9307228088379,63.1010597229004,72.1187744140625,65.8644123077393,61.5499271392823,54.8261676788329,47.468758392334,46.5920244216919,49.170678138733,53.4298299789428,56.2484958648682,60.5571208953857,63.6510498046874,65.7287454605102,62.4256439208983,60.5064208984375,59.9992580413818,53.9571430206299,48.2574550628662,47.9059440612793,47.124670600891,48.8171413421631,52.9129238128662,59.8845336914063,63.6923915863037,66.0300933837891,63.8196334838868,59.0523782730103,51.6494371414185,42.9008533477783,37.5243147850037,37.8756185531617,40.6143657684326,45.7084510803223,52.7992973327636,56.565412902832,65.1308639526367,68.4137020111084,64.0806602478027,59.9985628128052,51.5431575775147,47.6304471969605,45.9717002868653,41.5853841781616,46.5756618499756,55.5566272735595,61.3034103393555,62.9612754821778,63.7335857391357,70.6455442428589,64.9280855178833,63.199732208252,54.6022016525268,51.9559135437012,46.813390159607,47.4809925079346,52.7774394989014,57.016640663147,62.1210191726685,64.254672241211,65.938966178894,65.8984516143798,65.1657148361207,56.9451971054077,48.4045202255249,47.9658035278321,44.2807479858398,42.1410270690918,42.3561290740966,45.9491777420044,49.9881870269775,58.9485584259033,63.3614917755126,63.9020853042602,59.3128042221069,56.1833173751831,50.4163454055787,45.6599597930909,43.9129219055176,41.69329662323,42.5644231796265,44.5854333877564,47.4284616470337,51.629822731018,56.0595268249511,59.4659786224366,55.1466489791871,52.9092723846436,53.1865097045898,52.2568313598632,47.1419525146484,45.7114616394043,47.7867572784424,51.0535436630249,52.8533447265625,59.1143329620361,62.6883785247803,67.2116333007813,64.0824907302857,60.5609815597534,55.3617807388306,51.4114765167237,50.5969785690308,54.1637903213502,53.8313283920288,53.5446775436401,58.7415739059448,63.5891059875488,65.0640035629272,63.0780408859253,61.2058742523194,56.9752990722656,51.3472108840943,45.4382793426513,43.3915018081665,41.9524570465088,45.7943042755127,50.758113861084,53.2230289459228,64.0595981597901,65.0323741912842,64.9681755065918,63.9677062988281,58.1616893768311,50.9332654953003,46.6398666381836,43.4589275360107,38.6724446296692,39.7263414382935,45.8934597015381,51.3792636871338
50,55.3000381469726,58.5994113922119,61.7531230926513,71.6247165679931,65.891676902771,61.3753200531007,54.5400144577026,47.1385313034057,46.0867084503174,48.6454242706299,52.8988388061523,55.7385448455811,60.1858730316162,63.6105892181397,66.0331802368164,62.6602392196655,60.6458673477173,59.9111461639404,53.6064052581787,47.6549402236938,47.1281400680542,46.3147888183593,47.9961376190185,52.0699214935303,59.0467742919923,62.9634487152099,65.3768857955933,63.5636039733887,58.9640930175782,51.2985944747925,42.3495058059693,37.0757004737854,37.617091178894,40.3688373565673,45.5379159927368,52.6809949874879,56.5021968841553,64.984501838684,68.4544921875,64.0178020477294,59.9319383621216,51.3539781570435,47.0670213699341,45.0948915481568,40.6129468917847,45.5982473373414,54.538941192627,60.4015625,62.4711688995361,63.4592311859131,70.5222255706787,64.9570123672485,63.1639621734619,54.4121694564819,51.5121326446533,46.2695743560791,46.8281257629395,52.0897146224975,56.3572420120239,61.6630222320557,64.0490154266357,65.91787109375,66.0696786880493,65.3807006835936,57.0924160003662,48.3659543991088,47.9205127716064,44.1773239135742,41.9670303344726,42.2189752578735,45.82839012146,49.80549659729,58.7754878997803,63.1566802978517,63.9583509445191,59.3805152893067,56.2475383758545,50.5216260910034,45.9036972045899,44.1848957061768,41.9033302307129,42.741685295105,44.7243879318237,47.5729431152344,51.8129247665405,56.3192762374879,59.6642688751221,55.3927528381347,53.2812997817993,53.6110900878906,52.6444478988648,47.557699584961,46.1879592895508,48.1617345809937,51.3991432189941,53.1850070953369,59.4025577545166,63.0725780487061,67.4154159545898,64.2821325302125,60.7281732559205,55.4523084640502,51.6173130035401,50.8748821258546,54.4206964492798,54.0417758941651,53.7532876968384,58.9278497695924,63.7401126861571,65.3859603881836,63.8133939743042,61.8113409042358,57.4871778488159,51.8306503295899,45.8295383453369,43.504065322876,41.8074106216431,45.741661453247,50.7016845703125,52.9965599060059,64.0535144805908,65.0250425338745,65.0065759658814,64.0574750900268,58.3174863815308,51.034584236145,46.8212491989136,43.5211771011352,38.5584876060485,39.5168725967408,45.6958095550537,51.1175304412842
51,55.395304107666,58.4042362213135,61.2988246917724,71.7858074188232,65.9955545425415,61.4647388458252,54.7815856933594,47.4141117095947,46.25088596344,48.7744672775269,53.1440294265746,55.9770057678223,60.3172035217285,63.7673469543457,66.3851264953613,62.9178476333619,60.8258295059204,59.9245054244994,53.4511661529541,47.3078990936279,46.77878074646,45.9587690353393,47.5905725479126,51.6683036804199,58.6832305908203,62.6964626312256,65.1621536254884,63.4318983078002,58.9940500259399,51.2665954589844,42.2050884246826,36.8500962257385,37.4726476669311,40.2013778686524,45.3549980163574,52.5075895309448,56.4590675354005,64.8361467361449,68.4689889907837,63.9402725219726,59.9057172775269,51.3459663391113,46.8054922103882,44.3835582733154,39.8891763687134,44.9006156921387,53.8440696716308,59.7353870391846,62.0919437408447,63.3043891906738,70.3034244537354,64.7911237716674,63.0882419586182,54.4712781906128,51.4765251159668,46.0785171508789,46.3925884246827,51.512557220459,55.8174993515016,61.398731803894,63.9945129394531,66.0499349594116,66.2732566833496,65.5840223312379,57.257727432251,48.4760465621949,47.9571308135986,44.0311424255371,41.7401679992676,42.0213489532471,45.7003267288208,49.6885963439941,58.5601215362549,62.9822322845459,63.9499031066894,59.4267217636108,56.3595415115356,50.7925300598144,46.3169536590577,44.4554044723511,42.0822757720947,42.8373544692993,44.8078372955322,47.6223342895508,51.9102600097656,56.4955572128296,59.7959384918213,55.5472929000855,53.5024448394776,53.9309379577637,52.8789119720459,47.6067068099975,46.1592752456665,48.1001777648926,51.3612079620362,53.1832313537597,59.6339546203613,63.5655487060547,67.6132040023804,64.7366689682006,61.0811626434327,55.9378953933716,52.1782482147217,51.1812185287476,54.6599039077758,54.3452777862549,54.0533807754517,59.3304420471191,64.1275657653808,65.8444583892823,64.5868631362915,62.5373554229737,57.9894340515136,52.3661991119385,46.2306221008301,43.6945564270019,41.723501586914,45.8618572235108,50.8048265457154,52.8645095825195,64.32225856781,65.0916324615478,65.1867231369019,64.302622795105,58.6047920227051,51.3087270736694,47.0869352340699,43.6986133575439,38.5712207794189,39.4776363372802,45.7720485687256,51.1634418487549
52,43.970346069336,47.2107036590576,49.6928367614746,56.2562446594238,52.8929523468017,49.21709690094,42.4464767456054,34.0264923095703,33.9415731430054,36.4651052474975,40.1108341217041,42.132349395752,46.3878135681152,48.6808097839355,50.0860242843627,46.4510608673095,46.4542636871339,45.1627122879028,41.2612653732299,38.6367401123047,38.2429676055908,37.8716423034668,39.5372745513917,43.1084615707397,49.1536762237549,50.4746677398682,51.9185014724732,47.8647052764893,42.928554725647,37.3161716461182,30.8119302749634,26.5476166725159,27.5390720367432,31.1338781356811,36.163949584961,41.4159036636353,43.2077919006348,50.8920059204101,52.2012695312499,46.7192943572998,42.7203512191773,35.5849723815918,33.3890579223633,32.2192575454712,29.1852954864502,33.0981546401977,41.4751140594482,46.3832345962525,46.9834615707398,47.2056104660034,53.3036384582519,49.6770263671876,46.4057027816773,37.1659286499024,35.0121915817261,32.3185726165771,35.9432687759399,42.4267269134521,46.8236692428589,49.29986038208,48.0862459182739,48.1455646514892,46.9091939926148,46.1751907348633,39.7098114013671,33.3215672492981,32.900029373169,30.4213850975036,29.2862716674804,29.3148670196533,31.8359437942505,35.5153299331665,41.5009407043457,44.6447423934936,45.6923669815063,42.9058841705321,41.8022134780884,37.2923181533814,32.0047649383545,31.0339376449585,30.3625808715821,31.544751739502,33.3993114471436,36.1914102554321,39.0519821166993,44.4601671218873,46.9397388458252,42.0953891754151,40.1742856979371,41.3849479675293,40.4400562286377,36.3293704986572,35.6532119750977,41.5100076675416,44.0489309310913,44.5268316268921,48.0646902084351,50.3223526000976,53.5396699905395,49.1269556045533,44.9118434906006,40.8536121368409,37.6243541717529,37.7467046737671,41.6213985443115,41.155696105957,40.7786520004273,44.0433904647827,49.2236330032348,50.6467479705811,47.3950616836548,45.1456218719482,40.1405826568603,35.1402883529663,30.5586768150329,30.0485515594482,30.1467718124389,33.8084705352783,39.461734008789,42.1382266998291,51.3963386535645,50.7046144485473,49.4405036926269,47.8883794784547,42.9609628677368,36.1093721389771,31.4112161636353,30.1166526794434,28.2584630966186,29.3977046966552,35.5501386642456,40.3636919021607
53,42.68324508667,45.9327949523926,48.5438846588135,56.1115409851074,51.9665958404541,48.6151615142822,41.8134922027587,33.2075108528137,33.1234502792358,35.6787046432494,39.3350929260254,41.4740808486939,45.9772947311401,48.5159046173096,50.05322971344,46.3444885253906,46.24750289917,44.824517250061,40.4116611480713,37.425064086914,37.0241970062256,36.7055900573731,38.4018890380859,42.0437858581544,48.6035900115966,50.3903312683106,51.9197109222413,47.88206615448,42.7085897445679,36.5853943824768,29.9700516700744,25.9997362613678,27.3714492797852,31.0685888290405,36.1253953933716,41.4307708740235,43.3236951828003,50.8640993118287,52.0916738510131,46.7132167816162,42.7154361724853,35.1747470855713,32.6787841796875,31.2759748458862,28.2619197845459,32.3097003936767,40.7801483154296,45.8362024307251,46.8192333221435,47.154953956604,53.2072019577027,49.3781139373779,46.1135395050049,36.5467880249024,34.2089166641235,31.495671749115,35.1584022521973,41.6520437240601,46.2690683364868,49.1243259429932,48.0992345809936,48.2976499557494,47.1074476242065,46.3638917922973,39.5636903762817,32.7620774269104,32.3047466278076,29.6926506996154,28.6624274253845,28.7812929153442,31.2653442382813,34.9134330749512,40.878254699707,44.0293323516846,45.1258682250976,42.6240663528442,41.4581481933594,36.6222158432006,31.2261850357056,30.3699180603028,29.7694845199585,30.9406709671021,32.8639440536499,35.7536762237549,38.647677230835,44.0181777954102,46.822899055481,42.0258877754211,40.024859046936,41.1347291946411,40.0761617660523,35.8078159332275,35.0302560806275,40.7770330429077,43.5901937484741,44.3717981338501,48.1545660018921,50.5068454742432,53.7148765563965,48.903411102295,44.6912509918212,40.393091583252,36.7578779220581,36.3114553451539,40.2123203277588,39.953621482849,39.7693983078003,43.2838571548462,48.821401977539,50.4614488601685,47.3118370056153,45.1066198348998,39.9573255538941,34.5134137153625,29.8247899055481,29.4850681304932,29.7129737854004,33.5158233642578,39.1710855484008,41.8702501296997,51.4476085662841,50.6526735305786,49.4555135726928,48.0063716888428,42.8453552246094,35.6905714035034,30.9864719390869,29.6469163894653,27.7021056175232,28.9357482910157,35.1489788055419,40.0194942474365
54,42.4240055084229,45.7180763244628,48.3488384246826,56.1967746734619,51.7360321044921,48.4612949371339,41.8108572006226,33.3325861930847,33.3133728027344,35.9351333618164,39.6090103149414,41.694393157959,46.0556686401367,48.4734714508056,50.2245813369751,46.510213470459,46.4979520797729,45.0770404815674,40.587123298645,37.5294218063354,37.2147663116455,36.8852115631103,38.5241153717041,42.0442136764526,48.6025272369384,50.4468338012695,51.95091381073,47.9754411697388,42.9581470489503,36.7983594894409,30.164997291565,26.1044423103332,27.3004175186158,30.9861740112304,35.976139831543,41.2872852325439,43.2232099533081,50.7698015213013,52.2122636795044,46.8338140487672,43.0553049087524,35.5885215759277,32.981591796875,31.5196798324585,28.4657927513123,32.513793182373,40.9711019515992,45.9261659622193,46.8272092819214,47.1604417800904,53.2326080322266,49.3521036148072,46.2542449951171,36.8409767150878,34.6034481048584,31.9381336212158,35.6130352020264,42.1068134307861,46.5008729934692,49.147183418274,48.0937038421631,48.3155767440796,47.1610986709595,46.549450302124,39.9393676757812,33.0750394821167,32.5687313079835,29.9823969841003,28.9392715454102,29.033454322815,31.5124124526977,35.1228578567505,41.0429882049561,44.2098207473755,45.3271543502807,42.8636354446411,41.8398012161256,37.0474561691284,31.5971676826477,30.6907052993774,30.0541805267334,31.1867532730103,33.0880531311035,35.8910436630249,38.7719297409057,44.0987468719482,46.8942930221558,42.2045564651489,40.3345909118652,41.6132711410523,40.6173759460449,36.3783962249756,35.5833940505982,41.3451810836792,43.9868459701538,44.5560848236084,48.189701461792,50.5015972137451,53.7867565155029,49.3456466674804,45.0724870681762,40.8360301971436,37.1625202178955,36.7374292373657,40.702993774414,40.387288093567,40.0857233047485,43.537713432312,48.9573984146119,50.4765941619873,47.2849750518799,45.0842851638794,40.1172338485718,34.7353261947632,30.0867923736572,29.7578451156616,29.9561494827271,33.7776475906372,39.4256813049316,42.0130765914917,51.60973072052,50.3762502670288,49.3016441345216,48.0061075210571,43.1144330978394,36.1464094161988,31.5659820556641,30.1198131561279,28.0041437149048,29.1163648605346,35.2666864395142,40.1124557495118
55,42.2688278198242,45.6425910949707,47.950234222412,56.1630031585693,51.4964771270752,48.2052400588989,41.5326349258423,33.1170188903809,33.2677694320679,36.0084136962891,39.676816368103,41.704051399231,45.9743022918701,48.3659366607666,50.2328880310058,46.6135208129883,46.6216922760009,45.2661001205444,40.5142650604248,37.3222940444946,37.1185886383057,36.8123628616333,38.4173036575317,41.8951471328735,48.4543436050415,50.3545860290527,51.9984239578248,48.0496700286865,43.0126880645752,36.7272987365723,29.8099376678467,25.8377348899841,27.1338178634644,30.8595794677734,35.7971738815308,41.0905448913574,43.1078943252563,50.7618951797485,52.247966003418,46.9140905380249,43.2718814849853,35.8201343536377,32.9398328781128,31.4204038619995,28.4394371986389,32.5593595504761,41.0121953964233,45.9975978851318,46.8570163726807,47.1596477508545,53.2857000350952,49.2771234512329,46.2863056182862,36.9514625549317,34.6806545257569,32.0141778945923,35.6502792358398,42.1542070388794,46.4228284835816,48.9785884857179,48.1639064788818,48.4605230331421,47.4274091720581,46.9875841140747,40.2780353546143,33.1991988182068,32.7067914962768,30.1651557922363,29.1486658096314,29.2775825500488,31.725447845459,35.3056325912475,41.3315212249756,44.4920982360839,45.5437246322632,43.0405351638794,42.161085319519,37.2502332687377,31.773506641388,30.8811555862427,30.27679271698,31.3682622909546,33.2575080871582,35.9728744506836,38.8798295974731,43.9031509399415,46.7997482299805,42.2779505729675,40.5403497695923,41.8320247650146,40.8059059143066,36.5866268157959,35.851131439209,41.4062246322633,43.9487077713012,44.4996740341186,48.2235605239868,50.4508899688721,53.7972496032715,49.4512331008911,45.1806968688965,41.0125310897827,37.2204111099243,36.5712406158447,40.5475940704346,40.4441173553467,40.1064668655396,43.5258699417115,49.0325281143189,50.5948608398437,47.3590845108032,45.1458028793335,40.2042078018189,34.7307611465454,29.986764717102,29.8430578231812,30.1818824768066,34.0522094726563,39.5684717178345,42.0663274765014,51.7435194015503,50.1927743911743,49.280728340149,48.0529232025146,43.1848390579224,36.2191814422607,31.634062576294,30.1337478637695,27.9874217033386,29.0602521896363,35.0515678405762,39.9037473678589
56,43.4144145965576,46.628060913086,48.9930549621582,57.4935131072998,50.8052150726318,47.0846029281616,40.2794525146485,32.6264637947082,33.3966794967651,36.755876159668,40.1297410964966,42.3188373565674,46.2706359863282,48.631270980835,50.5778785705567,46.559977531433,46.4929351806641,46.0887256622315,40.4110504150391,36.3267488479614,36.7066370010376,36.4754234313965,37.8654447555542,41.321061706543,47.5503602981567,49.7516963958741,51.7998704910279,47.9109455108643,43.1105411529541,36.8102412223815,29.1011911392212,25.2392681598663,26.8748899459839,31.0175277709961,36.0154689788818,41.5148685455323,44.0455593109131,52.1235811233521,52.6815000534058,47.0889692306518,43.7476474761963,36.7482460021972,33.1053085327148,31.1747619628906,28.143906879425,32.6705974578858,41.5545789718628,46.9384368896484,47.5431491851807,47.616149711609,53.6393058776855,48.9767948150635,45.8049310684204,36.855124092102,34.7255680084229,32.1484537124634,35.338433265686,41.8376029968261,45.4364871978759,48.3817537307739,48.3777536392211,48.9866493225098,48.1561172485351,48.0594499588012,40.4846395492554,32.9211693763733,33.3176992416382,31.0616411209107,30.0705045700074,30.3781669616699,32.5798765182495,36.2861389160157,43.1942302703857,46.1259346008301,46.4424808502198,43.4665967941285,43.088614654541,37.9386863708497,32.5633813858032,31.7466907501221,31.0135601043701,31.7274415969849,33.4974555969238,35.876195526123,38.9812595367432,43.5455318450928,46.5727813720704,42.2178239822387,41.0648591995239,42.7442699432373,42.3502820968628,38.2456144332885,37.8520448684692,42.2576555252075,44.3161645889282,45.0112787246704,49.0710590362548,50.7822578430176,53.7105888366699,49.0622875213623,45.1810493469238,41.1580669403075,37.3908752441407,35.5799186706543,39.3475233078003,39.6872484207153,39.456471824646,43.0836349487305,48.7358680725098,50.2973457336426,47.2825742721558,45.1918964385986,40.4643213272094,34.7263332366943,29.8796989440918,30.7368869781494,31.4098545074462,35.4845623016357,40.2432920455933,42.7275594711304,52.2914968490601,49.3968725204468,48.8763311386109,48.0628049850464,43.3306074142456,36.7383226394653,32.3564277648926,30.6860960006714,28.2257208824158,29.1878526687622,34.7924871444702,39.9894573211669
57,43.3309005737304,46.5564884185791,48.9549274444581,57.2379333496095,50.6927970886231,47.0875602722169,40.3528890609741,32.6642471313477,33.3787481307983,36.7212293624878,40.0512254714965,42.1606039047241,46.1100374221801,48.6200721740723,50.4743797302247,46.5276306152344,46.5166898727417,46.2102548599243,40.5323154449463,36.4243618011474,36.6489883422852,36.3425102233886,37.6886503219604,41.1853216171265,47.4417980194091,49.7106002807618,51.8032260894775,48.0011499404907,43.1871994018554,36.9963191986084,29.3109855651855,25.34898519516,26.933172416687,31.026477432251,35.9886878967285,41.4330345153808,44.111102104187,51.9673290252685,52.5774410247802,47.0297386169434,43.7022996902466,36.8544969558715,33.3369823455811,31.3538501739502,28.2044038772583,32.6770278930664,41.4803819656372,46.9244749069214,47.4934816360473,47.5701854705811,53.5498771667481,48.7613349914551,45.8761703491211,37.1236700057983,35.0688213348388,32.4032344818115,35.5164587020874,41.9881681442261,45.5567792892457,48.4295307159424,48.3881595611573,48.9828790664673,48.1752061843872,48.1075658798217,40.527112197876,33.0779681205749,33.6317201614379,31.2854978561401,30.1515266418457,30.4272439956665,32.6319229125976,36.3316682815552,43.1746299743652,46.1606891632081,46.5082880020142,43.5118602752685,43.1776502609253,38.0271039962768,32.693116760254,31.7616979598999,30.9417570114135,31.6284477233887,33.3861312866211,35.7275081634521,38.8302675247192,43.3543642044067,46.4788675308227,42.1767556190491,41.0310211181641,42.7301568984985,42.3895755767822,38.2709697723389,37.74847240448,42.1145820617676,44.1802839279174,44.9309730529785,49.0414735794067,50.7477416992187,53.7396575927735,49.1181816101075,45.1518825531006,41.1216596603394,37.4750219345093,35.7459896087647,39.5115228652954,39.7577924728394,39.4811744689942,43.0794210433959,48.7043098449707,50.2490201950073,47.2945985794067,45.1816398620605,40.5282794952392,34.804563331604,30.0051467895508,30.9012723922729,31.4943649291992,35.4936622619629,40.2277286529541,42.7207572937012,52.259715461731,49.3638090133667,48.8442138671875,48.0832395553589,43.4026613235473,36.915106010437,32.7025352478028,30.9553075790405,28.3237224578857,29.2061609268188,34.7311695098876,39.8900527954102
58,43.4776874542236,47.048879623413,49.6052600860595,57.5613712310791,50.3607015609741,47.1750226974487,40.7427646636963,33.1242466926575,33.7149110794067,37.0661067962647,40.3431541442871,42.330499458313,46.1490345001222,48.6493759155273,50.4532905578614,46.5632707595826,46.6204627990723,46.4414232254029,40.9001888275147,36.8882154464722,36.9998174667359,36.580446434021,37.8781591415405,41.3435670852661,47.4959323883057,49.8430362701416,51.7544178009033,48.016303062439,43.3342981338501,37.4074983596802,29.8648326873779,25.5848388671875,26.8771951675415,30.9073705673218,35.8583946228027,41.2781459808349,44.0333566665649,51.8182577133178,52.6719646453857,47.0330194473267,43.7827812194824,37.1876447677612,33.7685327529907,31.6561166763306,28.3002329826355,32.7833435058594,41.5371315002441,47.0012258529662,47.508048248291,47.5942560195923,53.5810966491699,48.9054725646973,45.9093425750732,37.4277492523193,35.5210317611694,32.7086912155152,35.6699626922607,42.1265434265136,45.6435403823852,48.5256114959716,48.3519422531128,49.0374895095825,48.284587097168,48.254259300232,40.7394540786743,33.4744162559509,34.1101167678833,31.7016338348388,30.3708284378052,30.5973844528199,32.8114831924438,36.4489057540894,43.2496398925781,46.2971704483032,46.7367948532104,43.6889829635621,43.3149063110351,38.1254203796386,32.816551399231,31.8619789123535,30.9799482345581,31.638783454895,33.4249650955201,35.7992540359497,38.9038093566895,43.6671638488769,46.672583770752,42.3286072731018,41.2272506713867,43.0030317306518,42.6184673309325,38.4902431488037,37.8384466171264,42.118434715271,44.1591112136841,44.8554819107055,48.966906929016,50.6059146881103,53.8296890258789,49.3520597457885,45.2264709472656,41.2894342422486,37.755662727356,36.1901582717895,39.9424694061279,40.0230165481567,39.7136316299439,43.2229585647583,48.8125164031982,50.5714670181275,47.6618326187133,45.39734249115,40.7356639862061,35.0415096282959,30.2922494888305,31.2422063827515,31.761349105835,35.6585369110108,40.3016092300415,42.6972206115723,52.3477115631103,49.2877973556518,48.830436515808,48.1359369277954,43.540254020691,37.2439521789551,33.23099193573,31.4664907455445,28.6447109222412,29.4417587280274,34.9606969833374,40.0751943588256
59,44.3109630584716,47.7531803131104,50.3014583587646,58.2140903472901,50.9726467132569,47.9955785751343,42.0466234207154,34.6563184738159,35.0333061218261,38.4314203262329,41.7487756729126,43.5134462356567,46.9032918930054,49.0818828582763,51.1110105514526,47.062190437317,47.2355129241943,47.088176727295,41.9188381195068,38.1459665298462,38.3553543090821,37.8617315292359,39.0770154953003,42.4027299880982,48.2977136611938,50.5844192504882,52.5173406600952,48.5389211654663,44.0284858703614,38.6617671966553,31.294810295105,25.9758445739746,26.2082681655884,30.1899799346924,35.1903253555298,40.6746912002564,43.5160423278809,51.4309629440308,53.1286363601685,47.2486465454101,44.3948719024658,38.4834506988526,35.2812911987305,33.0271394729615,29.2394129753112,33.6373374938965,42.4370121002197,47.7370622634888,47.6514898300171,47.6793508529663,53.8370752334595,49.7275648117066,46.347145652771,38.4895528793335,37.0040946960449,34.0946321487427,36.9687494277955,43.5497467041015,46.7545755386352,49.1146436691284,48.5171096801758,49.1134927749633,48.4849531173706,48.6904510498047,41.5067651748657,34.5260354995728,35.3494413375854,33.0615018844605,31.4846704483032,31.6656494140625,33.9191207885742,37.4315996170044,44.3323848724366,47.2848178863524,47.9160804748535,44.5289861679077,44.1871809005738,39.157301902771,33.8207691192627,32.7298118591309,31.7626428604126,32.425269317627,34.266351890564,36.7607400894165,39.9400999069213,44.8446628570557,47.4056175231933,42.8228876113891,41.8795295715332,43.9834993362427,43.5574377059936,39.4524042129516,38.838575553894,43.2292711257934,45.0783815383912,45.3313491821289,49.1272748947143,50.3734283447265,53.7771579742432,50.0830175399781,45.7631898880005,42.1261529922485,38.9088598251343,37.5655176162719,41.3756898880005,41.4725379943848,41.0480115890503,44.2535291671753,49.54391746521,51.3437976837158,48.6276023864746,46.1876667022706,41.4505790710449,35.9320295333863,31.2026369094849,32.1551671981811,32.6191730499268,36.5940710067749,41.2760482788086,43.3661888122559,52.8934047698974,49.3559011459351,49.0517787933349,48.4021368026734,44.0977657318115,38.2668016433716,34.6605289459229,33.0762781143189,30.0244451522828,30.6539848327637,36.2422235488892,41.2832763671874
60,48.7204414367675,51.6885276794434,54.7068706512452,62.4421081542968,52.840124130249,50.5717748641968,44.8285875320435,37.206258392334,37.4822111129761,40.6856367111206,44.5259481430054,46.8230657577515,49.6747621536255,51.8264019012452,54.0758304595947,50.1662866592407,50.3503574371338,49.8463962554932,43.6632513046265,39.2535287857055,39.5159212112427,38.5941276550293,39.5842672348022,42.8455444335937,48.8301494598389,52.1945495605469,54.4162031173706,51.165662574768,46.7788471221924,40.476955986023,32.7644815444946,27.8556610107422,28.808437538147,32.4494695663452,37.327953338623,43.1196748733521,46.2052322387695,54.3051387786865,56.3240978240967,50.6316680908202,47.9491422653198,41.4568847656249,37.5313499450684,35.1120540618897,31.2664055824279,36.3903402328492,45.5874544143677,50.7761182785035,51.2055412292481,51.2894294738769,57.6625968933105,52.9193929672241,49.1959558486939,41.4114889144898,40.0022197723389,36.5865991592407,37.983235168457,44.3185520172119,48.2676879882813,52.0874586105346,51.955267906189,52.499400138855,52.1704452514648,52.5152898788453,44.9960721969605,37.5607097625732,38.2788660049438,36.011269569397,34.5163414001465,34.6523212432861,37.4616716384888,40.209766960144,46.685587310791,49.4492427825927,50.1890830993652,47.3626781463623,47.3164909362793,42.702430152893,37.4572166442871,35.6954582214356,34.0517166137696,34.40530834198,36.2578102111816,38.9348484039307,42.3190305709839,46.6413930892944,49.6884777069092,45.4127555847168,44.0361598968506,47.010198020935,46.7476823806763,42.2704029083252,41.4998443603517,44.7993230819702,47.2353229522705,47.781385231018,51.6727834701538,53.1684085845947,57.3607946395875,53.5023120880128,48.746276473999,44.6050355911255,41.2058111190795,39.1068714141846,42.1822534561157,42.4188791275024,42.3794412612915,46.4152729034424,52.4486337661742,54.2405172348023,51.7632360458373,49.4399055480957,44.9014217376709,39.2767965316772,34.0112539291382,34.541362953186,35.2948377609252,39.8383382797241,44.2038625717164,46.2005472183227,56.0168283462524,52.7842500686645,52.7250061035156,51.8309860229492,46.8858976364135,40.8432306289673,37.2666088104248,36.2701053619385,32.6061337471008,33.0477298736572,38.732126045227,44.1012395858764
61,54.5479141235351,57.732421875,61.1130474090577,69.2210777282716,60.479030418396,58.4435787200928,52.1904693603515,43.9583814620972,43.8105278015137,46.8873617172242,50.8154266357422,53.4013727188111,56.7008285522461,59.3305599212646,61.6117744445801,58.2128524780274,58.1723014831542,57.5488681793213,50.6764348983765,45.571330833435,45.46422290802,44.4102739334107,45.4323886871338,48.8196010589601,54.9773445129394,58.8402931213379,61.0121486663819,58.724736404419,54.4162881851197,47.1075824737549,38.4274176597596,33.5050230026245,34.9958599090576,38.6191301345825,43.4452964782715,49.2719274520874,52.4569519042969,60.8367303848268,64.0606931686401,59.2350069046021,56.1874965667724,48.8338699340821,43.9049009323121,40.8507886886596,36.7272716522217,42.004098701477,51.226083946228,56.8923303604126,58.5537178039551,58.8160835266113,64.9535543441772,60.6017421722411,57.2888286590576,48.8941638946533,46.7975513458252,42.7693384170532,43.5535104751587,49.6522348403931,53.8233505249024,58.6407684326172,60.0063322067261,60.7131185531616,60.4032857894897,60.3633611679077,52.6128782272339,44.5061630249024,44.6504356384277,41.9361986160278,40.2613899230957,40.3285182952881,43.2073322296143,45.9174926757813,52.4610054016114,55.4248672485352,55.9968532562256,53.4435983657837,53.4872812271118,48.7958011627197,43.3527908325196,41.2567323684692,39.3652009963989,39.6912170410156,41.5457498550415,44.2438318252563,47.6980304718018,51.8512668609619,55.3264621734619,51.5117332458496,50.0488443374634,53.0995460510254,52.7840047836304,48.222219657898,47.3015930175781,50.243454170227,52.9851230621338,54.0381441116333,58.6651990890503,61.0489398956299,65.1604259490967,61.1019289016723,56.7463676452637,52.1701448440551,48.3249862670898,45.6413986206055,48.2183647155761,47.9977317810058,47.8802661895752,52.306081199646,58.8185216903687,60.8882879257202,59.4157627105713,57.4199348449706,52.7383312225341,46.6125303268433,40.5404933929444,40.4951675415039,40.9602958679199,45.4914203643799,49.6767175674439,51.8292682647706,63.1462045669556,61.1330629348755,60.9741638183593,60.282790184021,55.0958471298218,48.4451301574707,44.3053346633912,42.7941951751709,38.561820602417,38.8311574935913,44.5091667175293,49.9936109542846
62,57.85299949646,61.0946071624756,64.6712226867676,73.0457820892335,64.8276233673095,62.9907701492309,56.5681373596191,48.0315935134888,47.5743772506713,50.649744796753,54.5856046676635,57.2095092773438,60.6485671997071,63.3577964782715,65.6389709472655,62.5719949722289,62.4249498367309,61.8134445190429,54.7523347854614,49.1950584411621,48.8679815292359,47.6915277481079,48.7303901672363,52.2007732391358,58.4233383178711,62.4695419311523,64.5694982528687,62.773324584961,58.6024440765381,50.8816017150879,41.6054386138916,36.3314743041992,37.9181005477905,41.6761875152588,46.6205274581909,52.5004869461059,55.7924118041993,64.4417362213135,68.2461736679077,64.1671407699585,60.9719507217407,53.3610376358033,47.8137714385986,44.1517269134522,39.5925758361817,44.8331951141358,54.0808464050293,59.8660827636719,62.0599983215332,62.649439239502,68.9184906005859,64.6210498809814,62.0029176712036,53.4447269439697,50.9162336349487,46.3794691085815,46.7336307525635,52.7079740524292,56.8753345489501,61.9494934082032,64.1526826858521,65.0868101119996,64.8285699844361,64.6013563156127,56.6886098861695,48.2707286834717,48.114510345459,45.0429193496704,43.1558427810669,43.2484804153443,46.2178209304809,49.0625896453858,55.6204933166504,59.0935348510742,59.6628816604614,56.8113719940186,56.736347770691,52.1595113754272,46.8706369400024,44.6241487503052,42.5739282608033,42.8563579559326,44.7608369827271,47.503033065796,50.9541086196899,55.0852705001831,58.5170892715454,54.5358373641967,53.0440509796142,56.1504249572754,55.8742301940919,51.4239425659179,50.4121030807495,53.2179286956787,55.9466632843018,57.0917816162109,62.0254974365235,64.8913696289063,69.0787786483765,64.9867572784424,61.1038305282593,56.475572013855,52.5797136306763,49.6373863220215,52.0449779510499,51.516478729248,51.1861619949341,55.6534770965576,62.2277423858642,64.4021018981934,63.2392555236817,61.5934249877929,56.9905269622803,50.8380851745606,44.2771190643311,43.6388301849365,43.7210926055908,48.2906272888183,52.3704526901245,54.6339771270752,66.4650960922241,65.4219877243042,65.3976942062378,65.0234199523926,59.8554880142212,53.0058071136475,48.5563751220703,46.4713123321533,41.7241235733032,41.7382028579712,47.5474830627441,53.1044075012207
63,58.451803970337,61.3879726409911,64.6829711914062,73.1801189422608,64.777646446228,62.731280708313,56.5733673095703,48.3577863693238,47.9371732711792,51.001870918274,54.9626831054687,57.5013683319092,60.8054912567138,63.44602394104,65.8178073883058,62.670775604248,62.4531396865844,61.8191509246825,54.8305438995361,49.2550407409668,48.9240747451782,47.7361438751221,48.7327995300293,52.2078416824341,58.3320697784423,62.2944244384765,64.3557590484618,62.6121709823609,58.6552278518676,50.9625301361084,41.8244771957397,36.3702742576599,37.6749309539795,41.3047176361084,46.1511842727661,52.0436311721802,55.4204639434815,63.9499839782715,68.0606796264649,64.0547723770142,60.994400024414,53.4533041000366,47.8840019226075,44.107200050354,39.6092855453491,44.7906295776366,53.9406579971313,59.6349281311035,61.8902698516846,62.4982875823975,68.8373523712158,64.6690521240234,62.0547332763672,53.7351148605347,51.2460880279542,46.7091623306274,46.9321243286133,52.7622589111328,56.8693761825561,62.0386634826661,64.2077228546142,65.2265771865845,64.9637119293212,64.8002439498902,56.9095426559448,48.3935249328614,48.2910600662232,45.2101449966431,43.2425725936889,43.2843801498413,46.245523071289,49.1327644348145,55.6540851593017,59.0532943725587,59.7019632339477,56.8849328994751,56.90145778656,52.6198204040528,47.6687662124634,45.5239625930786,43.480655670166,43.6521675109863,45.4275108337402,48.077134513855,51.497506904602,55.5709049224854,58.8894451141358,54.9108278274536,53.4797592163086,56.6125900268554,56.5100259780883,52.1398126602172,51.1982088088988,53.9519044876098,56.5861106872559,57.6001586914063,62.6055366516113,65.4066432952882,69.3327098846435,65.6098974227905,61.5729581832886,57.0856313705445,53.3802537918092,50.5094697952271,52.919107246399,52.3745868682861,52.0073608398437,56.4734519958496,62.9760486602783,65.1195983886718,63.9971876144409,62.2359226226807,57.5910081863404,51.6584030151367,45.1389385223389,44.3197048187255,44.3143251419068,48.9539119720459,52.9333574295044,55.0549247741699,66.7875267028808,65.4592504501342,65.5223838806153,65.2630798339845,60.1166172027587,53.3382801055907,49.0574680328369,47.1526071548461,42.4420301437377,42.3896535873413,48.2538776397706,53.6568952560424
64,42.2435146331787,45.5647842407226,48.0168945312499,56.0595592498778,51.5367767333984,48.2494115829468,41.6501266479492,33.1752367019653,33.2586769104004,36.0164209365845,39.7061826705933,41.6892063140869,45.9776084899901,48.4222518920898,50.3072898864747,46.7434530258178,46.7856515884398,45.2253808975219,40.4870685577393,37.4307153701782,37.2846439361572,37.0417551040649,38.6140199661255,42.0137830734253,48.3950700759888,50.2311679840088,51.8076438903809,48.0115028381348,43.1490585327149,37.013849067688,30.084513092041,25.8776082992554,26.9539838790894,30.7863485336303,35.8345123291015,41.1738174438476,43.2460115432739,50.767839050293,52.4150672912597,46.9859937667847,43.5254507064819,36.1397048950195,33.0770740509033,31.2802680969238,28.2600804328919,32.3359609603882,40.8104204177856,45.7550052642823,46.6331398010255,47.025876235962,53.1133846282959,49.2981817245484,46.3899293899536,37.1845958709716,34.7081523895264,31.8873531341553,35.3619552612305,41.83740940094,46.0939666748046,48.8860185623169,48.0115652084351,48.3309173583985,47.2408987045288,46.7618896484375,40.2398639678955,33.3706482887268,32.9764842987061,30.3571413993835,29.12142868042,29.1964012145996,31.5049335479737,35.1696453094482,41.1691841125488,44.2874740600586,45.3230533599853,43.0028347015381,42.4374576568603,37.6194572448731,32.0365518569946,31.1278694152833,30.3758741378785,31.4391302108765,33.3528884887695,36.0050905227662,38.9376909255981,44.2161005020142,46.9099658966065,42.3746566772461,40.7147926330567,42.3146766662597,41.4962940216063,37.4119499206543,36.4945337295532,42.2941961288452,44.6376234054565,44.8778232574462,48.4115894317626,50.7728427886963,53.874789237976,49.4643327713012,45.2056934356689,41.2266965866089,37.5927028656006,36.8799110412598,40.8732238769531,40.8524908065797,40.3964767456055,43.8346403121949,49.3189825057983,50.6870624542236,47.3660709381103,45.2642293930054,40.432555770874,34.8496692657471,30.0293880462646,29.7395351409913,30.0364566802979,34.0251106262207,39.9769088745117,42.7117357254028,51.9543474197388,50.252548789978,49.4874853134155,48.3785177230835,43.7666234970092,37.0554220199585,32.4366060256959,30.8072103500366,28.3687458992005,29.3640333175659,35.3508373260498,40.1723693847656
65,53.2121807098388,56.6721263885499,59.4867935180664,68.6622509002685,63.1864866256714,59.9730072021485,52.6905532836914,44.1230970382691,44.2216295242309,47.5119094848632,50.9031297683716,53.104496383667,57.2107559204101,60.0078186035156,62.0093355178833,58.6556686401367,58.3500650405884,57.7390760421753,51.9616411209106,47.4912731170654,47.6455139160156,47.3933076858521,48.8333068847656,52.3118633270264,58.4695373535157,60.6835506439209,62.6837890625,59.9207042694092,55.4416137695312,48.9378890991212,40.2464715957642,34.8721583366394,36.0651983261108,40.4075132369995,45.5160255432129,51.0420923233033,53.7181510925292,62.2846025466919,65.0982116699218,60.26335105896,56.5870838165283,49.1891904830933,44.622267150879,41.6318357467651,37.9306211471557,42.4245443344116,51.3380493164062,56.9710035324097,58.3724643707276,58.8452537536621,64.8960948944091,61.0572364807129,58.4016035079956,49.0986219406128,46.2980260848999,42.7830190658569,45.3895874023438,51.7563175201416,55.4816610336304,58.9766025543213,60.0837181091309,60.8394657135011,59.6755332946777,59.091374206543,51.3579864501953,43.5307340621948,43.5348285675049,40.9092775344848,39.5474306106567,39.8821691513062,42.0350114822388,45.8368116378784,52.8027561187744,55.8637981414795,56.0264204025268,53.2422260284424,53.2288099288941,48.0497262954711,42.3441946029662,41.1686637878418,40.1723678588867,40.9596384048462,42.8677206039429,45.3060417175293,48.4406225204467,53.1018100738525,56.2038993835449,52.0857629776001,50.994874382019,53.0078763961792,52.763793182373,48.6655694961549,47.8650173187257,52.5415618896484,54.691692352295,55.5373596191406,60.1519327163696,62.6728725433349,64.8070730209351,60.4477886199951,57.169045829773,53.1240646362305,48.7584461212158,46.1460487365723,49.5215440750121,49.5676931381226,49.0698877334595,52.7676872253418,58.6266324996949,60.4348262786866,58.6481363296509,57.1000637054444,52.1592475891114,45.8588241577148,39.9840148925781,40.1485292434693,40.5655981063843,44.8205707550049,49.9425073623657,52.7984825134277,63.1451059341431,62.1337799072265,61.4709177017212,60.6677494049072,55.9790493011475,49.214659690857,44.2988443374634,41.6704990386963,38.3309099197388,39.027569770813,44.7194526672363,49.9226369857789
66,42.8228664398194,45.922529220581,48.4111305236816,57.00892868042,50.8682071685792,47.2809925079346,40.6151388168335,32.8674415588379,33.4530044555664,36.7903280258178,40.0715124130249,42.0436305999756,45.9945764541625,48.5505149841309,50.5657360076905,46.6937799453735,46.6733547210693,46.1628446578979,40.5665082931519,36.617912864685,36.8993675231933,36.6212759017944,37.9330034255982,41.3062994003296,47.4678827285766,49.6487464904786,51.9645162582397,48.2448957443237,43.5937168121337,37.6234382629394,29.9192276000977,25.472522354126,26.6936317443848,30.9067089080811,35.9633785247803,41.4654037475586,44.0695100784302,51.9736602783203,52.9330799102783,47.2052350997925,44.1052726745606,37.4906005859375,33.7682806015015,31.3654174804688,28.0458159446716,32.56507396698,41.4303121566772,46.8538980484009,47.3598926544189,47.4677179336547,53.5979747772217,49.2380435943604,45.9432052612305,37.2759567260742,35.1487138748169,32.3095178604126,35.2323755264282,41.7261817932129,45.3333562850952,48.3416934967042,48.2804332733154,48.9463790893554,48.181118774414,48.2117624282837,40.763017463684,33.509150314331,34.230838394165,32.0112058639526,30.6505939483642,30.8339641571045,32.8918914794922,36.546865272522,43.4860862731934,46.3238424301147,46.5666505813599,43.6465137481689,43.6053165435791,38.569985961914,33.2166475296021,32.1994560241699,31.2344718933106,31.8575372695923,33.6315608978272,35.9763460159302,39.098603439331,43.9399295806885,46.7987194061278,42.4462301254273,41.476018333435,43.5622158050537,43.3368553161621,39.262301826477,38.4325965881347,43.0335832595825,44.8687675476075,45.2813228607178,49.1301195144653,50.934672164917,53.7297798156738,49.1848505020141,45.3061317443848,41.4633754730225,37.7849573135376,35.6873010635376,39.3435344696045,39.6362266540527,39.318510055542,42.8968530654907,48.6641977310181,50.5107776641846,47.8308429718018,45.7193645477294,40.9823926925659,35.1908237457275,30.2817087173462,31.0791397094726,31.611890411377,35.7199117660523,40.698959159851,43.341649055481,52.4625160217285,49.4840620040894,49.1171092987062,48.2942426681519,43.8249526977539,37.6851570129394,33.6365859985352,31.7578374862671,28.8245846748352,29.4942955017089,34.9971349716187,40.1600309371949
67,42.6631618499756,46.0808464050293,48.8284545898438,57.3626106262206,50.289946937561,47.2930290222168,40.8747932434082,33.0839714050293,33.5646099090576,36.9067070007324,40.1642766952514,42.1098621368409,46.003804397583,48.6294078826904,50.5368890762329,46.7026042938232,46.7473035812377,46.3534652709961,40.7518602371216,36.7486331939697,36.8387529373169,36.4505283355713,37.7199283599854,41.1137577056885,47.2727907180787,49.5332603454589,51.718097114563,48.0964000701904,43.5604604721069,37.734485244751,30.1407970428467,25.5992647171021,26.7224367141724,30.899083518982,35.9308488845825,41.4293615341187,44.1812711715698,51.895196723938,52.9314287185669,47.1672454833984,44.0130142211914,37.5707679748535,33.9174114227295,31.3468147277832,27.8757152557373,32.404993057251,41.2299873352051,46.7742841720581,47.3149810791016,47.4674598693847,53.63801612854,49.3930435180664,45.918695640564,37.3938640594483,35.3200910568237,32.3681642532348,35.262598991394,41.7225196838379,45.3305624008179,48.3846818923951,48.2520435333252,48.9356771469116,48.1905820846558,48.2125297546386,40.8004461288452,33.6697359085083,34.4098770141602,32.0683103561402,30.6214332580566,30.8080442428589,32.8702875137329,36.448254776001,43.3446174621582,46.2877155303955,46.6283012390136,43.7191429138184,43.6212930679321,38.5761640548706,33.1642431259156,32.0203510284424,30.971992301941,31.5296424865723,33.3138580322266,35.6773584365845,38.7264627456665,43.585863494873,46.5723300933838,42.3424389839172,41.3249540328979,43.3622791290283,43.0570354461671,38.9074993133545,37.9087539672851,42.466393661499,44.4009071350098,44.9762495040893,48.9484312057494,50.7341075897218,53.5900430679321,48.950629234314,45.1326463699341,41.2331672668457,37.5366271972656,35.4299243927002,38.9774055480957,39.2425071716309,38.9695680618285,42.5396598815919,48.3509824752807,50.1908916473389,47.5861204147338,45.5268621444702,40.8077896118164,35.0474691390991,30.2296751022339,31.0262063980102,31.5074666976928,35.4664133071899,40.2480089187622,42.8630153656006,52.2849304199219,49.265362739563,48.8748750686646,48.1852293014526,43.7704336166382,37.8028654098511,33.8747650146485,31.8875211715698,28.8171423912048,29.4441411972046,34.8942001342774,40.0192239761352
68,49.3077102661134,53.0353607177734,56.2406505584718,64.8879844665527,57.9154638290405,55.345038986206,48.8391073226929,40.4980894088745,40.5118413925171,43.7216039657593,47.026216506958,49.0516149520874,52.9097806930542,55.7897003173827,57.9287740707398,54.4306564331055,54.2574697494507,53.9534513473511,48.0741651535034,43.6312604904174,43.4247606277466,42.8231782913208,44.0279788970947,47.4697130203247,53.5977737426758,56.1552059173584,58.2432075500488,55.6216226577759,51.1453683853149,45.0818569183349,37.0444797515869,31.6715267181396,32.4296031951905,36.5762456893921,41.5726051330567,47.0178150177002,49.8564128875732,57.9417503356933,60.7954044342041,55.3186349868774,51.7796607971191,45.0741024017335,40.9415168762207,37.8235404968262,33.9181999206543,38.4000457763672,47.1870151519775,53.071887397766,54.2896987915039,54.6142990112305,60.6217260360718,57.2337657928467,53.7492347717286,45.0084918975829,42.5971855163574,39.0869577407837,41.6535099029541,47.9901626586914,51.710950088501,55.3042625427246,55.9844205856323,56.6861953735352,55.7847993850708,55.4247314453124,47.8892444610595,40.4604022979737,40.8495071411133,38.2070245742798,36.5544919967652,36.7374599456787,38.7884548187256,42.3156032562256,49.2942840576172,52.3321964263916,52.7167905807495,50.0650608062744,49.9712562561036,44.8121967315673,39.1755004882813,37.7582790374756,36.5737020492553,37.1299522399903,38.9247392654419,41.2851915359497,44.3674383163453,49.1226297378539,52.3645217895508,48.4984823226928,47.4844564437866,49.5332683563232,49.1778709411622,44.9168796539307,43.7360107421875,48.1239868164063,50.3301977157593,51.2485958099365,55.861978149414,58.0883293151855,61.0180055618286,56.7054908752441,52.8694644927979,48.8368320465088,44.7264444351197,42.3380939483642,45.6240030288697,45.6604112625123,45.3114055633545,48.8665431976318,54.8164468765259,56.8885446548462,55.1968788146972,53.1688049316405,48.130001449585,41.9650642395019,36.6842512130737,37.1647438049316,37.4641641616821,41.3452417373657,46.0006801605224,48.5444854736328,59.2541481018066,57.3665744781494,56.7157430648803,56.10680103302,51.5376165390014,45.3472650527954,41.2772485733032,38.8639566421508,35.3364749908447,35.8224758148193,41.1928331375123,46.2057956695556
69,54.6875465393067,57.9261901855469,61.4654804229737,69.411833190918,60.7568223953247,58.9311046600342,52.831276512146,44.4239458084106,44.2227310180664,47.2430990219116,51.0513971328735,53.5261583328247,56.6359916687012,59.0747531890869,61.0411197662353,57.877071762085,58.0295427322388,57.5073972702027,50.9433086395264,46.0271730422973,45.8778339385987,44.7966606140137,45.774720954895,49.0884857177734,55.1580638885498,58.6624252319336,60.813074684143,58.5761054992677,54.4813009262085,47.6852844238281,39.1562490463257,33.640385723114,34.5568519592285,38.3262289047241,43.1812002182007,48.8841613769531,52.1055690765381,60.3403802871705,63.8981079101562,59.0950656890869,56.0306741714477,49.0540193557739,44.2459831237793,41.0000270843506,36.7953762054444,41.8115999221801,50.9468587875366,56.6476034164429,58.2067306518555,58.4758502960205,64.5917751312255,60.7126840591431,57.3007040023804,48.9658981323242,46.7736831665039,42.7796129226685,43.7493295669556,49.9836736679078,54.1161594390869,58.7036567687988,59.9003438949585,60.4159275054931,59.7480047225952,59.6763530731201,52.2110885620118,44.3537811279298,44.6593561172485,42.088692855835,40.3120132446289,40.3712236404419,43.0559650421143,45.8789852142335,52.3522445678711,55.3939311981201,55.9326810836792,53.4489810943603,53.7978708267211,49.1863983154297,43.6993986129761,41.5694414138794,39.665838432312,39.8964944839478,41.7177602767944,44.3257278442383,47.7142206192017,51.9526866912842,55.3472959518432,51.5241935729981,50.1632883071899,53.2217899322509,53.0621147155763,48.6044157028198,47.4986795425415,50.8471044540405,53.4330274581909,54.392667388916,58.7659116744995,60.8972713470458,64.9218000411987,60.9007701873779,56.7662910461426,52.5192359924317,48.6657033920288,45.7767028808593,48.3462717056274,48.2374906539917,48.0713521957397,52.1361133575439,58.719460105896,60.8537208557129,59.3157136917115,57.3315649032593,52.607559967041,46.4528425216675,40.3905652999878,40.4372049331666,41.0548095703125,45.5652004241944,49.9717987060547,52.4655708312989,63.3132730484009,61.1538240432739,60.9663560867309,60.3692926406861,55.3837413787841,48.9929077148437,45.0678783416748,43.5410375595093,39.3186069488526,39.4881248474121,45.0413719177247,50.3911640167236
70,58.3136817932129,61.6684310913086,65.6013309478759,73.1252449035645,64.6251913070679,63.1856340408325,56.9127069473267,48.2294433593749,47.7296022415161,50.7075159072876,54.5355724334717,57.1302112579345,60.4363445281983,63.1278995513916,65.0094116210937,62.0980939865112,62.0781587600708,61.5435832977294,54.6452236175537,49.3311012268066,48.9824077606201,47.7758483886718,48.7803846359253,52.2059558868408,58.4033210754394,62.2818912506103,64.3089157104492,62.4818643569946,58.4318901062012,51.0027912139892,41.88297290802,36.4941361427308,37.9641103744507,41.8159669876098,46.7305227279663,52.5027982711793,55.9447757720947,64.381367111206,68.1536460876465,64.0535417556763,60.8773859024048,53.4849182128907,47.9253452301025,44.1781734466553,39.6391706466675,44.8150072097779,54.0880752563476,59.8553783416748,61.966548538208,62.5318969726562,68.6461082458496,64.5403491973878,61.8465358734131,53.2765235900879,50.6618923187255,46.106775856018,46.4325870513916,52.5191158294678,56.7069456100464,61.8694654464721,64.0179920196534,64.8637744903565,64.32209815979,64.0797998428345,56.3214422225952,48.075142288208,48.1671184539795,45.2977905273438,43.3387845993041,43.398049736023,46.2875944137573,49.2434814453125,55.5448757171631,59.007332611084,59.4536300659179,56.7429328918457,56.9783588409424,52.3195482254028,46.7533155441285,44.486477279663,42.4424032211303,42.7380632400512,44.6772438049317,47.4436378479004,50.9656635284424,55.128984260559,58.5817253112792,54.5082677841187,52.8861185073852,56.0495523452759,55.6811254501343,51.0861581802369,49.9442878723144,53.0615404129028,55.8628200531006,57.099266242981,61.9408653259278,64.7172004699707,68.9013761520386,64.8094142913818,60.994529724121,56.5401983261109,52.5748252868652,49.4416065216064,51.7380067825317,51.2723133087159,51.021685409546,55.3537830352784,62.1587104797363,64.4489658355713,63.0977180480956,61.4127923965454,56.6706834793091,50.1894016265869,43.5747783660889,43.3697580337524,43.9942165374756,48.7337329864502,53.1357944488525,55.6728179931641,67.1053556442261,65.6157472610474,65.6004266738892,65.2594985961914,60.1720357894898,53.3660137176514,49.0086578369141,47.2084341049195,42.6202638626098,42.6365995407105,48.4102111816406,53.9416030883789
71,54.7704498291015,57.9093097686768,61.8008537292481,69.1898323059083,60.1120992660523,58.5922908782959,52.4582206726074,44.16678981781,43.8968690872192,46.9259733200073,50.7611082077027,53.2795740127563,56.5601531982422,59.3530002593995,61.4609657287598,58.1525039672852,58.1688484191894,57.3656394958496,50.3656644821167,45.1317697525024,44.9789318084717,43.9131937026977,44.845551109314,48.1686561584472,54.2930870056151,58.1273342132569,60.2914722442627,58.3622079849243,54.3968786239623,47.0578939437866,38.1740058898925,33.273225402832,34.8867954254151,38.5961772918701,43.3768175125122,49.0413087844849,52.3721179962158,60.4421560287475,63.9763496398926,59.1948160171509,56.4281244277954,49.4177520751953,44.005376625061,40.4651641845703,36.3732978820801,41.5634773254394,50.704637336731,56.3645046234131,58.1898571014404,58.5043075561524,64.4878477096557,60.5268999099732,57.2256385803223,48.9345218658447,46.5274656295776,42.3585916519165,42.9024454116821,48.9436260223388,53.120421218872,58.1474353790283,59.8063999176026,60.6803377151489,60.3529947280883,60.3668949127198,52.7168733596802,44.7515382766724,45.1341156005859,42.3498802185059,40.6044065475463,40.6687948226929,43.400769996643,46.1438934326172,52.0002178192139,55.2849494934081,55.8523689270019,53.3906616210937,53.7981872558594,49.4057149887085,44.2119613647461,42.0551944732666,40.0372291564941,40.1817565917969,41.886777305603,44.4555044174194,47.8182920455933,51.915093612671,55.2925783157349,51.5411306381226,50.2422946929932,53.6263122558594,53.3844194412232,48.8521890640259,47.7922332763672,50.814674949646,53.3650390625,54.2955961227417,58.6901132583618,61.1136348724365,65.2051248550415,61.0411935806274,56.7564617156983,52.409139251709,48.8368673324585,45.8169771194457,48.2949016571044,47.9418542861938,47.7370155334473,52.0589155197143,58.72632522583,61.0212266921997,60.1826719284057,58.2300514221192,53.3278076171874,47.2604549407959,40.897031211853,40.6278926849365,41.1727668762207,45.7414403915406,49.9389102935791,52.4616020202637,63.1607437133789,61.0784013748169,61.0342601776124,60.4318370819092,55.5522491455078,49.1338695526123,45.0023706436157,43.3127122879029,39.0847402572631,39.2375286102295,44.8632200241089,50.2537775039673
72,41.9389297485351,45.2383777618408,48.0225959777832,56.7490673065186,50.2932308197021,46.8067041397095,39.9675434112549,31.9252172470092,32.491579246521,35.7723766326905,39.090558052063,41.2173431396484,45.4997957229614,48.4262050628662,50.3263900756836,46.4945425033569,46.2977237701416,45.5249158859253,39.6480150222778,35.6086986541747,35.9070533752442,35.684649848938,37.0792911529541,40.4874517440797,46.7989122390747,49.2992580413819,51.2537746429443,47.7672384262085,43.0952392578125,36.9303112030029,29.1859174728393,25.2023192882538,26.8412355422974,31.0619062423706,36.0743221282959,41.5887920379639,44.2932968139648,51.972834777832,52.7543891906738,47.09593334198,43.8319702148438,36.8602809906006,32.6619794845582,29.9905468940735,26.9331398010254,31.638335609436,40.5751787185669,46.1895547866821,47.0372535705566,47.2825847625732,53.2970514297486,49.0946701049805,45.6310722351074,36.5527820587158,33.8510124206543,30.7960384368896,33.7337491989136,40.1470491409302,44.1066804885865,47.775754737854,48.0963605880738,48.7869737625122,47.8563720703125,47.6645444869995,40.0385997772217,32.5678308486939,33.2264844894409,30.9384016036987,29.6437320709229,29.8766796112061,31.9217868804932,35.6790311813354,42.3758800506592,45.3251174926758,45.7139993667603,43.1487487792969,43.1432262420655,38.1948265075683,32.6155359268188,31.6033966064453,30.5966238021851,31.1940210342407,33.018981552124,35.3200084686279,38.3812404632568,43.1401123046875,46.3420028686524,42.0728600502015,40.810033416748,42.7532491683959,42.4218843460082,38.2392925262452,37.1974395751953,42.2522718429566,44.3855144500732,45.118770980835,49.0815378189087,51.2435554504395,53.4191574096679,48.6494722366333,44.8866804122925,40.8353916168212,37.0634735107422,34.9748226165771,38.4608299255371,38.8183685302734,38.6760704040527,42.4985940933228,48.4537595748902,50.3379648208617,47.6326530456543,45.6465200424194,40.5831596374511,34.5642440795899,29.4697170257568,30.2261568069458,30.9057149887085,35.0934907913208,40.0467693328857,43.1176906585694,52.118849182129,49.5879014968872,49.2072134017944,48.3630369186401,43.7132036209106,37.2525617599487,32.9644779205322,31.2324413299561,28.4591168403625,29.3089586257935,34.9154779434205,40.1132999420166
73,42.349768447876,45.6180557250976,48.3540111541747,56.9359439849853,50.5517513275146,47.1133045196534,40.5378854751587,32.6731117248535,33.1898029327393,36.4909559249878,39.7506212234497,41.70078125,45.7608543395996,48.5166275024414,50.4767292022706,46.6817419052124,46.5866250991821,45.8881002426148,40.2169404983521,36.3544652938842,36.6260009765625,36.3323770523071,37.6512773513794,40.975302696228,47.128059387207,49.385262298584,51.5522449493408,48.00169506073,43.4434652328491,37.4291753768921,29.7384883880615,25.3827144622803,26.6206680297852,30.8051921844482,35.8131929397583,41.3008968353272,43.9861764907838,51.7582572937012,52.7980657577515,47.1436765670776,43.9994827270507,37.3381273269654,33.2983901977539,30.6028901100159,27.3597405433655,31.973436164856,40.8485092163085,46.3888572692871,47.0611452102661,47.2623519897461,53.377261543274,49.3734458923339,45.8186597824096,36.9795413970947,34.512601852417,31.3937448501587,34.2810985565185,40.7368474960328,44.5841123580933,48.0003234863281,48.1299636840821,48.836591720581,48.0089708328248,47.9592441558838,40.4066934585572,32.9268801689148,33.7348648071289,31.602487373352,30.2241710662842,30.3935674667359,32.4052549362183,36.0998708724975,42.7866357803344,45.7870180130005,46.1542163848877,43.4691341400146,43.4872100830078,38.5295000076294,33.0083181381225,32.0395574569702,31.0812273025513,31.6873704910278,33.5029945373535,35.8505716323853,38.931880569458,43.8679975509643,46.8333744049073,42.4057354927063,41.2427640914917,43.3141757965089,42.9947036743164,38.8846473693847,37.8729162216186,42.8741231918334,44.7753667831421,45.2715156555176,49.0868551254272,50.9003650665284,53.416626548767,48.7934440612793,45.0886194229126,41.0674554824829,37.4996500015259,35.5690139770508,39.0781045913696,39.3264543533325,39.1097864151001,42.764577293396,48.7100255966186,50.6774293899537,48.2863044738769,46.225251197815,41.0949092864991,35.075623703003,30.0526668548585,30.8797414779663,31.5325595855713,35.6618698120117,40.4735414505005,43.3534536361694,52.3501670837402,49.4756429672241,49.1961357116699,48.4754558563233,43.953064918518,37.6771165847778,33.7526006698609,32.1588590621949,29.2663494110107,29.9601272583007,35.5496507644653,40.7240287780762
74,42.6416473388672,46.1184314727783,49.0346717834473,57.3259778976441,50.307667350769,47.2739036560058,40.9680892944336,33.1723620414734,33.6142961502075,36.9243349075317,40.1578254699708,42.045173072815,45.9569498062134,48.6858440399169,50.5367042541505,46.7765331268311,46.6953958511353,46.1255283355712,40.5667987823487,36.7561643600464,36.8743324279786,36.494009399414,37.794502067566,41.1003726959229,47.1626768112182,49.3705333709717,51.5669332504272,48.0355216979981,43.4890575408935,37.5790493011474,30.0352066993713,25.5108528137207,26.5072580337524,30.6610458374024,35.6818277359009,41.1642101287842,43.8658233642578,51.6493398666382,52.7512016296387,47.0801095962525,43.9568199157715,37.5048437118531,33.6283700942994,30.8670331001282,27.4407884597779,31.9693990707398,40.8163106918335,46.4054309844971,47.0190372467041,47.2280662536621,53.3827331542968,49.4173572540283,45.8056045532226,37.1565315246582,34.8558216094971,31.7215484619141,34.519309425354,40.9250003814698,44.6848403930664,48.0427503585816,48.1393043518066,48.8774446487427,48.1170488357544,48.100438117981,40.5627099990844,33.1410876274109,33.9551376342773,31.7827438354493,30.275461769104,30.4165367126465,32.4442537307739,36.0933847427368,42.7872562408447,45.8168781280518,46.2345296859742,43.5274965286254,43.4398586273193,38.5032737731934,33.167752456665,32.2808403015136,31.2883552551269,31.8547517776489,33.6633884429932,36.0325227737427,39.1063861846924,44.0088401794434,46.9069877624512,42.4794041633606,41.3822198867798,43.5707529067993,43.3127801895141,39.2673225402832,38.1841342926025,43.0645120620728,44.8888170242309,45.3013265609741,48.9786739349366,50.4625946044921,53.3223009109497,48.7185583114624,45.0689332962035,41.155590057373,37.7707069396972,35.8048971176148,39.2138626098633,39.3498764038086,39.1304222106933,42.7038028717041,48.6614730834961,50.6207620620728,48.4712677001953,46.4155197143555,41.2707395553589,35.3205919265747,30.3244613647461,31.1896764755249,31.7505054473877,35.7410202026367,40.4582077026367,43.2889209747315,52.3270998001098,49.3009698867797,49.05885887146,48.4374650955201,44.0491827011108,38.0566686630249,34.3358022689819,32.7349992752075,29.6548093795776,30.2058692932129,35.7112953186035,40.833055305481
75,49.6492263793945,53.3767601013183,56.7169731140137,65.0863643646239,58.0845027923583,55.5886402130127,49.2027135848999,40.855149269104,40.8110052108764,43.9754703521728,47.2152759552002,49.1952379226684,53.0994590759277,56.0776512145997,58.0298936843872,54.5944084167481,54.3996616363525,53.9711978912354,48.1748643875122,43.8759241104126,43.65305519104,43.0147342681885,44.2047380447387,47.5315414428711,53.5223705291748,55.8742561340332,58.2021194458007,55.678879737854,51.2892417907715,45.2257190704346,37.2105602264405,31.7229779243469,32.1868169784546,36.2931623458862,41.2958164215088,46.7497220993042,49.6211116790771,57.6517768859863,60.690710067749,55.2974006652832,51.9384099960328,45.34144115448,41.1076965332032,37.8280036926269,33.8640878677368,38.2176933288575,46.9588008880615,52.7756330490112,54.015714263916,54.4059513092041,60.5288614273071,57.2709348678589,53.8255844116211,45.1024698257447,42.5688730239868,38.935587310791,41.3584964752197,47.5612051010131,51.2348983764649,54.9018632888794,55.8089950561523,56.6226650238036,55.8017732620239,55.5145898818969,47.9790620803832,40.4475177764893,40.9128559112548,38.3958599090576,36.5555221557617,36.609815788269,38.5516567230225,42.1393209457398,48.9869819641113,51.9897022247315,52.3318384170532,49.8019805908202,49.8134113311768,44.9814697265626,39.589701461792,38.3856298446655,37.1646163940429,37.6497270584106,39.3631799697875,41.6543350219727,44.6298648834228,49.41422996521,52.6623620986939,48.757126235962,47.8800722122193,50.1974159240722,50.0048263549805,45.9505064010621,44.7200595855713,49.2827568054199,51.2333881378174,51.878875541687,55.9897670745849,57.801932144165,60.7774747848511,56.4593179702759,52.8980054855347,49.1811090469361,45.5613512039185,43.0845241546631,46.1190523147583,45.8931020736694,45.4954629898072,49.001085472107,55.0310291290283,57.1776365280152,55.6632656097412,53.8073554992676,48.7499561309814,42.7075616836547,37.1482263565063,37.5944982528687,37.8558355331421,41.6961679458618,46.2952735900879,49.1815849304199,59.2134147644043,57.3009813308716,56.8046161651612,56.2320177078247,51.9298496246338,46.0094310760498,42.0956846237183,39.9428569793701,36.3057590484619,36.5562885284424,41.7849744796753,46.7757387161255
76,54.080073928833,57.1209144592284,60.840472793579,69.200419998169,60.5457935333252,58.8020622253418,52.6095319747925,43.8681486129761,43.6361974716187,46.6312395095825,50.4157529830933,52.9082969665528,56.315481185913,59.1235858917237,61.1254396438598,58.0004581451417,58.0027612686157,57.2446636199951,50.4729654312133,45.3825384140015,45.1498485565185,44.0855447769165,45.1115623474121,48.3998712539673,54.4088846206665,57.8449192047119,60.351216506958,58.4775602340698,54.4485923767089,47.486166191101,38.892116355896,33.580819606781,34.7877717971802,38.607013130188,43.4706748962403,49.1998886108398,52.4510787963867,60.5889938354492,63.8710557937622,59.0852554321289,56.1187789916993,49.0410669326782,44.0103282928467,40.5474544525146,36.3791923522949,41.3259971618652,50.478946685791,56.2076374053955,57.8691219329834,58.2881122589112,64.4740758895874,60.4662948608399,57.2867286682129,48.7075376510621,46.2436420440674,42.1448923110962,43.0852548599243,49.1523099899292,53.1877258300782,57.9915838241577,59.6203273773193,60.3103378295899,59.7583858489989,59.6785688400268,52.061396408081,44.131064414978,44.5485250473022,41.9557489395142,40.1581453323364,40.1416902542115,42.7338478088379,45.6519916534424,52.1431678771974,55.0511672973633,55.4217794418335,52.9860265731812,53.32132396698,48.9267129898071,43.5006519317626,41.3719676971436,39.3799850463868,39.5871881484986,41.3623868942261,43.8793346405029,47.1456811904907,51.2694732666016,54.7662378311157,51.0767154693604,49.8872510910034,53.0950233459473,52.9581295013427,48.5792058944702,47.3116088867188,50.6901344299316,53.1732692718506,54.1605527877807,58.4726526260375,60.896280670166,64.5838264465332,60.2436037063598,56.483086013794,52.4895282745362,48.8656921386719,45.6065841674805,47.8410913467407,47.4930624008179,47.2942743301391,51.5002576828003,58.3103218078612,60.5888256072997,59.2467952728271,57.436295890808,52.6819732666016,46.5666576385498,40.2131265640259,40.0928146362305,40.6379264831544,45.0629505157471,49.4585861206055,52.5260208129883,62.7116703033447,60.9946048736572,60.8312801361084,60.2888731002808,55.4409135818482,49.1702054977417,45.2134357452393,43.5484498977662,39.1337316513061,39.1777233123779,44.5384706497192,49.953695678711
77,62.2268074035644,65.5867149353027,68.7520122528076,78.1553707122803,73.7479385375976,70.9964660644531,63.887487602234,54.9352149963378,54.937809562683,57.8368782043457,60.9655582427979,62.9093025207519,67.2147430419921,71.0835121154785,73.8265262603761,70.4570827484131,69.5303867340088,68.4380310058593,62.3425043106079,58.4641536712646,58.258268737793,57.9463779449462,59.3144006729126,62.6534229278565,68.6581848144531,71.1770221710205,73.8103061676025,71.5745658874512,67.0829475402832,60.3587985992431,51.5669219970703,45.999754524231,46.9332199096679,51.1984205245972,56.1662540435792,61.5076675415038,64.0854339599611,71.8173278808594,75.9996284484862,71.2371181488037,67.7690944671631,60.2498264312745,55.3162010192871,51.8124898910522,48.2075330734253,52.9666795730591,61.6664207458495,67.5139106750488,69.1380786895752,69.8055191040039,75.2311946868896,72.9053302764892,70.1526428222656,60.7165081024171,57.2129781723022,52.9269290924072,55.0333944320679,60.7445915222168,64.403226852417,68.9729564666748,71.1606178283691,72.7026580810547,72.084122467041,71.4165086746215,63.2573923110962,54.8205331802368,54.6355089187622,52.1823331832886,50.489373588562,50.6229473114013,52.5938226699829,56.0813545227051,62.485079574585,65.9621368408204,65.9751007080079,63.2384395599365,63.6467731475829,59.0813482284545,53.6196645736694,52.6256649017334,51.5472499847412,52.0066467285156,53.7994501113891,56.1289922714234,58.949178314209,63.5113224029541,66.7842802047729,63.2159090042114,62.1657665252685,64.392816543579,64.1792413711548,60.1448223114013,58.7898433685303,63.7249359130859,65.8123458862305,66.8100517272949,71.5214111328126,74.9369567871094,76.4040233612061,71.7891529083251,68.3892406463623,64.2657363891602,60.1440420150756,57.4630855560302,60.4829511642456,60.0174291610718,59.5276895523071,63.2926288604737,69.2778938293457,72.0152992248535,71.4536483764649,70.221736907959,64.7595102310182,58.1997125625611,51.8012943267823,51.4994470596313,51.9422834396363,56.090896987915,60.5151336669923,63.7797187805176,73.6513130187989,73.693494796753,73.2893077850341,72.3543102264404,67.9022155761718,61.6252885818481,57.2370462417603,54.9180875778199,51.5721351623535,51.7501979827881,57.0718700408936,62.2299476623535
78,42.2361263275147,45.9543281555175,49.3304103851319,58.0852710723877,49.686992263794,46.5762159347534,39.8866661071777,31.8383673667908,32.5728887557984,35.741016960144,38.8972682952881,40.8847190856933,45.0402164459228,48.4381908416748,50.5910104751587,46.8469886779786,46.3029209136963,45.2443782806396,39.031065750122,35.6019054412841,35.7422662734985,35.5678119659424,36.9629970550537,40.2490339279174,46.2823328018189,48.6585094451904,51.0857744216919,47.8803409576416,43.4828683853149,37.2203952789307,29.4903361320496,25.5939218521118,27.1186458587646,31.4723672866822,36.5298583984375,41.9616857528687,44.4959144592286,52.0043394088746,52.5526054382325,46.9553968429566,44.0405294418335,37.212691116333,33.1066612243652,30.3270670890808,27.307188796997,32.2098274230957,41.052826499939,46.6808824539184,47.0388509750366,47.2439113616943,53.3779666900634,49.109079360962,45.8428127288819,36.8941745758057,34.1979072570801,30.9785378456115,33.832356262207,39.9701343536377,43.8368352890014,47.9810173034668,48.3211936950684,49.0872165679932,48.5320419311523,48.6274803161621,40.6395231246949,32.9485701560974,33.6724388122559,31.7651725769043,30.242880821228,30.5227832794189,32.5807006835938,36.1561571121215,42.7338094711303,46.1835407257079,46.6466600418091,43.7701679229736,44.0232412338257,39.4147947311401,34.0045848846436,33.2301328659058,32.1924913406372,32.6068998336792,34.4461709976197,36.8286109924316,39.8217391967774,44.708473777771,47.3876180648804,42.7299903869629,41.4080953598023,43.7631761550903,43.4024171829224,39.3256521224976,38.1247396469116,43.0985088348389,44.923843574524,45.3279146194458,48.9379764556885,51.255424118042,53.3601291656494,48.0959226608276,44.5795669555664,40.8088247299194,37.3207366943359,35.2563493728637,38.7688310623169,38.8009912490845,38.6785013198852,42.5206441879272,48.4866264343262,50.6959087371826,48.7499500274659,46.7706415176391,41.3660596847534,35.1311713218689,29.7807420730591,30.6659614562988,31.5949485778808,35.8873432159424,40.5472023010255,43.6684410095214,52.1592102050781,49.2871189117432,48.9652988433837,48.4048799514771,44.0957078933716,38.1812950134278,34.5266145706176,33.0954307556152,30.3750494003296,30.905725479126,36.4359394073487,41.6870712280273
79,49.1853694915771,52.9348896026612,56.7181629180908,65.6067665100097,57.4888563156128,54.8638988494873,48.1307590484619,39.5105951309204,39.6977725982666,42.7784530639649,45.9590660095215,47.9866535186768,51.9264305114746,55.4242362976075,57.8251581192016,54.5828720092774,53.9901096343994,53.0746320724488,46.7499702453613,42.8302913665772,42.637812423706,42.2378908157348,43.5551612854003,46.8138700485229,52.6994396209717,55.1156845092773,57.5639074325562,55.3341171264649,51.140082359314,44.72992477417,36.465665435791,31.5338251113892,32.4132638931274,36.6845037460327,41.7048181533814,47.1081468582154,49.8514041900634,57.7027059555055,60.4741632461548,55.1765846252442,52.0165374755859,45.0295431137085,40.5586183547974,37.1528009414673,33.5565093040466,38.2541360855102,46.9793813705444,52.8288646697997,53.9091861724853,54.3252029418946,60.3956115722656,56.9061655044556,53.7780702590942,44.7587091445923,41.8401885986329,38.0998386383056,40.6161773681641,46.6202623367309,50.3700710296632,54.7154247283935,55.8853368759155,56.7339681625366,55.9632024765014,55.6811666488648,47.8827125549316,40.1192943572998,40.6190853118896,38.3970647811889,36.5291135787964,36.7465602874756,38.803134727478,42.3375019073486,48.8326007843017,52.3778930664063,52.7832511901855,50.0963880538941,50.4540761947631,45.5905109405518,39.7588048934936,38.7289474487304,37.4944988250733,37.9473794937134,39.8297523498535,42.3207635879517,45.4127141952514,50.3740697860718,53.5240516662599,49.3070281982422,47.9653438568115,50.2224002838135,49.6189460754394,45.4580287933349,44.1992443084717,49.1045904159545,51.1409572601318,51.8524826049805,55.9689363479614,58.3445106506348,61.0867208480834,56.2799875259399,52.4963527679444,48.4381992340087,44.5088817596436,42.1727970123291,45.4358211517334,45.2290082931519,45.0043983459472,48.7730871200562,54.8511363983155,57.2867824554443,55.7256105422974,53.9685512542725,48.5477687835694,41.962780380249,36.0982244491577,36.7983283996582,37.5163431167603,41.8383943557739,46.6548494338989,49.7683433532714,59.4285102844238,57.2108823776244,56.6827655792237,56.2806364059448,51.8650638580322,45.6641418457032,41.8681051254273,40.0919023513794,37.0200550079346,37.4257223129272,42.9708612442017,48.1361064910889
80,53.8574714660644,56.8458534240722,60.833020401001,69.4268833160401,60.3198822021484,58.551661491394,52.2737655639649,43.3692832946778,43.4084640502929,46.4114318847656,49.9183549880982,52.3348363876342,55.772730255127,58.9371009826661,61.0010234832764,57.9961751937866,57.6561172485351,56.78212890625,49.8967506408691,45.2748100280762,45.062693977356,44.1859991073609,45.3338243484497,48.5949113845825,54.4424545288086,57.7229373931884,60.2346439361573,58.4371051788329,54.7733966827393,47.8500160217286,39.1241836547851,33.9238045692444,35.048652458191,38.9160326004028,43.7366918563844,49.4438579559326,52.5928356170654,60.6295356750488,63.725839805603,58.9687244415283,56.2429420471192,49.1880048751831,44.0464570999146,40.2647188186645,36.3517484664917,41.4093204498291,50.5008455276489,56.156093788147,57.6296459197998,58.1467525482178,64.461918258667,60.1169471740723,57.2838127136231,48.7353300094605,45.9468460083008,41.6911033630371,42.6503322601319,48.5212215423583,52.5959421157837,57.8471632003785,59.6175785064698,60.3433364868164,59.7715860366822,59.6839374542237,52.0479064941405,44.0450468063354,44.6418920516967,42.2548833847046,40.2514415740967,40.3254953384399,42.9378068923951,45.91377658844,52.0121238708495,55.5507019042968,56.049112892151,53.4869548797607,54.2091157913208,49.788362121582,43.9014247894288,41.8799091339112,39.811637878418,40.0718078613282,41.9425323486328,44.6087978363038,48.058602142334,52.5794225692749,56.0528522491455,52.0862504959107,50.505216217041,53.8050497055053,53.3742147445679,48.9014383316041,47.5875011444091,51.4501440048218,53.9751296997071,54.9403726577759,58.9090139389038,61.43349609375,65.1714946746827,60.7118856430054,56.6345546722413,52.4113580703735,48.5656726837158,45.6761028289794,48.1116823196411,47.80074634552,47.7408220291137,52.0211833953857,58.8563327789306,61.4384681701659,60.1772649765015,58.3115400314331,53.1209203720093,46.7396558761596,40.2597059249878,40.3662950515747,41.252494430542,46.1463644027709,50.72258644104,53.9013122558594,63.573692703247,60.9226119995117,60.7365503311157,60.4377416610718,55.6311071395874,49.3061693191528,45.6410552978515,44.2048852920531,40.3948528289795,40.5850164413453,46.3321487426757,51.8823616027831
81,53.5330200195312,56.4183322906494,60.6409282684326,69.1479621887206,59.7794393539429,58.2401092529296,52.0679430007934,43.1998239517212,43.2079235076904,46.1854021072388,49.7287771224975,52.2179977416993,55.7225330352784,59.0148166656493,60.8370548248291,57.7834692001343,57.3850700378418,56.5387161254882,49.5410463333129,44.8005218505859,44.4772863388062,43.5898946762085,44.708980178833,48.0209619522094,53.9849636077881,57.7092243194581,59.9038269042969,58.1866025924683,54.5482255935669,47.4028066635131,38.7404916763305,33.9456280708313,35.6038530349731,39.4137613296509,44.1616603851318,49.8819522857666,53.0642921447754,61.0793174743653,63.707643699646,58.9173742294312,56.1944686889648,49.0591661453247,43.7428281784058,39.8954294204712,36.041858959198,41.2743953704834,50.4544437408447,56.1753126144409,57.8030406951904,58.3998355865479,64.7009971618652,59.8770286560059,57.0861669540405,48.4433856964111,45.6293821334839,41.40650806427,42.0822187423706,47.8328279495238,51.9516401290893,57.543335533142,59.6724000930787,60.5189662933349,60.2448860168457,60.1229187011718,52.2003921508789,44.1162441253662,44.8160598754882,42.3786157608032,40.3544525146485,40.4100145339966,43.1041568756103,45.9730587005615,52.1724277496338,55.6765781402587,56.0596326828003,53.4266717910766,54.0253826141358,49.7497638702393,43.9396656036377,41.7838249206542,39.5138628005982,39.6599185943603,41.4504449844361,44.0254070281983,47.4284227371216,51.7594488143921,55.3242677688598,51.480087852478,49.9238599777222,53.4080642700195,53.0559473037719,48.605347442627,47.3077680587768,50.769695854187,53.3083833694458,54.4327621459961,58.6775051116943,61.7002758026124,65.2845390319824,60.6842880249023,56.4937833786011,52.1108619689941,48.0565994262696,44.7710777282716,46.8186111450195,46.303786277771,46.3076745986939,50.8892181396485,57.9345645904541,60.661434173584,59.7860849380494,58.006128692627,52.8933862686157,46.5766256332398,40.156330871582,40.1122444152833,40.9987594604493,45.8773908615112,50.2996171951294,53.6837188720703,63.1749803543091,60.8653411865234,60.6828037261963,60.3542724609375,55.5124616622925,49.1229009628296,45.4259954452514,43.730302810669,39.611728477478,39.7184610366822,45.6079919815063,51.1995290756226
82,55.3186996459961,58.6888179779052,62.2663928985595,71.2751281738282,62.2594806671142,59.5508674621582,52.3103435516358,43.1979431152343,44.0108867645264,46.9489446640015,50.1990688323975,52.5612571716308,56.0534145355224,59.828568649292,62.7529048919678,59.3262058258057,58.061462020874,56.2656145095825,49.336748123169,47.0691778182984,47.2376390457153,47.7653964996338,49.4950012207032,52.6219594955445,58.4776466369629,61.1612697601318,63.5008247375488,60.7008291244507,57.0305395126343,50.0848932266236,41.5353002548218,36.316134929657,37.0548469543457,42.0626304626465,47.48609085083,52.8072290420532,54.9774238586425,62.1522403717041,64.072981262207,59.4551385879517,57.2639059066773,50.1856363296508,46.1538583755494,42.4250091552735,39.0694177627564,45.0158390045166,53.8619400024415,59.6263389587402,59.3177646636963,59.4763744354248,64.9494052886963,60.6322666168213,59.3238195419311,51.0196437835693,47.4571107864381,43.5970453262329,45.9353664398193,50.9081441879273,54.4819801330566,60.6396894454956,61.3179437637328,61.7408971786499,61.029983329773,61.1174230575562,53.5503522872925,47.0031158447265,48.1192546844483,46.5693773269653,44.309697341919,45.1591918945312,47.6468669891357,50.7673919677734,57.4491676330566,61.8974472045898,61.0929424285889,56.6150382995605,58.6651317596436,55.238530921936,49.1550230026246,48.1438920974731,46.1455476760864,46.4265027999878,48.654338645935,51.8121633529664,55.2403100967408,59.4913644790649,60.6890150070191,55.307939529419,53.5753000259399,56.5996032714843,54.878034210205,50.8663173675537,49.4245790481567,55.371389579773,56.8946458816528,57.0023063659667,60.2856962203979,63.4956867218017,66.6744146347045,60.9122386932373,57.0776407241822,53.2800531387329,49.2224102020264,47.4848079681397,51.7993043899535,51.3165176391602,50.908703994751,55.2843238830566,61.437670135498,62.8617050170898,60.0187316894532,59.1575366973877,53.7983259201051,47.7317405700684,41.2042665481568,40.2543970108032,41.6578722000122,47.6410158157348,52.5198377609253,56.0541690826416,64.2339553833008,61.538656616211,60.8507173538208,60.1879682540894,56.2045095443725,51.3635387420654,48.2812852859497,46.876065826416,44.7560859680176,44.7983404159546,51.0379568099975,56.7800348281861
83,54.6114334106445,57.8466659545898,61.6273662567139,71.126374053955,61.9955713272095,59.220657157898,51.8717494964599,42.7734622955322,43.6053436279297,46.5472131729126,49.7703989028931,52.1003950119018,55.532432937622,59.3685089111329,62.5680044174195,59.2785142898559,57.900594329834,55.9944934844971,48.7979125976563,46.3510448455811,46.4519412994385,46.9343711853027,48.6362745285035,51.7607614517212,57.6351474761963,60.5111351013184,62.8761440277099,60.544753074646,57.0022317886352,49.9993566513061,41.3613737106323,36.2600443840027,37.0717597961425,42.0848062515259,47.5083919525147,52.8160860061646,54.966093826294,62.17912940979,64.0701313018798,59.4469545364379,57.3047668457031,50.2845365524292,46.305099105835,42.5650745391846,39.200599861145,45.1684726715088,54.0266069412232,59.8505393981933,59.4107151031494,59.5317752838135,65.0416763305664,60.6865316390991,59.3226428985595,50.9991222381591,47.602456665039,43.7708457946777,46.0936183929444,51.0587730407715,54.5949945449829,60.7768119812011,61.3980680465698,61.8415069580077,61.2092458724976,61.2772289276124,53.6455614089966,47.0367498397827,48.2463115692139,46.7653059005737,44.4248931884766,45.239133644104,47.7468095779419,50.9320642471314,57.5492744445801,61.9367168426514,61.2051330566406,56.6833896636964,58.6438097000122,55.122248840332,48.7814449310302,47.5750759124756,45.4198574066162,45.7020513534546,47.9810970306397,51.1622371673585,54.6876787185669,59.0363128662109,60.4567710876465,55.1477811813355,53.3666812896729,56.4063543319702,54.7245933532715,50.8116285324097,49.3605026245118,55.2288917541504,56.7431545257569,56.8886898040772,60.2569383621216,63.5303939819336,66.7358526229859,60.9096504211426,56.9627466201782,53.0153171539307,48.6595626831055,46.6345819473266,50.8743307113648,50.3183713912964,50.0219804763793,54.4323757171631,60.7491458892822,62.3106678009032,59.7854181289673,59.0149879455567,53.5728302001953,47.2805931091308,40.6981002807617,40.0343660354614,41.5567672729492,47.5928064346314,52.5617776870728,56.0650527954101,64.3824380874633,61.3321037292481,60.5826974868774,60.1055332183838,56.1161109924316,51.1679737091065,48.024020576477,46.6022680282593,44.442494392395,44.5071630477906,50.7193267822265,56.4748208999633
84,64.9612819671632,68.4960472106934,72.548503112793,80.7901535034179,72.7435176849366,70.5200622558594,63.4886600494385,54.3042890548707,54.8356784820557,57.5496482849122,60.4868442535401,62.6810405731201,66.0148769378662,70.2045433044434,73.5921432495118,70.4557392120361,68.9049427032471,67.336897468567,60.0843160629273,57.1693773269654,56.862821006775,56.988549041748,58.4294313430787,61.4100898742676,67.1219589233399,70.1958274841309,72.9028015136719,71.5081771850586,68.0588768005372,61.1021800994873,52.4096891403199,46.9433191299439,47.2629119873047,51.911813545227,57.110767364502,62.336336517334,64.4268592834473,71.4726154327392,75.2083606719971,70.6062042236327,68.483758544922,61.6675447463989,57.5885053634644,53.4794441223145,49.9153942108154,55.6384666442871,64.1909385681152,70.3877532958984,70.9660942077638,71.0759757995605,75.7588485717773,73.048013305664,71.1272811889648,62.7881235122681,59.24801902771,54.9431196212769,56.7733116149903,61.2998378753662,64.6157814025879,71.175765991211,72.8494644165039,73.7187889099121,73.2090625762939,72.8764781951905,65.1981605529786,58.3829612731933,59.3748863220215,57.5630668640137,54.9099449157715,55.4330480575562,57.6879222869873,60.7395881652832,67.408980178833,71.990707397461,71.8539165496826,67.5210128784179,69.4273654937744,66.081752204895,59.6349679946899,58.025849533081,55.4573314666748,55.5454257965088,57.6697374343872,60.6969640731812,64.1802497863769,68.698051071167,70.8601814270019,66.0709222793578,64.233302307129,67.2778228759766,65.7466625213623,61.7478918075561,60.0675386428834,65.6759700775146,67.3013065338135,67.6725170135498,71.5107059478759,75.0735019683838,78.600118637085,73.1778968811035,68.7446586608887,64.6502067565918,59.9694002151489,57.5369823455811,61.2739583969117,60.3499822616577,60.0063968658447,64.2388916015625,70.6510505676269,72.9436592102051,71.7480289459227,71.1443363189696,65.4108709335327,58.9135955810548,52.1094814300537,51.1214124679565,52.2709489822388,57.9659072875977,62.8126857757569,66.5558204650879,75.2568023681641,72.5782794952392,71.9691604614258,71.5061573028565,67.5260543823242,62.6127490997314,59.4455701828002,57.6683725357056,55.1968326568603,55.0014242172241,60.8214473724365,66.4702571868896
85,67.3661167144775,70.6272899627686,75.0810432434082,83.0692901611328,74.4202243804932,73.1325927734375,66.9149675369262,57.6718296051025,58.5090766906739,61.4991466522217,64.2127243041992,66.6218711853027,69.8271392822265,73.8956249237061,76.5386695861816,73.4880477905274,71.7304920196533,70.705753326416,63.3169004440307,59.7425216674804,59.4050039291382,59.0106355667114,60.4246664047241,63.6111049652099,69.3345474243163,72.622897720337,75.1571968078613,74.0072219848633,71.2005165100098,64.0239019393921,55.1334157943726,49.3059232711792,49.5791288375854,53.5473382949829,58.3386280059814,64.0284282684326,66.4588306427002,74.2191394805909,77.6102935791016,73.395500946045,71.1753337860108,64.3449426651001,59.5128799438477,54.5789329528809,50.9173583984375,56.3920515060425,65.3159034729004,71.0058975219726,72.4558067321777,73.199271774292,78.9848697662354,75.4092651367187,73.7785793304443,65.7761100769043,61.2143102645874,56.2217359542847,56.9519826889037,61.625071144104,65.3574295043945,72.3122341156006,74.8994178771973,76.4240745544434,76.1265789031982,75.5918519973755,68.0192611694336,61.0765733718872,62.3538795471191,60.0160070419311,56.6533058166504,56.6533435821533,59.0328998565674,61.8495403289794,68.5281772613525,73.2448028564454,73.4559341430663,69.3692687988281,71.2482902526856,67.9538917541504,61.0766860961914,58.4689531326294,55.3181390762329,55.3012683868408,57.1219680786132,59.7346195220948,63.3746265411377,68.1800830841065,71.1349365234375,67.0243618011474,64.8835975646973,68.6284461975097,67.433466720581,62.7858659744263,60.8629467010498,65.2603374481202,67.2291561126709,68.0048152923584,72.1659366607666,76.1545658111572,80.6713653564454,76.2313526153564,71.9885299682617,67.9079566955566,62.6798330307008,60.0060920715332,62.365112876892,61.3763748168946,61.1233816146851,65.7104122161865,72.6483345031738,75.6264518737793,74.6243852615357,73.9671344757081,68.5259510040283,62.1841535568237,55.147594833374,53.840821838379,55.3030675888061,60.8823474884033,64.6268608093262,68.5156211853027,78.0078479766846,75.1317237854004,74.5465686798096,75.0026866912842,70.5667392730712,65.0610986709595,61.7222272872925,59.11702003479,56.1321916580201,55.523726272583,61.2550636291503,67.2221912384032
86,54.8205039978027,57.7660999298095,61.972331237793,70.1434143066406,59.7600208282471,58.2722047805785,52.1390752792359,43.2083866119385,44.3085178375244,47.4939432144165,50.3533992767334,52.7446575164795,55.8558479309082,59.465221786499,61.4912145614624,58.2696115493774,56.9508249282837,55.9978384017945,48.5610860824585,45.0992563247681,44.8759321212769,44.6357164382935,46.1269157409668,49.3849313735962,55.3292743682861,58.7810935974121,60.6676591873169,59.0096111297608,56.4809577941895,49.4742963790894,40.8812278747558,35.5831564903259,36.3232391357422,40.2256704330445,44.9682600021362,50.7783992767334,53.3491104125976,61.3575157165528,62.8880138397217,58.0366651535034,56.0911270141601,49.6778919219971,45.065149307251,40.2910865783691,36.8826371192932,42.5878984451294,51.6810796737672,56.9978414535522,57.685408782959,58.1985050201415,64.6057544708252,59.6176187515258,57.9130559921264,50.2511447906494,45.8552289962769,41.412526512146,42.3893087387085,47.4091106414795,51.5111127853394,58.4816207885743,59.9510318756103,60.9520694732666,60.6348012924195,60.4606075286865,53.0583490371704,46.5062465667725,48.341316986084,46.3796001434326,43.2253854751587,43.3767045974731,45.9674085617065,48.7622158050537,55.4118762969971,60.1225303649903,59.9860340118408,55.6266702651977,57.6561759948731,54.0652894973755,47.235072517395,44.7000480651856,41.6527996063232,41.729775428772,43.4779560089112,46.0763366699219,49.8703113555908,55.0036895751953,57.8080417633057,53.4762897491455,51.5493364334107,55.6104593276978,54.1835680007935,49.4072153091431,47.6929985046386,52.0730930328369,54.060120010376,54.6562627792358,58.1493858337403,61.5391681671143,66.5236022949218,61.5649784088135,56.918989944458,52.9021783828736,47.8860227584838,45.532998085022,48.0347337722778,47.454730796814,47.4847389221191,52.3636024475097,59.2383789062501,61.9375759124755,60.1474285125733,58.9027885437012,53.5408748626709,47.6490726470947,41.287813949585,40.4543476104737,42.2076572418213,47.9501235961915,51.5676645278931,55.3444599151612,63.843119430542,59.7861387252808,59.1112844467163,59.7897192001343,55.3336641311646,49.9480321884156,47.053454208374,44.7127931594848,41.9507570266724,41.5902286529541,47.7917348861695,53.8748989105224
87,55.8088024139404,58.6881439208984,62.5599472045898,70.4810787200929,60.1353750228882,58.7172267913818,52.8237478256226,44.2457675933837,45.3837591171264,48.608596611023,51.3705997467041,53.5447595596313,56.4797569274902,59.8381935119628,62.0383697509765,58.5650430679321,57.3241111755371,56.5045099258423,49.408897781372,45.967004776001,45.757618713379,45.4578502655029,46.9180479049682,50.1188470840454,56.0434917449952,59.4106601715088,61.0827342987061,59.2413961410523,56.8025417327881,49.9707536697388,41.5478696823121,36.1686338424683,36.5511528015137,40.2499752044677,44.8866880416871,50.6137165069581,53.2204540252686,61.1045852661132,62.8220457077026,58.005030632019,56.1559768676758,50.1193525314331,45.6309375762939,40.8725257873535,37.5157348632813,43.4087978363038,52.329048538208,57.4738824844361,57.96138381958,58.350044631958,64.6983091354369,59.8097124099731,58.0384334564209,50.6997190475464,46.4237918853759,42.1329259872436,43.0441287994385,48.0033926010131,52.0038066864014,58.8081882476807,59.9982557296753,60.9204235076905,60.6479343414306,60.5696043014527,53.3896734237671,47.1178030014038,49.1195711135864,47.2172075271607,44.1235277175903,44.1862079620361,46.707559967041,49.3264862060547,55.8925594329834,60.3431983947754,60.3808879852295,55.9490468978881,57.9411479949951,54.5146575927734,47.9944162368774,45.6302848815918,42.5118232727051,42.5110385894776,44.1395917892457,46.6951118469239,50.3710329055787,55.4966014862061,58.0745956420899,53.7112445831299,52.0011190414429,56.3816156387329,54.9933595657349,50.309704208374,48.7566379547119,53.1226003646851,54.860673904419,55.2160688400268,58.6213781356812,61.7296585083008,66.5569049835204,61.9101572036743,57.2210760116577,53.4201480865478,48.6577810287476,46.4001014709473,48.8501911163331,48.2097915649414,48.1200622558593,52.8950572967529,59.5745990753174,62.1236576080323,60.6856040954591,59.3840078353881,53.9527788162231,48.3212308883667,42.3970615386963,41.7441061019897,43.4745590209961,49.124646949768,52.5338638305664,55.8739303588867,64.1353042602539,59.7941747665406,59.0820398330688,59.845581626892,55.611226272583,50.4470523834229,47.8315086364746,45.6452463150024,43.0105861663818,42.5769422531127,48.7372596740724,54.7203359603881
88,56.1596405029297,58.6863124847412,62.3651996612549,70.4479927062988,60.0746990203857,58.5912855148316,52.8380207061768,44.5163825988769,45.6191068649291,48.8016035079956,51.6314670562744,53.9045682907105,56.8279346466065,60.0984809875488,61.9485874176026,58.384776687622,57.0752361297607,56.2284173965453,49.1703924179078,45.295129776001,44.94059715271,44.559803199768,45.9290126800538,49.1899768829345,55.2435607910157,58.6641571044922,59.9368799209594,58.3595096588135,55.9615854263305,48.8483602523803,40.4698484420776,35.3906084060669,36.1417833328247,39.5413259506226,43.8144508361816,49.318483543396,51.9681980133056,59.6837800979614,62.0448431015014,57.5159990310669,55.3856023788452,49.42057056427,44.7897506713867,39.9595918655396,36.8187458992005,42.8779691696167,51.669672203064,56.9268869400024,57.6952098846435,58.1731704711914,64.1985483169555,59.3332662582397,57.6512926101685,50.3790119171143,45.9499792098999,41.616711807251,42.5489995956421,47.4897789001465,51.4751638412476,58.4193161010742,59.7989490509033,60.8898296356201,60.7025451660157,60.5432765960694,53.2080728530884,46.6941843032837,48.4057796478271,46.3714187622071,43.2943719863891,43.3715185165406,45.9407361984253,48.699126625061,55.3517066955565,59.8827884674072,60.1370815277099,55.8414882659912,57.7098001480102,54.2117858886719,47.5134294509888,44.9850896835327,41.7882778167724,41.7881839752197,43.4477891921997,46.0217096328736,49.6895565032959,54.6946090698243,57.5488384246825,53.3754999160767,51.5630935668945,56.0589908599853,54.8913982391357,50.3578527450562,48.8284828186035,53.0907094955445,54.8374982833862,55.2344747543335,58.7056276321411,61.8323043823242,66.5365947723389,61.7966424942017,57.0333106994629,53.0878898620606,48.4346059799194,46.1743894577027,48.5073007583618,47.9082437515258,47.8433696746826,52.7900791168213,59.459256362915,62.0888607025147,60.9262279510498,59.5155887603759,53.9509315490722,48.1585533142089,42.1877006530762,41.6668973922729,43.4692731857299,49.1259506225586,52.5875747680664,55.9998077392578,64.1232820510864,59.8154090881348,59.1567987442017,59.9456415176391,55.5793069839478,50.2172935485841,47.5902059555053,45.4281366348266,42.7964504241943,42.3963918685913,48.3906307220459,54.3617218017579
89,55.1596076965333,58.8722038269042,62.7753696441651,70.9730220794677,61.6507474899292,59.2912790298462,52.1938695907592,43.004719543457,43.6730958938599,46.5365526199341,49.7637979507446,52.1426851272583,55.7539028167725,59.7246707916261,62.3199514389038,59.0862443923949,57.8766889572144,55.9509986877441,49.0354536056519,46.7796682357789,46.8328582763672,47.2983592987061,48.9984920501709,52.1220565795899,58.0041225433349,60.8508644104005,62.954008102417,60.3867992401123,56.8983736038208,49.9601850509644,41.5053239822387,36.2896775245666,37.0289142608643,42.0144891738892,47.3503156661987,52.6476781845093,54.9831939697266,62.0275157928467,63.9955364227295,59.3427110671997,57.2284019470214,50.3592397689819,46.4025379180908,42.4056060791016,38.8957630157471,44.7464469909668,53.6290195465088,59.5918727874756,59.3184120178223,59.5386219024658,64.8847509384155,60.5688432693482,59.3388118743896,51.2292825698853,47.6006738662719,43.5719337463379,45.7921453475953,50.6550407409668,54.2419694900513,60.4681936264038,61.3612691879272,61.6989862442016,61.0027976989746,61.0663261413575,53.6761171340942,47.3836620330811,48.7311950683594,47.1985113143921,44.8680313110351,45.6626106262206,48.121944618225,51.1437179565429,57.7155323028565,62.0887786865235,61.2432912826539,56.7172559738159,58.8701990127564,55.490707397461,49.287470626831,48.1811929702758,46.0162744522095,46.1104288101196,48.267606163025,51.3384645462037,54.6242563247681,58.9924055099487,60.4405431747437,55.1369207382203,53.3808265686035,56.4393056869507,54.6669507980347,50.7141153335571,49.4544956207276,55.443148803711,56.7969236373901,56.8812450408936,60.3467597961426,64.1317928314209,66.1878513336181,60.6455020904541,56.8491250991821,53.0246879577637,48.8943521499634,47.1263694763184,51.3208532333374,50.8348747253418,50.4397907257081,54.6699596405029,61.0462497711182,62.7105934143066,60.0178375244141,59.0680532455445,53.6789867401123,47.4744174957276,40.8782918930054,40.1839567184448,41.5774627685547,47.5215291976929,52.3008310317993,55.9735446929932,63.9396722793579,61.538899230957,60.8816801071167,60.1212480545043,56.241773223877,51.5046878814697,48.487550163269,46.8946264266968,44.5377227783202,44.5342737197877,50.6896760940552,56.4330659866333
90,54.749683380127,59.057691192627,63.5912097930908,70.9039466857911,61.0137334823609,58.7920101165771,51.6012950897217,42.2993404388428,42.9437496185302,45.7983505249023,49.0121156692504,51.390957069397,54.8930685043334,59.0191024780273,61.558145904541,58.7286954879761,57.4956596374512,55.4967887878418,48.3036489486694,45.7810699462891,45.6652139663697,46.0891122817993,47.8030374526977,50.9816987991333,56.9526756286621,60.0566570281983,61.9838102340698,59.9240222930909,56.513384437561,49.432971572876,40.7980281829834,35.7414257049561,36.690132522583,41.6101976394654,46.9093008041382,52.1204807281493,54.4791614532471,61.543479347229,63.8608341217041,59.2552289962768,57.0317882537841,50.0012853622436,45.8904960632324,41.7403905868531,38.2127542495728,44.0824882507323,52.92883644104,59.0610103607178,59.0404529571533,59.2813407897949,64.5831806182861,60.5029186248779,59.1105546951294,50.7882862091064,47.0024515151978,42.7971685409546,44.8685667037963,49.6163846969605,53.1865215301514,59.7152780532837,61.0906826019288,61.543059539795,60.8427070617675,60.8302410125733,53.3627759933472,46.8117679595946,48.0217332839966,46.2552299499512,43.7174747467041,44.4654081344605,46.9770740509033,50.1676794052124,56.7832717895508,61.3146305084228,60.5857646942139,56.2713668823241,58.3487293243408,54.9286163330078,48.7087997436524,47.4646446228027,45.1827728271485,45.3095355987548,47.5516361236572,50.7391033172608,54.2381940841675,58.6690832138061,60.3124855041504,55.0861166000366,53.3523706436157,56.4478248596191,54.8297630310059,50.9500940322876,49.7132930755615,55.7412858963013,57.0867820739746,57.0789394378662,60.3912977218628,64.1392879486084,66.3818408966064,60.7083961486816,56.8410865783691,52.9510231018067,48.7171817779541,46.7477085113526,50.811739730835,50.1385684967041,49.8272943496704,54.1810367584229,60.5223945617676,62.0558540344238,59.4679557800293,58.7595922470093,53.4015241622925,47.0926357269287,40.5365148544311,39.7996259689331,41.1722242355347,47.2002801895142,52.1634561538696,56.1379810333252,64.120076751709,61.0284128189087,60.2552927017212,59.9374729156494,56.0997951507568,51.3546249389649,48.3973255157471,46.6843929290771,44.2015409469604,44.1702732086182,50.3114234924317,56.0863412857055
91,63.7257862091065,67.4734001159667,71.941695022583,80.3634647369385,72.1122379302979,70.0376823425293,62.9822454452514,53.6023914337159,54.0830617904664,56.7670206069945,59.703430557251,61.9045188903808,65.3210418701173,69.6648593902587,72.9083820343018,69.9826438903808,68.4538795471191,66.6133825302125,59.2160957336425,56.1867809295654,55.7566276550293,55.8761323928834,57.3259160995483,60.3248764038086,66.0684261322022,69.3260055541992,71.9600925445557,70.9234676361084,67.5540328979493,60.4624248504639,51.7091117858886,46.3480134963989,47.059038734436,51.723376083374,56.840192604065,62.0482170104981,64.3275997161865,71.1527999877931,74.9871562957763,70.4049659729004,68.1028430938721,61.06047706604,56.7314981460571,52.3213016510009,48.82444896698,54.6573503494263,63.2468574523926,69.6832180023193,70.5898845672607,70.8809249877929,75.474507522583,72.7165760040282,70.8009841918945,62.2740129470824,58.2303665161133,53.6446138381959,55.3433403015137,59.7378314971923,63.1435153961182,69.9659755706788,72.4128849029541,73.4647567749024,72.9904430389405,72.6080518722534,64.9278169631958,57.9663455963135,58.7790983200073,56.6762990951538,53.9326168060303,54.4481666564941,56.761092376709,59.8724807739258,66.5792633056641,71.2809623718263,71.1777515411376,67.0474533081055,68.98176612854,65.7635505676269,59.5402717590332,58.0292217254639,55.5515790939331,55.5894411087036,57.7146394729615,60.7607444763184,64.2411991119385,68.7938526153565,71.0307052612304,66.1681913375855,64.3849742889405,67.3858604431152,65.9070877075196,61.979485321045,60.6091287612915,66.4604755401611,68.0179088592529,68.2802619934082,72.0049190521241,75.7708736419677,78.4778533935547,73.056453704834,68.6362091064453,64.5073478698731,59.7812101364135,57.4699222564697,61.1764616012574,60.1385068893433,59.8156139373779,64.0872905731202,70.6166194915772,72.8933723449707,71.5633579254151,70.9118965148925,65.2127593994141,58.676696395874,51.9308689117431,50.9074134826661,52.0567842483521,57.8336214065552,62.6889617919922,66.7131095886231,75.205227279663,72.5425773620605,71.8605155944824,71.4801441192627,67.4533378601074,62.5244150161743,59.4161691665649,57.350757598877,54.6759319305419,54.4554433822631,60.2479480743408,65.9561305999755
92,66.3847869873048,69.8749366760254,74.772269821167,82.824941253662,74.1202659606934,72.854541015625,66.5980031967163,57.3502368927002,58.1455745697022,61.0948347091675,63.7837619781493,66.1718811035156,69.3652889251708,73.4384674072266,75.8825408935547,73.0048492431641,71.3506378173828,70.2421989440918,62.8747308731079,59.2585237503052,58.846480178833,58.395977973938,59.7586721420288,62.9370548248291,68.6190616607665,72.0377643585204,74.3885307312012,73.4738906860351,70.8633995056152,63.7735586166382,54.9356521606445,49.0756015777588,49.4725120544434,53.3701349258423,58.0635665893555,63.7512088775635,66.4095867156982,73.8913871765136,77.4756656646728,73.2438438415527,70.8997692108155,64.0252380371093,59.1795446395873,54.0951648712159,50.4893161773682,56.1130514144898,65.0249126434325,70.7276290893555,72.20390625,73.0756088256837,78.8477294921875,75.160018157959,73.5278438568115,65.5640525817871,60.719454574585,55.5509872436523,56.0660177230835,60.5518880844116,64.2777355194092,71.3739158630372,74.3565391540527,76.1334148406982,75.8546752929687,75.3075733184814,67.8653707504273,60.9569400787354,62.1233106613159,59.6580036163331,56.2253549575806,56.1271408081055,58.5004463195801,61.3406845092773,67.9806365966797,72.7032321929931,72.9108543395997,68.9238611221314,70.8555660247802,67.8981689453125,61.4389724731446,59.0857545852661,56.0275215148925,55.9186637878418,57.6624322891236,60.209430885315,63.824824142456,68.6136459350585,71.4108371734619,67.2974105834961,65.3967075347901,69.2175109863281,68.1794860839843,63.7210353851318,62.0753997802734,66.6767951965331,68.5582317352295,69.2364971160889,73.1326591491699,77.0403873443603,80.8502700805664,76.3423500061035,72.1410804748536,68.160179901123,63.0198987960816,60.5443054199219,62.8845016479493,61.7542650222778,61.4547506332397,65.9396907806397,72.8305206298828,75.6308341979981,74.3616313934326,73.6745151519776,68.4013568878174,62.3019105911254,55.5312673568726,54.263303565979,55.6749324798584,61.2518518447875,64.9145023345948,69.0234333038331,78.1194828033448,75.0824089050293,74.4004749298095,74.9744548797607,70.5953804016113,65.19081325531,61.9638423919677,59.2999040603638,56.2350471496582,55.5016744613648,61.0860210418701,67.0137416839599
93,66.9164760589599,70.1918766021729,74.9815006256103,82.9925331115723,74.2520511627197,73.0623046874999,66.9339611053466,57.7235391616822,58.4453960418701,61.447127532959,64.1305015563964,66.4893577575683,69.7517894744873,73.8403980255127,76.3043075561523,73.2703701019287,71.6297065734863,70.5725303649903,63.2615383148193,59.4721639633179,58.8472185134888,58.3707082748413,59.7336917877197,62.9359264373779,68.7082771301269,72.3018337249756,74.2840915679932,73.4977909088135,71.0921920776368,64.0813577651978,55.3154392242431,49.4133188247681,49.7051475524903,53.4367721557618,58.0290636062623,63.8134719848632,66.5890468597413,74.1384830474854,77.4978630065918,73.2518478393553,70.9584915161134,64.3006147384643,59.3906396865844,54.1051897048951,50.4713439941406,56.2685745239257,65.2044490814209,70.8315654754639,72.3205871582031,73.2332130432129,79.1681461334228,75.2573215484619,73.5419311523438,65.7581840515137,60.8536813735963,55.6431777954101,55.9133895874024,60.443472290039,64.2573078155518,71.463941192627,74.4380714416504,76.2719963073731,75.9965572357177,75.437841796875,68.068906211853,61.2462985992432,62.6945732116699,60.2891311645507,56.771248626709,56.5586885452271,58.8923007965087,61.6397056579589,68.3092128753661,73.0945545196533,73.3420867919921,69.2857900619507,71.219734954834,68.2153640747071,61.7218433380126,59.1629377365112,55.7381813049317,55.5954637527466,57.2597450256347,59.7756727218628,63.3680015563964,68.2201377868652,71.050354385376,67.0956809997559,65.2190292358398,69.2228694915771,68.1298397064209,63.5583766937256,61.8029748916626,66.0395389556886,67.9043186187743,68.6554908752442,72.5934719085693,76.6100521087646,80.7104419708251,76.4051548004151,72.2483806610107,68.1708934783935,62.9345607757569,60.2869232177735,62.2551790237427,61.1810127258301,60.9776252746583,65.6444576263428,72.4592144012451,75.6276168823243,74.7933685302734,74.0031883239746,68.6933181762695,62.6310350418091,55.9299785614013,54.6954679489136,56.1556270599365,61.6894081115722,65.0824882507324,69.2228897094726,78.2179782867432,75.0592693328858,74.4141418457031,75.1400863647461,70.6713241577148,65.1420648574829,62.0026945114135,59.1379592895507,55.9467668533325,55.2226774215699,60.982105255127,66.9619308471679
94,68.0151275634766,71.2869178771973,75.7506381988526,83.2459426879883,74.4688037872314,73.3688537597657,67.3592418670654,58.3078113555909,59.0529047012329,62.1226442337036,64.766745376587,67.0616558074951,70.3548332214355,74.3738010406494,76.8910736083984,73.567911529541,71.9074485778808,70.8902057647704,63.6840564727783,59.7535587310791,59.0536380767823,58.5773271560668,59.9303787231445,63.1152667999267,68.9180995941162,72.5084907531738,74.3999114990235,73.6383224487304,71.2965644836426,64.4374858856202,55.808597946167,49.8956495285035,50.0418149948121,53.6951864242554,58.2220500946045,63.9574920654297,66.7339084625243,74.1189079284668,77.4355682373046,73.1770645141601,70.9768581390381,64.6453472137451,59.7457353591918,54.4342897415162,50.839472579956,56.7635976791382,65.6233879089355,71.2335182189942,72.6736820220947,73.4541511535645,79.3404296875,75.3801536560059,73.7075576782226,66.1421081542969,61.3305734634399,56.1765743255616,56.4835460662841,61.0503599166871,64.8422077178955,72.0710128784179,74.7832893371582,76.4776454925537,76.2552589416503,75.7225189208985,68.4910499572754,61.9073934555055,63.5932823181152,61.341263961792,57.9058492660523,57.6910860061646,59.9844942092895,62.6383880615235,69.5254615783691,73.9735481262207,74.3352226257325,70.132859992981,71.9875663757323,68.9411769866944,62.3730255126953,59.7148639678956,56.0936140060425,55.9022312164306,57.5094449996948,60.0554641723633,63.6377658843994,68.4870170593261,71.2986862182617,67.2875625610352,65.4366088867188,69.733055114746,68.6897708892821,64.1853713989257,62.3929912567138,66.6677806854248,68.4884117126464,69.2083377838135,73.1965496063232,76.9999778747559,80.892776489258,76.650329208374,72.4381893157959,68.369149017334,63.1979207992554,60.4920444488525,62.3945859909058,61.3343156814575,61.1151275634765,65.9089767456055,72.586531829834,75.8848171234132,75.4257320404053,74.5777900695801,69.1855836868286,63.20103931427,56.64476852417,55.504790687561,56.9762971878052,62.4996162414551,65.7740703582764,69.781838607788,78.5995216369629,75.1195663452149,74.4758880615234,75.2234069824217,70.8323875427246,65.3725036621094,62.4157093048095,59.561075592041,56.3805109024048,55.6720291137695,61.5375148773193,67.4812255859375
95,69.2738002777101,72.3740985870361,76.4342235565186,83.5487724304199,74.6768009185792,73.6447696685792,67.8667636871338,59.1009172439575,59.7188781738282,62.6666217803955,65.2789505004883,67.5782844543457,70.8592903137207,74.7839878082275,77.0235694885253,73.5989044189454,71.8762187957764,70.8367568969727,63.8257974624634,59.4643999099731,58.5349729537964,57.8886487960815,59.2066818237305,62.4316421508789,68.1840740203858,71.5643974304199,73.0399272918701,72.3359935760498,70.0419109344483,63.0598068237305,54.5645885467529,48.8749908447266,49.1887823104858,52.4235418319702,56.5180749893189,61.8700881958008,64.5153774261476,71.7640754699707,75.7746307373047,72.1667984008789,69.8256675720214,63.8246887207032,58.9278718948365,53.6211114883423,50.0953405380249,55.870068359375,64.5036258697509,70.1177955627441,71.7502262115479,72.6300006866456,78.1929534912109,75.0054580688476,73.3642639160156,66.0386957168579,61.1469039916993,56.0448150634765,56.3386636734009,60.850622177124,64.5859020233154,71.7501510620117,74.5063987731932,76.3424030303955,76.1402767181397,75.6085998535156,68.4391761779785,61.8127145767211,63.406047821045,61.0232576370239,57.5169744491577,57.1687091827393,59.4567766189575,62.1714962005615,68.9384719848633,73.2454113006592,73.6978439331054,69.8086347579956,71.6997390747071,68.6827259063721,62.0622907638549,59.3586126327514,55.7051591873169,55.4478702545166,57.050527381897,59.5665773391724,63.0957069396972,67.8260841369629,70.7386047363281,66.8897026062011,65.0598346710205,69.6269649505615,68.7766582489014,64.3743646621704,62.5765983581543,66.6221035003662,68.3542823791504,69.0637805938721,73.0053062438965,76.6840213775634,80.8107460021973,76.6988178253173,72.4321277618409,68.3415977478028,63.2853879928588,60.5223718643189,62.3022771835327,61.2503135681152,61.021109008789,65.9145664215089,72.5368412017822,75.7673076629638,75.5274129867554,74.7307064056396,69.3354108810425,63.3570907592773,56.9347213745117,56.0215200424194,57.5212453842162,62.984868812561,66.2056285858155,70.1302169799804,78.7145782470702,75.1732372283935,74.56936378479,75.4045402526856,70.9807292938233,65.4673805236816,62.6233108520508,59.951559638977,56.7361747741699,55.9687879562378,61.5760513305664,67.4370872497558
96,55.2906661987305,58.724584197998,62.6325637817382,71.0538421630859,61.9496877670288,59.87194480896,53.1846035003662,44.1984823226928,44.6459257125854,47.3290946960449,50.2956861495971,52.4219192504883,55.8465412139892,59.5378673553467,62.1542718887329,59.0319675445556,58.0752109527588,56.4838079452514,50.0930610656738,47.963623046875,47.8568115234375,48.1467679977417,49.7094234466553,52.5547521591186,58.0209213256836,60.6149421691894,62.8149166107177,60.4433012008667,57.3336750030517,51.0408786773682,43.1662433624267,37.5750661849976,37.4643230438233,42.2363674163819,47.4863067626953,52.6699501037597,54.9829849243165,61.9935358047485,63.9657608032227,59.3909523010254,57.6476390838623,51.6700172424316,48.3605470657349,44.4260965347291,40.716004371643,46.4468837738037,55.0543954849243,60.3164703369141,59.4079856872559,59.5242698669433,64.9611576080322,60.8601005554199,59.7048236846923,52.4439491271972,49.2025796890259,45.2404212951661,47.2994602203369,52.0598024368286,55.4527746200561,61.1713594436645,61.5637313842774,61.4534677505493,60.8502332687377,60.9581457138062,54.048466682434,48.4971994400025,50.4295963287354,49.1684415817261,46.7713947296143,47.4174600601197,49.7270603179932,52.4999099731445,58.5939464569091,62.3927352905274,61.5199823379516,56.9679494857789,59.4810705184937,56.4331708908081,50.5852914810181,49.583595085144,47.1834936141968,47.0939886093139,49.1621459960937,52.2064287185669,55.0232093811034,59.2974588394166,60.5822542190552,55.288416481018,53.8401056289672,57.1198287963867,55.7561107635498,52.0080438613891,51.0866203308106,56.8304878234863,57.6894231796265,57.3560050964356,60.4109466552734,63.9231918334961,66.2826068878174,60.9100431442261,57.2869216918945,53.877647781372,50.0507732391358,48.3475456237793,52.3790576934814,51.6906181335449,51.2025709152222,55.1335399627685,61.2574317932129,62.7396770477295,59.9954805374146,59.0525575637817,54.0029037475586,48.3142101287842,41.9725013732911,40.9406368255615,42.0522840499877,47.9808429718018,52.4151762008667,56.127933883667,64.0535348892212,61.5442090988159,60.9316564559937,60.0933343887329,56.5494287490845,52.3653720855713,49.7155620574951,48.2029640197754,45.7161087036134,45.6067184448243,51.5878519058228,57.0900148391723
97,55.049507522583,60.0481147766114,65.1652099609374,70.4629058837892,60.4801473617554,58.7734102249145,51.9188621520997,42.6518621444703,43.141792678833,45.8681427001953,48.9136932373048,51.1250074386597,54.5484714508057,58.6096084594726,61.0309125900269,58.4459804534912,57.4296459197998,55.6390451431274,48.6594690322876,46.1059228897094,45.8203100204468,46.132947921753,47.7660686492919,50.8464340209961,56.6345504760743,59.6400699615478,61.404683303833,59.6535289764403,56.5975145339965,49.8755960464477,41.5130977630616,36.1946908950805,36.7443662643433,41.5412666320801,46.7429100036622,51.863565826416,54.2295555114747,61.2336072921753,63.7485383987428,59.2293895721436,57.1739791870118,50.6619983673096,46.8512161254883,42.5762660980225,38.9344600677491,44.8530035018921,53.5782283782959,59.4093158721924,59.0594017028808,59.2928287506104,64.528835105896,60.500185585022,59.2418172836304,51.3944547653198,47.6332847595215,43.3330163955689,45.2476133346558,49.9482042312622,53.4778240203857,59.8949644088745,61.1681247711182,61.3690420150757,60.600841331482,60.5016401290894,53.3774709701538,47.2625541687012,48.7461982727051,47.0829502105713,44.5088483810425,45.1733274459838,47.6247854232788,50.7031787872315,57.0941692352295,61.3861381530762,60.5723728179933,56.3152460098266,58.6310897827148,55.4404151916503,49.2898439407348,48.0615737915039,45.6927120208741,45.5924160003662,47.7754430770874,50.9357368469238,54.192656326294,58.5174976348876,60.1794309616089,54.9963424682618,53.4088871002197,56.6237756729127,55.2098333358764,51.4083864212037,50.3987915039063,56.2967491149903,57.3645792007446,57.1525960922241,60.3964632034303,64.1687614440918,65.8397583007812,60.4352027893067,56.8142152786255,53.1221786499024,48.9434295654297,47.0079263687133,50.9502143859863,50.1599618911742,49.8335908889771,54.0755336761474,60.279832458496,61.8474925994874,59.4261833190918,58.8572164535523,53.6118906021118,47.5096172332763,40.900918006897,39.9641742706298,41.168450164795,47.1070566177369,51.6701797485351,55.7115188598633,63.7858140945434,61.0774665832519,60.2825403213501,59.8778518676758,56.2244146347046,51.7419017791749,48.8829248428345,47.024794960022,44.4039209365845,44.2597681045533,50.2744108200073,55.9566877365113
98,49.9688812255859,54.5931316375733,60.1220169067382,66.4315040588378,55.8249757766724,53.9415060043335,47.220966911316,38.2287799835206,38.9018480300903,41.6036434173584,44.4953397750854,46.6531427383423,50.0048084259033,54.1410095214843,56.5200965881347,53.8585741043091,52.7961793899536,51.1642848968505,43.9723958969116,41.18557472229,40.7896383285522,40.908802986145,42.4094806671143,45.4371755599975,51.1667247772216,54.4524597167968,56.4936750411987,55.0492101669311,51.9694021224975,45.2204465866089,36.9363285064697,32.0653010368347,32.8797290802001,37.5208227157593,42.6200113296508,47.7330266952514,50.0638763427734,57.0388401031494,59.3642992019653,54.3661226272583,52.2835048675537,45.6820877075195,41.8060138702393,37.6353168487549,34.321823501587,40.4484777450562,49.0990966796875,55.0658573150635,54.8019086837768,54.9674236297607,60.236943435669,56.2672231674195,54.4204124450684,46.3903430938721,42.5547342300415,38.2997547149658,40.1817598342896,44.7091440200806,48.2972827911377,55.0892621994018,56.6765119552612,57.1422761917115,56.406805229187,56.3413324356079,49.0278329849243,42.6204101562501,43.989965248108,42.2203052520752,39.5359951019287,40.1549026489258,42.5683586120606,45.7082637786865,52.1756671905517,56.5675079345702,56.1934427261353,52.0049636840821,54.204575920105,50.9606912612915,44.8943231582642,43.7174919128418,41.3328397750855,41.3384147644043,43.5335535049438,46.743546295166,50.2388780593872,54.6675964355469,56.1351442337037,50.898042678833,49.4065563201904,52.6627147674561,51.2197063446046,47.3459285736085,46.4059955596924,52.4403316497802,53.4968753814697,53.1307859420777,56.2162616729736,59.9174385070801,62.4888925552368,56.4673723220826,52.4445177078247,48.627153968811,44.5131809234619,42.6733037948608,46.6430406570434,45.8080793380738,45.6117963790894,49.9138885498047,56.0511291503906,57.6282676696778,55.3374170303345,54.6497056961059,49.2498420715332,43.1224702835082,36.8598770141601,36.2434041976928,37.487566947937,43.3331253051758,47.9358226776123,51.9282020568847,59.8305637359619,56.5955972671509,55.8664331436157,55.5003377914428,51.6124195098877,46.9985099792481,44.2564743041992,42.4838550567627,39.9524183273315,39.8742164611816,45.8906240463257,51.635516166687
99,53.5571998596191,57.5460632324218,62.9179626464843,69.9833026885986,59.0939554214478,57.7184791564942,51.6155401229859,42.6583850860595,43.6317558288574,46.6226846694946,49.2311725616455,51.4769960403442,54.5104616165162,58.226160812378,59.955590057373,57.4469877243042,56.3104314804077,55.3314590454102,48.1175844192505,44.7040510177613,44.3719739913941,43.9264499664306,45.3124227523804,48.4436925888061,54.0370265960693,57.4522914886474,59.2112915039062,58.1280443191529,55.9245550155639,49.2655204772949,40.8474149703979,35.3817927360534,35.9357334136963,39.7965114593506,44.4463624954224,50.0272430419922,52.7073776245117,60.4358024597168,62.6601842880249,57.9067766189575,55.7592412948608,49.3036191940307,44.8585308074951,39.9635217666626,36.6064972877502,42.4893310546875,51.4551362991333,56.8416269302368,57.3549720764159,57.8981296539307,64.0472629547119,59.359063911438,57.7273063659667,50.2358207702637,45.6435382843017,40.8735759735107,41.6938579559326,46.3535816192627,50.2402793884277,57.39661693573,59.4415588378906,60.5080963134765,59.6830135345459,59.3546136856079,52.5368001937866,46.3059089660645,48.0872999191284,46.1176208496093,42.8733276367188,42.9490564346313,45.4806886672974,48.3854217529296,54.796607017517,59.2583171844483,59.0934049606324,55.1165390014648,57.4064571380615,54.3641162872315,48.0338399887084,45.8384965896607,42.7603319168091,42.6236455917359,44.4096977233886,47.1629261016846,50.8834180831909,55.8411333084106,58.3105571746827,53.7500761032104,52.0183815002441,56.0479824066162,54.9606168746948,50.4733514785766,49.2047946929932,54.0133350372314,55.6138830184937,55.8456756591797,58.8882236480712,62.1707504272461,66.1155550003052,60.7731803894043,56.6779014587402,52.9867752075195,48.4764223098755,46.5139039993286,49.1086206436157,48.3498418807983,48.2631200790405,52.87873878479,59.2082004547119,61.0890625,58.7158281326294,57.8713195800781,52.9240215301513,47.3372261047363,41.0811140060424,40.2169883728027,41.7867332458496,47.445796585083,50.8998649597169,55.0705654144287,63.3327083587647,59.7230104446411,58.959942817688,59.5083011627198,55.2792774200439,50.1685451507568,47.3877071380616,45.0808156967163,42.2430988311768,41.6877147674561,47.4574520111084,53.4474895477295
100,53.8386791229248,57.2758991241456,62.3223655700684,70.2372436523438,59.5124807357788,58.0756971359253,52.0313119888306,43.1893640518188,44.1516941070556,47.2180522918701,49.8155538558961,51.9956872940063,54.9745334625244,58.522477722168,60.6334344863891,57.8944301605225,56.6853309631348,55.7332590103149,48.6280006408692,45.0935951232911,44.6212070465088,44.1598134994507,45.5615762710571,48.6826446533203,54.332085609436,57.8185066223145,59.5726999282837,58.4110490798951,56.3942234039307,49.9560651779175,41.762421989441,36.1413805961608,36.4145904541016,40.1254962921142,44.7308456420898,50.4877124786377,53.3059432983398,61.0304872512817,62.9112937927246,58.0227994918824,56.0347799301148,49.8595251083374,45.5193008422851,40.5202175140381,37.0997039794922,42.9916675567627,51.9807275772094,57.2112384796143,57.7178165435791,58.3100559234619,64.5508750915528,59.7442176818847,58.0333282470703,50.8147966384887,46.3842567443848,41.6786968231201,42.251647567749,46.9547800064087,50.9293336868286,58.0194267272949,59.7031784057616,60.7372503280639,60.0388357162476,59.8089038848877,53.0255411148071,46.9227060317993,49.0482091903686,47.2966856002807,44.0513763427735,44.0189207077027,46.5132640838624,49.2714313507081,55.7228969573975,59.9329883575439,59.8896001815795,55.6507047653198,57.8578485488892,54.766647529602,48.5044061660766,46.2244939804077,42.8894514083862,42.6884622573852,44.3589525222778,47.030259513855,50.7575183868408,55.7976940155029,58.266757774353,53.8216735839843,52.0832509994507,56.4431615829468,55.4244802474975,50.8989652633667,49.4565124511719,53.926775932312,55.5254163742066,55.8066558837891,58.7695196151733,61.8907386779785,66.2382949829101,61.2744672775268,57.0734579086304,53.4152629852295,48.9955263137817,47.0778211593628,49.4274101257324,48.7009819030762,48.604517173767,53.2802867889404,59.4909694671631,61.5655181884765,59.3645626068115,58.3049718856812,53.4152740478516,48.0209680557251,41.9813928604126,41.2267852783203,42.848680305481,48.5151231765747,51.712334060669,55.7301635742188,63.7007326126098,59.6997909545898,58.9359748840332,59.6943031311036,55.4833740234375,50.3424133300781,47.8038414001464,45.5344944000244,42.6743986129761,42.0663927078247,47.8886791229247,53.816561126709
101,65.3869640350342,68.4591129302978,73.4734306335449,82.5038776397705,74.0860530853271,72.8150051116943,66.550979423523,57.257649230957,57.8895584106445,60.8528722763062,63.3892879486083,65.5932514190673,68.8089046478271,72.9797374725341,75.9173282623291,73.0629840850831,71.3216331481935,70.0515411376954,62.6600669860841,58.4532926559448,57.5422821044922,57.0019062042236,58.3649833679199,61.5295749664306,67.134483718872,70.7623142242432,72.7186721801758,72.4820613861084,70.4414558410644,63.8121196746826,55.3866577148437,49.4511466979981,49.68030834198,53.3748422622681,57.8884080886841,63.5922920227051,66.4774829864502,73.849662399292,77.3659301757813,73.1919807434082,70.9402702331544,64.5091026306153,59.6040788650513,54.1055168151855,50.3793064117432,56.1375810623168,65.082039642334,70.8252529144287,72.3218879699707,73.3459659576415,79.2407402038575,74.9875137329101,73.4110137939453,65.9134111404419,61.0487272262573,55.8174308776855,56.0262992858887,60.5251165390014,64.3214653015137,71.6400127410888,74.5808723449707,76.4185279846192,76.0676307678223,75.4825979232788,68.2889419555664,61.694715309143,63.4514568328858,61.2546613693237,57.697610282898,57.4166076660157,59.7239561080933,62.4210151672363,69.4905406951904,73.6217861175537,73.9690507888794,70.037308883667,71.8923400878907,68.8154651641845,62.0744773864746,59.249451828003,55.412082862854,55.08889503479,56.7287839889526,59.35696849823,62.9493923187257,67.7756637573242,70.7143669128417,66.8310754776001,64.9229232788086,69.2157890319825,68.2815452575684,63.7212985992431,61.8197099685669,65.9024097442626,67.7160140991211,68.5251857757569,72.5079990386962,76.5826618194579,80.6450286865235,76.4913764953613,72.3706272125245,68.2617218017577,63.0457832336426,60.4778739929199,62.2646934509277,61.1562746047974,60.9645450592041,65.6824264526367,72.2170471191406,75.3198223114015,74.8388410568237,74.0695850372315,68.8038595199585,62.7752452850341,56.0672422409057,54.9703714370728,56.303583908081,61.8380508422852,64.9387157440186,69.2505592346192,78.018904876709,75.040295791626,74.3678424835205,75.0708122253418,70.566516494751,64.8831150054932,61.8226692199707,58.9146129608154,55.5911714553833,54.8462312698364,60.5211685180664,66.378246307373
102,51.8284267425536,56.7026023864746,61.8554035186767,66.8051952362061,56.5537401199341,54.8916250228882,48.4671495437621,39.4222787857056,39.7626794815063,42.2837558746338,45.0514915466309,47.0773128509521,50.6900438308716,54.7231407165528,56.524450302124,53.856827545166,53.1312467575074,51.8811826705932,45.5974658966064,43.2802797317505,42.851040840149,43.023613357544,44.5287446975709,47.4210550308227,52.917734336853,55.7354354858399,57.35567111969,55.259557723999,52.1946710586548,46.0299741744996,38.3196859359741,32.9329110145569,32.9199310302735,37.4506174087525,42.465541267395,47.5288045883179,49.9022575378418,56.7655004501342,59.277896308899,54.4326385498047,52.5658889770508,46.9356800079345,43.8443574905395,39.8133615493775,36.115251159668,41.7817405700684,50.2438032150268,55.6990907669067,55.0084184646606,55.0941677093506,60.3001295089722,56.5345525741577,54.8992593765258,47.8548484802246,44.5153549194337,40.3768598556519,42.3333696365357,47.1411020278931,50.6712175369262,56.7717733383178,57.2254011154175,57.2655843734742,56.5668609619141,56.515774345398,49.4951416015625,44.0395540237427,46.0909589767457,44.8457973480225,42.2946455001831,42.9124494552612,45.2318740844727,48.1537687301635,54.3740371704101,58.1470630645751,57.2653963088989,52.6054874420166,55.2213129043579,52.2504369735718,46.4216493606567,45.2006132125855,42.5595256805419,42.3867902755737,44.4268543243409,47.4946231842041,50.4870216369628,54.9350372314453,56.1909112930298,50.8574520111084,49.4467693328857,52.7829946517945,51.4123365402221,47.5655334472657,46.9010250091552,52.4057834625244,53.2778633117676,52.95894947052,56.0899145126343,59.63893699646,62.2426557540894,56.4856533050537,52.5826164245605,49.1913572311401,45.5066312789917,43.4378831863404,47.3653085708618,46.6491357803345,46.3388330459595,50.4258991241455,56.5859569549561,58.6719928741455,56.6920104980469,55.5458040237427,49.9660591125488,44.1346517562866,37.7265644073487,36.6220567703247,37.5862045288085,43.4756656646729,47.661445236206,51.421181488037,59.6768739700317,56.7553817749024,56.0801889419556,55.315242767334,51.6369916915893,47.53617477417,45.0956274032592,43.3609241485596,40.6985038757325,40.5374055862427,46.4425722122192,52.0818529129029
103,50.9813346862793,55.5606662750244,60.6160217285156,66.7105690002441,56.5010997772217,54.9329126358032,48.5157587051392,39.4223480224609,39.7980339050293,42.3272804260254,45.056477355957,46.9741237640381,50.374624824524,54.3792423248291,56.6156612396241,53.9937330245972,53.3278472900391,52.0368858337403,45.4809438705444,42.9700445175171,42.4703258514404,42.6330793380736,44.123921585083,46.9873479843139,52.4974712371826,55.4186088562012,57.1635934829713,55.3375284194946,52.441621017456,46.3372924804688,38.5337997436524,33.0209791183472,33.0403596878052,37.5893882751465,42.5917577743531,47.5819606781005,49.9366794586182,56.7129360198975,59.284494972229,54.5030668258667,52.7359851837158,47.1575609207154,44.1039276123046,40.0036420822144,36.3249509811401,42.1763790130615,50.681268119812,56.03177318573,55.1643194198608,55.1919605255128,60.3456256866455,56.6321628570557,55.0214445114136,47.9066986083985,44.4668334960938,40.20719165802,42.1356630325318,46.9045394897461,50.4536226272583,56.5791822433472,57.1695608139038,57.1196895599365,56.6941999435425,56.7707326889039,49.7525959014893,44.1698160171509,46.2543626785279,44.9432392120362,42.337070274353,42.9522447586059,45.3296487808227,48.2388706207275,54.4406921386719,58.1179912567139,57.5024679183961,52.8686920166015,55.4983058929443,52.3875463485718,46.3691226959229,45.0394966125488,42.3985488891601,42.155399131775,44.1673469543457,47.2411596298219,50.2293781280518,54.6017082214356,55.9971792221069,50.8704641342163,49.546143913269,52.9529026031494,51.5328109741212,47.7268064498901,47.0551040649414,52.5632314682007,53.343809890747,53.0012760162353,56.1232851028442,59.8013622283936,61.8111701965333,56.2473026275634,52.5335847854614,49.1953395843505,45.5700046539307,43.6516668319702,47.5702728271485,46.7711116790772,46.4499197006226,50.4506195068359,56.5428531646728,58.6059577941894,56.8424915313721,55.7317337036132,50.0892791748047,44.2695693969726,37.8776569366455,36.8900690078735,37.9062814712524,43.7963317871094,47.983840560913,51.8490386962891,59.5247163772583,57.0118457794189,56.4811054229736,55.539095878601,51.9314874649048,47.8572496414184,45.318748664856,43.5161470413208,40.8716018676758,40.6538080215454,46.5124656677246,52.2502244949341
104,54.5706394195557,60.1382625579834,66.0974048614501,69.8257328033447,59.4482692718507,58.3113313674927,51.9686975479125,42.7166158676147,43.111178779602,45.7474708557129,48.5225395202637,50.6382522583009,54.0338800430297,58.1339092254638,60.0652547836303,57.8101812362671,56.8858312606811,55.4267190933227,48.4709205627442,45.5767257690429,44.9453025817871,45.0113176345825,46.6002798080444,49.6560359954833,55.2853433609009,58.5137092590332,59.978803062439,58.7897729873657,56.0235612869263,49.5490613937378,41.2793884277344,35.8766085624694,36.3512617111206,40.9870590209961,46.0029256820679,50.9774696350098,53.4399341583251,60.2825220108032,63.3629705429076,58.9515642166138,56.7421716690063,50.5471988677978,46.9793397903442,42.5565582275391,38.8219551086425,44.876575088501,53.4811222076416,59.233366394043,58.8941585540771,59.168803024292,64.1413242340088,60.2421527862549,58.9950160980224,51.425154685974,47.5653060913087,42.9527496337891,44.662533378601,49.2578943252564,52.8067802429199,59.3762893676758,61.0415578842163,61.4605386734009,60.6085000991822,60.2802083969116,53.1722921371459,47.0952388763427,48.7719341278076,46.9911731719971,44.2054475784302,44.7724786758423,47.2047853469849,50.3162607192993,56.7666934967042,61.0389720916748,60.3744316101074,56.2783538818359,58.7652059555054,55.7092882156372,49.6421962738037,48.1688465118408,45.3745096206665,45.1268560409546,47.2520820617676,50.4759338378907,53.8558319091797,58.2416469573974,59.9652080535888,54.7758319854736,53.2018398284912,56.4661813735962,54.9356973648071,51.1396619796753,50.2974910736084,55.8559127807617,57.0021984100341,56.9676189422608,60.3137147903442,63.951522064209,65.342035293579,60.1163274765015,56.5029661178589,52.8009378433228,48.7974170684814,46.7694005966186,50.4376476287841,49.4306407928467,49.1511732101441,53.3893646240235,59.347582244873,61.255016708374,59.285164642334,58.5718221664429,53.2213073730469,47.1902206420898,40.5668487548828,39.6854459762573,40.8546585083008,46.7737962722778,51.0671028137208,55.2553024291993,63.3684114456177,60.9636390686035,60.143906211853,59.6365907669067,55.9046722412109,51.4434434890747,48.6200035095216,46.5230222702027,43.7098775863647,43.4567569732666,49.3619060516357,55.1328895568847
105,53.8616706848145,58.6396877288818,64.8102088928223,69.5945634841918,58.2493822097778,57.3602184295654,51.6947225570679,42.7352540969848,43.5450958251953,46.3794103622436,48.782988357544,50.9027816772462,53.9635862350464,57.6991813659668,59.3332822799683,57.1194675445557,56.0591463088989,55.2466686248779,48.2621337890625,44.8757877349853,44.295519065857,43.73980884552,45.1171705245971,48.1915456771851,53.6526987075805,57.0917415618896,58.5874031066895,57.6096715927124,55.5151321411132,49.0724866867066,40.8128622055053,35.2547647476196,35.5279874801635,39.2673273086548,43.7902744293213,49.2100374221801,51.9826641082764,59.6023775100708,62.2840183258057,57.7266174316406,55.4587081909179,49.346577835083,45.2076105117798,40.2812229156494,36.7343099594116,42.4304779052735,51.3184064865112,56.5574811935425,56.9664840698242,57.5732574462891,63.5414510726929,59.0455144882202,57.6497327804566,50.5051572799683,45.9057369232178,41.106100654602,41.8459917068481,46.4867828369141,50.3039138793945,57.283341217041,59.3118074417114,60.4775171279907,59.6126070022583,59.1988271713256,52.4054414749146,46.3588106155395,48.527060508728,46.6153434753418,43.3238170623779,43.2920948028565,45.7991733551025,48.6477561950683,54.9936061859132,59.2954097747803,59.1461250305175,55.2341249465943,57.7525463104248,54.761289024353,48.446301460266,46.1205265045165,42.828742980957,42.4512878417969,44.136778831482,46.8334972381592,50.4948049545288,55.3321420669556,57.862240409851,53.3496994018555,51.5255149841309,55.6499809265137,54.6696744918824,50.2165924072266,48.9802221298218,53.4970891952515,55.092233467102,55.400429725647,58.5820686340332,62.0465938568116,65.3992565155029,60.059698677063,56.2373805999756,52.6143079757691,48.5522481918335,46.7076658248902,49.1843971252442,48.3984231948853,48.3225467681885,52.8644340515137,58.835810470581,60.6441822052002,58.5507030487061,57.5646741867065,52.5496089935302,47.0381479263306,40.7413223266602,40.0125387191772,41.5733854293823,47.162435913086,50.2693553924561,54.5469505310059,62.859810256958,59.6761928558349,58.8324195861817,59.2466241836548,55.0662986755371,50.1257839202881,47.4272743225097,45.0075664520264,41.9650617599487,41.2820430755615,46.9054347991944,52.9058742523194
106,52.863623046875,56.8891704559326,63.2485645294189,69.6605655670167,58.4578620910645,57.3438400268555,51.4056526184083,42.4077625274658,43.3079494476318,46.2285257339478,48.6442806243896,50.7516925811768,53.798860359192,57.4994525909424,59.4394636154174,57.221028137207,56.0149021148681,55.1066007614135,48.0019412994384,44.3875366210937,43.6963157653808,43.1264389038086,44.4950826644898,47.5824844360352,53.1176454544068,56.7990947723388,58.438860321045,57.6061912536621,55.7338752746583,49.3237861633301,41.147055053711,35.572594165802,35.8975955963134,39.5446434020997,44.0573490142822,49.7126358032226,52.5734828948974,60.328201675415,62.5632680892945,57.8200515747071,55.5489990234375,49.4247743606568,45.1487789154053,39.9797899246215,36.4498434066773,42.0945432662964,51.036056137085,56.2555627822876,56.9655570983886,57.7823501586915,63.9968971252441,59.3674104690552,57.819361114502,50.6706029891968,45.9589675903321,41.1125282287597,41.6495286941529,46.3721965789795,50.2745328903198,57.4504859924316,59.389243888855,60.6477684020995,59.88768825531,59.469976234436,52.5820945739746,46.4197694778443,48.7032640457153,46.8008644104004,43.4504186630249,43.3942836761475,45.9462074279785,48.7226774215698,55.3386447906494,59.391049194336,59.5721897125244,55.5392448425292,57.8473512649537,54.5662044525147,48.0388975143432,45.4220104217529,41.9728702545166,41.6589159011841,43.2769714355469,45.9048469543457,49.665870475769,54.6851224899292,57.4680837631226,53.1481801986694,51.2272064208985,55.5768947601319,54.5869985580445,49.8250944137574,48.2425218582154,52.3870944976806,54.1371454238892,54.7607208251953,58.1078447341919,61.5843421936036,65.6405511856079,60.4846014022826,56.5041982650756,52.8718328475952,48.6528528213501,46.6776941299438,48.8720203399658,48.0775976181031,48.0267770767212,52.7738594055175,58.8377235412597,60.9344512939453,59.0627452850341,57.9074939727783,52.8630289077759,47.2757621765137,40.902296257019,40.3073135375976,41.9419994354248,47.582152557373,50.5801221847534,54.8686012268066,63.0729625701904,59.6355266571045,58.8186489105224,59.4439226150513,55.0300970077514,49.7701684951782,47.0217489242554,44.5480396270751,41.5380250930786,40.9023118972779,46.6260227203369,52.6036794662476
107,52.8620628356934,56.9103427886962,63.337495803833,69.7145616531372,58.4893604278564,57.3290727615356,51.1917898178101,42.2589267730713,43.2761545181275,46.3092636108399,48.7293682098389,50.8307525634766,53.8308139801025,57.6196872711181,59.7913352966308,57.4639726638794,56.2156196594238,55.2250473022461,48.0494243621826,44.2195098876954,43.4506965637207,42.8955673217773,44.246706199646,47.330397605896,52.9063478469849,56.6581827163696,58.2330751419067,57.5299896240234,55.7762649536133,49.3927461624146,41.2693416595459,35.6658306121826,36.0028688430786,39.6061832427979,44.0912889480591,49.7388126373291,52.6263801574707,60.3085439682007,62.5785390853882,57.8107925415039,55.6485906600952,49.5933698654175,45.209026145935,39.9258218765259,36.3844627380371,41.9143829345703,50.8036092758179,56.0690732955933,56.972029876709,57.8739517211915,64.1634120941163,59.5265617370606,57.8853929519653,50.7932947158814,46.0731948852539,41.2014198303223,41.6974632263184,46.4997068405151,50.4866716384888,57.6905138015747,59.4933818817139,60.8317533493041,60.0790609359741,59.7650854110718,52.8469032287597,46.5718481063843,48.7971664428711,46.970574760437,43.5429874420166,43.516407585144,46.0586402893067,48.8202333450317,55.6819599151611,59.5603195190429,59.8687036514282,55.8792150497436,58.0961826324463,54.5450174331665,47.9404605865478,45.2965381622314,41.7644874572754,41.5445934295654,43.246457862854,45.9666360855103,49.7967178344727,55.0428174972534,57.8979406356812,53.5290121078491,51.635645866394,56.1286012649537,55.1219881057739,50.2078170776367,48.5142681121826,52.6834491729737,54.439105796814,55.0280979156494,58.4166305541992,61.7413314819336,66.0956216812134,61.2744537353516,57.0451881408691,53.2904558181763,48.8846439361572,46.6439767837525,48.8553131103515,48.1879875183106,48.2463001251221,53.1218368530273,59.2657669067382,61.5891227722167,59.9540229797364,58.623934173584,53.5251913070678,47.8018188476563,41.4255098342896,40.89130859375,42.6299552917481,48.470156288147,51.6572326660156,56.0328033447266,63.6133663177489,59.731643486023,58.9995347976684,59.7552192687988,55.3123937606811,49.934338760376,47.1981542587281,44.7892868041992,41.846829032898,41.4077905654907,47.2702228546143,53.3318132400512
108,54.0860706329346,58.5527481079102,64.5061161041259,70.0176725387573,58.6452793121339,57.7201822280883,51.7075536727905,42.8401767730712,43.6551649093628,46.6097518920899,49.0465999603271,51.1784191131592,54.0984647750854,57.6741092681885,59.791275215149,57.4941925048828,56.2797288894653,55.3638219833374,48.3973754882812,44.1289289474487,43.1476089477539,42.441667175293,43.7517930984496,46.8776489257813,52.365873336792,56.0894304275512,57.6040004730225,57.0762853622437,55.4638740539551,49.1605180740357,41.1419374465942,35.3471544265747,35.4443126678467,38.7077472686767,42.9105140686036,48.3741785049438,51.2638698577881,58.8413568496705,61.8252416610718,57.4924798965455,55.3340503692626,49.5420064926148,45.1939867019653,39.8330669403076,36.1111438751221,41.4167430877686,50.1106346130371,55.4522966384888,56.5630554199219,57.4234241485595,63.6835533142089,59.4170011520386,57.7343557357788,50.918706703186,46.3043279647827,41.3960926055908,41.7457984924316,46.5359729766846,50.5227714538574,57.5717370986939,59.3705461502075,60.7673612594605,59.974609375,59.7007751464845,52.9603096008302,46.7506391525269,48.8834268569945,46.8692693710327,43.3015161514282,43.186212348938,45.6758764266968,48.4377857208252,55.2245140075684,59.212788772583,59.6245876312256,55.8601919174195,58.1387514114379,54.8162252426147,48.3819540023803,45.6956007003784,41.9978784561157,41.6740427017212,43.2511514663696,45.8995391845703,49.6725610733032,54.8904327392578,57.7241039276124,53.4973043441773,51.7153408050538,56.5426326751709,55.6976280212402,50.8408544540406,49.0819477081298,52.9314250946045,54.6083156585693,55.0492679595948,58.3942106246948,61.5219760894775,66.0046640396117,61.5100196838378,57.2388265609741,53.5871118545532,49.3226160049439,46.8879487991333,49.0187007904053,48.3228919982909,48.3359107971191,53.2139526367188,59.3046752929687,61.7289379119872,60.3545457839966,58.8614568710327,53.891029548645,48.446619606018,42.2803787231445,41.6787109375,43.2715036392211,49.0712575912475,52.2571981430054,56.539083480835,63.6854160308837,59.7838029861449,59.1292585372925,59.9020711898804,55.4977680206299,50.317332458496,47.8808254241943,45.4746055603027,42.280648803711,41.7126392364503,47.418173789978,53.3848728179932
109,57.1061103820801,60.6631317138671,65.6677448272705,71.9147037506103,61.1823532104492,61.4641181945801,55.2273277282715,46.2910875320434,46.6239572525024,48.618396949768,51.1114055633545,52.8032318115234,55.6087160110473,59.6997890472412,62.4742244720459,59.5855541229248,58.8571273803711,57.0003618240356,52.1770053863525,50.4230127334594,49.981056022644,50.9529052734375,52.8064334869385,55.0002357482911,59.4678855895996,61.9767543792725,62.6901628494263,59.8701921463013,58.2663482666016,52.4511545181275,45.0652639389039,38.997215461731,37.2532840728759,40.3331911087036,44.9947526931763,50.6805501937866,53.4477962493896,61.3450254440307,62.672006225586,58.6078859329224,56.6855199813843,54.0084915161133,52.6103458404541,49.3826644897461,45.2926750183106,51.1606910705566,59.7242649078369,62.3319953918457,60.2127124786377,61.1147560119629,66.0167348861694,60.7853244781494,60.9755994796753,56.2722549438477,52.5788488388062,47.3338670730591,49.5387025833131,53.5689809799195,57.2547164916992,63.2914752960205,62.0473278045654,61.6298038482667,63.076519393921,62.7918601989747,55.6743061065674,52.3300249099731,54.4966461181641,52.7535318374633,50.0869091033936,50.6611345291138,54.4076398849488,57.6960803985596,61.9848480224609,64.8249229431152,63.9043941497802,58.150693321228,60.9610572814941,58.8462953567505,52.4927778244018,51.2393316268921,47.7792123794555,48.0325065612793,50.7840320587159,54.8730289459228,57.9744800567626,61.410524559021,62.5611875534058,56.5755397796632,54.9435268402099,61.0021701812745,60.163006401062,56.1985063552856,53.2898578643799,59.7531196594239,59.9507528305054,59.2898435592651,62.0417369842529,64.7882270812989,68.3322200775146,62.5332223892212,59.1299903869629,56.7051782608032,53.4201667785644,52.2158750534058,54.7473484039307,53.7767602920532,53.5162799835205,58.0885814666748,64.1949310302735,64.9825859069823,61.7813066482544,60.5010225296021,55.4501895904541,49.8059646606446,43.3261871337891,41.7911458969116,44.4249738693238,50.9297208786011,53.6187173843384,57.7665298461914,65.6193805694581,61.447703742981,61.403939819336,61.5731592178345,57.5285099029541,54.2103664398194,52.7982355117798,51.8858814239502,49.2473405838013,48.650539970398,55.7670450210572,61.2274890899658
110,56.7373134613038,61.1449615478516,66.9294464111329,71.4849922180176,60.3654697418213,61.5991834640503,55.1821311950684,47.210871887207,48.3869686126709,50.1079479217529,52.3905420303344,53.9822788238525,56.3626268386841,60.2724674224853,62.6693040847779,60.2860221862793,59.1366786956788,57.513669013977,52.3609022140503,49.9381498336792,49.2060749053955,49.6159261703491,51.0568424224853,53.4145885467529,58.0361375808716,61.418416595459,62.6248750686645,60.7021781921386,59.846117591858,54.0207160949707,47.2725276947021,41.4809144973755,40.5578586578369,43.2419532775879,47.2297109603882,52.8081216812133,55.015784072876,63.7490875244141,63.6863355636596,59.6905710220337,57.6744565963745,54.3269226074219,52.4479530334472,48.0015129089356,43.8816123962403,49.6503717422485,58.5031282424926,62.0766925811768,60.8331802368163,62.0117210388183,66.5482604980469,60.7939371109009,60.5283834457398,55.6789855957031,51.5389926910401,46.7618593215942,48.3739759445191,52.0223878860474,55.3222061157227,61.5967660903931,61.8067304611207,63.0347999572753,63.6566925048828,63.4752702713013,56.5525684356689,53.1345584869385,54.7338260650635,52.4108774185181,49.0967390060425,49.0252861022949,51.6763620376587,54.8911449432373,60.1823360443114,64.3985027313232,63.7200025558471,58.5982851028443,60.7825225830079,58.746044921875,52.6866981506349,50.8237007141113,47.0819234848023,47.0376220703124,48.9201322555542,52.0622171401978,55.3017259597778,59.5408905029297,62.0090970993042,56.9118801116944,55.8072538375854,62.16168384552,61.1856595993042,56.2659387588501,53.5545051574708,59.6161170959472,59.6586210250854,59.1936721801758,61.8587602615356,64.5260883331299,67.9252988815308,62.1903495788574,59.4733129501343,58.2564207077026,56.0821813583374,54.499655342102,56.1347633361816,54.5567832946777,54.3588390350342,59.0522357940674,64.2034832000733,64.5977622985839,60.9643573760987,60.0470779418945,55.906704711914,50.8101560592651,44.5629169464111,43.8536418914795,46.2221029281617,51.4999719619751,53.2125093460082,57.0965969085694,64.90066280365,61.2500665664673,61.517467880249,62.3432037353516,58.2154951095582,54.6960407257081,53.7811183929443,52.2433658599853,48.9292184829711,47.7692903518678,54.4754167556763,59.7834209442139
111,50.4945640563964,55.7169368743896,62.7442726135253,66.8288341522218,54.1971334457398,55.1889505386352,47.9769233703613,39.2052589416504,40.4063438415527,42.7115501403809,45.3672912597655,47.5543581008911,50.3631391525269,54.9646614074707,57.8077690124512,54.9866985321045,53.1907506942749,51.2688848495484,44.9502174377442,41.8104368209839,41.2147054672241,41.8955905914307,43.745468711853,46.5312902450561,51.7687623977661,55.9773284912109,57.6678401947022,55.5278745651246,54.240393447876,47.4692428588868,39.6760328292847,33.4694211006164,33.044931602478,35.8882209777832,40.317053604126,47.0030399322511,49.7130268096925,59.2956783294678,58.8072359085083,54.178551864624,51.4388717651367,47.0284418106078,44.3726356506348,39.2107088088989,35.076743888855,41.2093589782715,51.6649364471435,56.737776184082,56.197947692871,57.6305488586426,62.2725311279297,55.3260789871216,54.3879341125488,48.5065563201905,43.2545223236084,38.1442548751831,39.797124671936,44.2001438140869,48.2013181686402,55.5442300796508,56.8027212142944,58.5007448196412,59.4089372634888,58.9079973220825,50.4412939071655,45.7557559967041,47.035800743103,44.3397077560425,40.6199533462524,40.5879550933838,43.4636919021607,47.193733215332,53.8062137603759,58.8947441101074,58.78157787323,53.1655923843383,54.6016063690186,52.1657594680786,45.3225479125976,42.9554779052734,39.0817783355713,39.1570472717285,41.1371086120606,44.5947771072388,48.609969329834,53.6301942825318,56.7809518814087,51.4722038269043,49.7276041030884,56.4690931320191,55.5772918701172,49.6818201065063,46.5277439117431,53.2145092010498,54.0231674194336,53.8329572677612,56.6942794799805,59.6507659912109,63.7301362991333,57.4590114593506,53.7789737701416,52.1993991851807,49.6858291625977,47.7796270370483,49.7015182495117,48.365923690796,48.4071729660034,54.3251819610597,59.6342548370361,60.5067554473877,56.5296237945556,54.9021104812621,50.1753868103027,43.9801052093507,36.799988746643,35.9323740005493,38.5801902770996,44.7569931030273,47.1793642044068,51.8440265655518,59.9171171188355,56.2907835006714,56.5480167388916,57.2778177261353,52.3359060287476,47.7333389282227,46.453900718689,44.6391584396362,41.1224185943603,39.9666372299194,47.2269428253174,53.7846227645874
112,50.1882534027099,55.6843685150146,62.9589202880859,66.7016674041748,54.1350984573364,55.0610237121582,47.6855758666992,39.0351739883423,40.3933769226074,42.7875705718994,45.455550956726,47.6444561004639,50.3659183502197,54.9267318725586,57.9452968597412,55.0998424530029,53.17799243927,51.1972162246704,44.793999671936,41.511547088623,40.9396152496338,41.6566047668457,43.47691822052,46.2426603317261,51.5245204925538,55.7864009857177,57.5458030700684,55.5660400390624,54.2722064971924,47.4875650405884,39.7300836563111,33.5003006935119,33.174853515625,35.9853845596314,40.4009990692139,47.1816673278808,50.0020874023438,59.4784132003784,58.8822870254516,54.1590354919434,51.3587266921998,46.9735994338989,44.2155607223511,38.9887594223023,34.9354748725891,41.0159589767456,51.4818708419799,56.7485895156861,56.20419921875,57.7868888854981,62.3958431243896,55.3017572402954,54.2808557510376,48.448398590088,43.1146934509278,37.9875154495239,39.6316919326782,44.0494707107544,48.089317893982,55.4512491226196,56.7691673278808,58.6384073257447,59.5433559417725,59.166297340393,50.5597663879394,45.8194009780884,47.0467121124267,44.3426088333129,40.5869243621826,40.578388786316,43.3573652267456,46.9384986877441,53.8193820953369,58.8892147064209,59.2014457702637,53.382903289795,54.5566453933715,51.8926082611084,45.1045269012451,42.8075847625732,39.0294395446777,39.2467639923096,41.1623931884765,44.5330501556396,48.5308277130127,53.7224136352539,56.8998851776122,51.6486751556396,50.0039310455322,56.8522962570191,55.7775220870972,49.8260799407959,46.7107563018799,52.9936773300171,53.9125127792359,53.752353477478,56.7878719329834,59.7279426574707,64.1861148834229,58.2704990386963,54.1854406356812,52.4377004623413,49.7513416290284,47.6127672195435,49.574009513855,48.204689025879,48.2157680511475,54.1964500427246,60.0624502182007,61.5966361999512,58.4223417282105,56.274923324585,51.0264232635498,44.7090539932251,37.4541677474976,36.4917146682739,39.2113302230835,45.5359712600708,48.1566158294678,52.9515804290772,60.3142230987549,56.3439548492432,56.7010328292847,57.4805097579956,52.4115282058715,47.7768878936767,46.638935470581,44.8359115600586,41.3109401702881,40.2293601989746,47.4976139068603,54.0571022033691
113,50.6337944030762,55.1530570983886,61.2906902313233,67.5696285247803,55.1391057968141,55.7956846237183,48.4640092849732,40.0054977416992,41.3439031600952,43.8136625289917,46.4920803070068,48.5194711685181,50.9475374221802,54.8471527099611,58.7579524993896,55.4619894027711,53.4737289428712,51.5200965881348,45.3861753463745,41.9297637939453,41.3370901107788,41.9238857269287,43.639182472229,46.2157829284669,51.2359947204589,55.3632232666016,57.7468519210815,55.9299289703369,54.5932767868042,48.0065425872802,40.5350772857666,34.2208060264588,33.6604677200317,36.2883977890015,40.5771499633789,47.1986631393432,50.0528709411622,59.1732725143433,59.0241466522216,54.242431640625,51.6765403747559,47.7782461166382,45.2610153198242,40.3333311080932,36.27158203125,42.2169637680054,52.4449226379394,57.160182762146,56.3263351440429,57.6639324188233,62.6518674850464,55.6004268646241,54.6528524398804,49.2109216690063,44.2773185729981,39.3851625442505,41.004188156128,45.5201278686523,49.5141300201417,56.3987661361694,57.0086429595947,58.7853620529174,59.9514610290528,60.0781169891357,51.5383192062377,47.2374229431152,48.8855447769165,46.387947845459,42.5973455429077,42.4097082138062,45.0094596862793,48.1543468475343,54.690520477295,59.4362842559815,60.5805883407593,54.3570735931397,55.5163694381714,52.7815622329712,46.1552101135254,43.9584892272949,40.1559270858764,40.3365737915039,42.0498298645019,45.2352989196777,48.9526264190674,54.0727067947388,57.0957054138184,51.9404075622558,50.543010520935,57.6265909194947,56.27717628479,50.3793853759765,47.5664112091065,53.6772165298461,54.3220081329346,53.8836669921875,56.7830039978027,59.5421566009521,64.5612895965576,59.7548908233643,54.9975120544433,53.2175691604615,50.5934999465943,48.3715610504151,50.2890211105347,48.8932720184325,48.7253486633301,53.9673278808594,60.0780611038208,61.0035587310791,59.4388286590577,57.2639877319336,51.7771844863891,45.7848501205444,38.887645149231,37.9743076324462,40.5066452026367,46.8667545318603,49.4890083312988,53.8148971557617,60.5994894027711,56.4072082519531,57.0849256515503,57.8653497695923,52.8969568252564,48.5185005187988,47.7237216949463,46.0662822723389,42.5592023849488,41.4485971450806,48.535785484314,54.7680553436279
114,54.9492206573486,58.4462505340576,63.1806018829346,71.2509086608887,59.9648893356323,60.1496185302734,53.5096792221069,45.2431953430176,46.2365367889404,48.7911363601685,51.7168155670166,53.8761234283446,55.854984664917,58.9013362884521,61.5725006103516,58.9527046203613,56.8441593170166,54.4992303848267,48.6110940933227,43.9240684509277,42.9553524017334,43.023351097107,44.4782304763794,46.9552024841309,51.2582122802734,54.7250984191895,57.3705810546876,57.0990377426148,55.0923885345459,48.1873584747315,40.6822469711303,35.1444806098938,35.7315944671631,37.5142408370971,40.7531246185302,45.9500631332397,47.9989883422852,54.7219984054565,58.3922525405884,56.0745407104492,53.0335472106933,49.2651165008545,45.1112787246705,40.2867488861085,36.8120038986206,42.2649543762207,51.9018272399903,56.6041290283203,57.5051044464111,59.3460300445556,65.2258712768555,59.8638662338257,58.1119573593139,53.0370258331298,47.926937866211,43.0948560714722,44.1288414001464,48.605904006958,52.1232191085815,58.4073879241943,60.001336479187,61.8842235565186,63.407933807373,63.460437965393,55.6924055099487,51.3387784957886,52.8673685073853,49.4444213867187,45.4767404556275,44.4541522979736,46.7572931289673,49.8177272796631,55.7774574279786,60.6319858551026,62.2410625457764,58.6171400070191,59.7770256042481,56.7064840316772,50.5596237182617,47.107981300354,42.7362234115601,42.2890611648559,43.4610984802246,45.9325677871704,49.0244129180908,53.3789003372192,56.696954536438,53.3853681564331,51.9214962005616,58.8009111404419,59.2240705490112,53.3131301879883,51.4559640884399,55.9067049026489,56.9493482589722,56.6642358779906,59.5712614059449,61.6563270568846,66.4797904968262,63.056609916687,58.9101610183716,56.5296426773071,53.4689392089844,50.2559253692627,51.0796573638916,49.495147895813,48.914416885376,53.6169803619385,60.984867286682,63.2060516357422,62.4429359436035,59.8330755233765,55.0953371047974,49.1700529098511,42.107392692566,40.9669816970825,41.5626039505005,47.0664371490478,50.0305797576904,54.4615482330322,61.4360816955567,60.5357898712158,62.1913333892822,62.7164747238159,57.3691297531128,52.3937751770019,50.7491199493408,47.8701499938965,43.7799083709717,42.3505344390869,48.0203367233276,53.541929244995
115,55.8842136383056,60.1298774719238,66.1557987213135,71.8034881591797,60.3008764266967,61.4520467758179,53.9666471481324,45.2976999282836,46.5382793426513,48.7171909332276,51.3434078216552,53.2200700759887,55.799556350708,59.9368453979493,63.7433113098145,60.3457050323486,58.4488531112671,56.415752029419,51.1814493179321,48.6598209381104,48.1632331848144,49.1457723617554,51.1804800033569,53.4931798934936,57.9999496459961,61.5280139923096,63.630926322937,60.8324638366699,59.6871786117554,53.7298984527588,46.9559427261353,40.1298076629638,38.0485202789307,40.8052721023559,45.2703306198121,51.7486446380616,54.3932266235352,63.7737449645995,63.3534585952759,59.1545057296753,57.0631952285766,54.0012292861939,52.6580089569092,48.3140743255615,43.9176412582398,49.9501098632813,59.641872215271,62.521630859375,60.617219543457,61.7983470916749,67.0921352386474,60.6555879592896,60.1842922210694,55.3110551834106,51.0034072875976,46.0562694549561,47.7898241043091,52.126881980896,55.8098962783813,62.0018589019775,61.68191280365,62.9912071228027,63.7623588562012,63.7365991592407,56.4357475280761,53.208222770691,55.2105417251587,53.1815166473388,49.6669895172118,49.6715757369995,52.594979095459,56.0187305450439,61.2215957641602,64.890432357788,64.4286209106445,58.4622276306153,60.5732204437255,58.6572696685791,52.120057106018,50.0070713043214,45.7401973724365,45.793743133545,47.9297908782959,51.5514957427979,55.1396232604981,59.699570274353,62.168997001648,56.5930305480957,55.3110998153686,62.2493896484375,61.0275075912476,55.5256334304809,52.1609138488771,58.659979057312,59.1497333526611,58.76190700531,61.3902156829834,63.8743350982666,68.021647644043,62.3131164550781,59.1960069656372,58.0598846435547,55.7596357345581,54.0766820907593,55.9700887680054,54.3558048248291,54.1775651931762,59.0472229003906,64.3789211273194,64.8405040740967,61.8891868591309,60.3592239379883,55.7565580368042,50.0045602798462,42.9778671264648,41.6006822586059,44.3387773513793,50.9373880386353,53.2272485733033,57.1921798706055,65.2391941070556,61.0482767105103,61.4031639099121,62.3091636657714,57.8827140808105,54.254842376709,53.6104026794434,52.4174337387085,49.0999088287353,48.0013467788697,55.3444305419922,61.1941688537598
116,54.8409854888916,59.203246307373,65.5357402801513,71.6492717742919,59.689426612854,60.931896018982,53.3224653244018,44.5903558731079,45.8430496215821,48.0625999450684,50.8372951507568,52.8824649810792,55.5028076171875,59.6643127441406,64.126000213623,60.5112171173096,58.2446462631225,55.8356269836426,50.2774839401245,47.4460964202881,46.8042345046997,47.789475440979,49.919317817688,52.3878364562987,57.3363574981689,61.3542808532716,63.8001468658447,61.1446628570557,59.771268081665,53.2831914901733,46.1734703063965,39.1576606750489,37.4753063201904,40.3192026138306,44.9079807281494,51.8323083877564,54.6622615814209,64.4883811950683,63.6372232437134,59.2214309692383,56.7099077224731,53.0593820571899,51.1625019073486,46.1894205093384,41.5765027999878,47.7230880737304,58.1327589035035,62.1683612823486,60.6235237121582,62.1564025878906,66.9927341461182,60.4178020477295,59.5681335449219,54.1032819747925,49.17160987854,44.236001777649,45.895767402649,50.3305795669556,54.2384773254394,61.0801523208618,61.452307510376,63.1657089233399,64.0385478973389,63.5530324935913,55.9018182754517,52.1943475723266,54.0130292892456,51.6563333511353,47.9302360534669,47.8251691818237,50.5764688491822,54.1811210632324,60.4706161499023,64.7713241577148,64.4456588745118,58.3329814910889,59.9636610031128,57.7511497497558,51.053448677063,48.7366018295288,44.4515272140503,44.377123260498,46.3874198913574,49.9200880050659,53.7722484588623,58.6380977630616,61.6198728561401,56.2502473831177,54.9153934478759,61.9455156326294,60.8813554763794,55.0860670089721,51.7148107528686,58.4225395202637,58.9785623550415,58.6233528137207,61.249412727356,63.8882160186768,67.9605621337892,62.2223474502564,58.9517278671265,57.8614881515503,55.6176561355591,53.6655076980591,55.3410234451293,53.5603319168091,53.4479415893554,58.899320602417,64.2258014678956,64.9673843383788,61.9710498809814,60.3039077758789,55.5426210403442,49.3587968826295,41.9972385406495,40.5810697555542,43.2345611572266,49.7975658416747,52.2160707473755,56.7872901916504,64.7889638900756,60.8447515487671,61.1495416641236,62.3018342971802,57.5909114837647,53.531025505066,52.8607618331909,51.3408149719238,47.7536167144775,46.4153272628784,53.8148775100709,60.1449726104736
117,50.2114658355713,53.797848892212,60.3531887054444,68.215185546875,55.523010635376,56.6154615402221,48.843253326416,40.378579711914,41.8497430801391,44.1118934631348,46.9226669311524,48.8817609786987,51.4323192596436,55.2956912994385,60.6293006896972,56.5139596939087,54.137346458435,51.8486427307128,46.1723615646363,43.3225391387939,42.7912952423096,43.8410999298096,45.9411100387573,48.296190071106,53.3008846282958,56.9104076385497,60.0592231750489,57.932956123352,55.7934715270996,49.1166620254517,41.9430461883544,35.2575536727905,34.0783348083496,36.8456981658935,41.3269495010376,48.212184715271,50.9718898773194,60.6326351165771,59.9215461730956,54.5823007583618,52.1196403503417,48.7254510879516,46.8643499374389,42.0460948944092,37.6761850357055,43.9335540771484,54.3474342346191,58.1787607192993,56.5910337448121,57.9548408508301,63.1251459121704,55.7018623352051,54.9435188293458,49.6286954879761,44.7232378005981,39.9751874923706,41.8521810531616,46.4164682388306,50.3592163085938,57.1418411254883,57.0385423660278,58.9947357177735,60.3705104827881,60.5488117218018,51.9052238464356,48.0911581039428,50.0058645248414,47.757666015625,44.0661853790283,43.9773401260376,46.6357181549073,49.738890838623,56.0764324188233,59.9961158752442,61.8904623031616,55.4924520492554,56.2783752441406,53.4382434844971,46.5685438156128,44.2833181381226,40.1844076156617,40.3501235961914,42.2956663131714,45.6945245742798,49.3775897979736,54.5839229583741,57.6438583374024,52.0113674163819,50.7093282699585,57.9323835372925,56.419822883606,50.4206815719605,47.1242860794067,53.9205062866211,54.5365190505981,54.1158813476563,56.7803386688233,59.48424949646,64.8684070587159,60.1072681427002,55.2577741622926,53.7546018600464,51.3695817947387,49.2638639450073,51.1485786437988,49.4990449905396,49.3956203460693,53.8601051330567,59.6357950210571,59.7983905792237,58.46672706604,56.8244745254516,51.5775043487549,45.3081922531129,38.2740440368652,37.2776870727539,40.0559957504272,46.6451950073243,49.047841644287,53.0312362670899,60.9656511306763,56.4097187042236,57.3008817672729,58.2350093841552,53.1289375305175,48.878532409668,48.2978164672851,46.8994606018066,43.4679023742677,42.2934953689575,49.7857172012329,55.9909477233887
118,65.4349254608154,69.2846870422363,75.5094539642334,81.6225650787353,70.8748310089111,72.3758586883545,65.2002964019775,56.7749813079833,58.0528841018677,60.264659690857,62.9781715393067,64.9268482208252,67.3520275115967,70.820083618164,75.8926380157471,72.2058685302735,69.7847042083739,67.5961124420165,62.028768157959,58.6733047485352,57.8392461776733,58.5697307586669,60.4102550506593,62.6598388671876,67.4626239776613,70.8879531860352,73.7465476989747,72.9411464691163,71.1622837066651,64.581103515625,57.2351879119873,50.1607828140259,48.616653251648,51.0005102157593,55.124524307251,61.8166564941406,64.6020992279054,73.7140632629394,75.0395935058593,70.2663024902344,67.5521572113037,64.0816261291503,61.6711563110351,56.6803432464599,52.2932182312012,58.2849952697755,68.5095474243164,73.4452220916749,72.8745880126953,74.275936126709,78.1406929016113,71.6821792602539,70.8496212005615,65.6244277954101,60.5522260665893,55.4940528869628,56.8988780975342,61.0793891906739,64.7296863555909,71.7502880096435,73.0261581420899,74.9252891540527,76.2226131439208,76.3514640808106,68.0996810913086,64.1735294342041,65.8074142456055,63.2527412414551,59.2886659622192,58.796174621582,61.0000612258911,63.9894313812256,70.4009624481201,74.6386417388915,76.3293769836426,71.4594442367554,72.1446838378907,69.3247596740723,62.5623296737671,60.0039531707764,55.7375770568848,55.7184825897216,57.3673460006713,60.5021549224853,64.0281307220459,68.8966201782227,72.541554260254,67.6089200973511,66.2108943939209,73.3510681152344,72.3585132598877,66.5240550994874,63.2494037628174,69.2674343109131,70.2248844146728,70.120421218872,73.0517219543457,75.5770065307617,79.4986743927002,75.551286315918,71.4333812713623,69.7838352203369,67.0758098602295,64.5595008850098,65.9972438812255,64.1402345657348,63.8785696029662,68.6841384887696,75.5124309539794,76.3824203491211,74.3389682769776,72.6166992187499,67.5179901123047,61.1108409881592,53.6773445129394,52.4302478790283,54.9650451660156,61.3781888961792,63.8646911621094,68.2404685974121,76.2026065826416,72.468398284912,73.526611328125,74.2982730865479,69.2651565551758,64.846448135376,63.8533096313476,61.8695545196533,58.1078722000122,56.7008424758912,63.6802669525147,70.1131420135498
119,52.5984481811524,56.1892379760742,62.0880283355714,67.0258399963378,55.4420045852661,57.0759614944458,50.9164873123169,43.1045080184937,44.5396709442139,47.0624792098999,50.0623422622682,52.2957366943359,54.3279487609864,57.3867141723633,60.7766426086426,57.415901184082,55.0709554672242,52.6697856903077,47.2755199432373,43.0822959899902,42.1680517196656,42.5632833480835,44.0880083084107,46.230832862854,50.182829284668,53.1805946350097,55.8494123458863,55.6908233642578,53.2778120040893,46.3197261810302,39.1719891548157,34.6265398979187,35.8536741256714,37.5220823287964,40.5867023468017,45.656404876709,47.4618953704834,53.9308332443237,57.292075920105,54.4104536056519,51.0076656341552,47.4190361022949,43.3734693527221,39.0183229446411,36.1600570678711,41.9676223754883,51.707485961914,56.3224487304688,57.0417896270751,58.761672592163,63.0714458465577,56.7908414840698,55.29038772583,50.4328857421875,45.200740814209,40.6489519119263,42.0285015106201,46.3071647644042,49.6666652679443,56.2279035568237,57.9381280899048,60.3519941329956,62.028572845459,61.7697750091554,53.1811290740966,49.2704711914062,50.7862035751343,47.3186803817749,43.3390748977661,42.3440753936769,44.6291049957275,47.4976291656494,53.5709865570068,57.2500980377197,58.8811061859131,56.5550920486451,57.5775817871094,54.3645372390747,48.1609046936035,44.7796154022217,40.7718618392944,40.5495197296143,41.7518133163452,44.1426626205444,46.9922515869141,51.1099328994751,54.6995061874389,51.8331760406494,50.5582160949707,57.4127096176147,57.3243717193603,50.9982366561889,48.9941492080688,53.8111709594727,55.1015270233154,54.9905834197998,57.9715246200562,59.9444007873535,64.52642993927,61.1151731491089,56.6143688201904,54.4417886734009,51.4612064361573,48.1468311309815,48.823851776123,47.2948951721192,47.0252428054809,51.8862236022949,59.433229446411,62.1848941802979,60.7864892959595,57.6643861770629,52.6638612747193,46.3510969161987,39.3721881866455,38.7426122665405,39.7624383926392,45.2580736160278,48.1637559890747,52.4366558074951,59.6901121139527,58.3150510787964,60.428504371643,60.3194719314575,54.7885049819946,49.7676725387573,47.9257930755616,44.8302082061768,41.0944803237915,39.9439449310303,45.6521406173707,51.3980592727662
